captured_at,conference,report_id,publish_date,posted_time,time_zone,report_type,team,opponent,number,player,status,exempt
2026-09-25T01:04:09+00:00,ACC,2814,2026-09-23,23:00:00,ET,Update 1,California,Clemson,17,Alonzo Esparza,Available,NonExempt
2026-09-25T01:04:09+00:00,ACC,2814,2026-09-23,23:00:00,ET,Update 1,California,Clemson,14,Dominic Ingrassia,Available,NonExempt
2026-09-25T01:04:09+00:00,ACC,2814,2026-09-23,23:00:00,ET,Update 1,California,Clemson,2,EJ Caminong,Available,NonExempt
2026-09-25T01:04:09+00:00,ACC,2814,2026-09-23,23:00:00,ET,Update 1,California,Clemson,11,Jackson Brousseau,Available,NonExempt
2026-09-25T01:04:09+00:00,ACC,2814,2026-09-23,23:00:00,ET,Update 1,California,Clemson,3,Jaron-Keawe Sagapolutele,Available,NonExempt
2026-09-25T01:04:09+00:00,ACC,2814,2026-09-23,23:00:00,ET,Update 1,California,Clemson,18,Nainoa Lopes,Available,NonExempt
2026-09-25T01:04:09+00:00,ACC,2814,2026-09-23,23:00:00,ET,Update 1,Clemson,California,5,Brock Bradley,Available,NonExempt
2026-09-25T01:04:09+00:00,ACC,2814,2026-09-23,23:00:00,ET,Update 1,Clemson,California,17,Christopher Vizzina,Probable,NonExempt
2026-09-25T01:04:09+00:00,ACC,2814,2026-09-23,23:00:00,ET,Update 1,Clemson,California,9,Colson Brown,Available,NonExempt
2026-09-25T01:04:09+00:00,ACC,2814,2026-09-23,23:00:00,ET,Update 1,Clemson,California,2,Tait Reynolds,Available,NonExempt
2026-09-25T01:04:09+00:00,ACC,2814,2026-09-23,23:00:00,ET,Update 1,Clemson,California,14,Trent Pearman,Available,NonExempt
2026-09-25T01:04:09+00:00,ACC,2917,2026-09-23,23:00:00,ET,Initial,Georgia Tech,Stanford,15,Alberto Mendoza,Available,NonExempt
2026-09-25T01:04:09+00:00,ACC,2917,2026-09-23,23:00:00,ET,Initial,Georgia Tech,Stanford,18,Ben Guthrie,Available,NonExempt
2026-09-25T01:04:09+00:00,ACC,2917,2026-09-23,23:00:00,ET,Initial,Georgia Tech,Stanford,12,Cole Bergeron,Available,NonExempt
2026-09-25T01:04:09+00:00,ACC,2917,2026-09-23,23:00:00,ET,Initial,Georgia Tech,Stanford,9,Grady Adamson,Available,NonExempt
2026-09-25T01:04:09+00:00,ACC,2917,2026-09-23,23:00:00,ET,Initial,Georgia Tech,Stanford,14,Graham Knowles,Available,NonExempt
2026-09-25T01:04:09+00:00,ACC,2917,2026-09-23,23:00:00,ET,Initial,Stanford,Georgia Tech,17,Charlie Mirer,Available,NonExempt
2026-09-25T01:04:09+00:00,ACC,2917,2026-09-23,23:00:00,ET,Initial,Stanford,Georgia Tech,8,Davis Warren,Available,NonExempt
2026-09-25T01:04:09+00:00,ACC,2917,2026-09-23,23:00:00,ET,Initial,Stanford,Georgia Tech,27,Devin Mignery,Available,NonExempt
2026-09-25T01:04:09+00:00,ACC,2917,2026-09-23,23:00:00,ET,Initial,Stanford,Georgia Tech,10,Dylan Rizk,Available,NonExempt
2026-09-25T01:04:09+00:00,ACC,2917,2026-09-23,23:00:00,ET,Initial,Stanford,Georgia Tech,9,Michael Mitchell Jr.,Available,NonExempt
2026-09-25T21:20:00+00:00,ACC,2815,2026-09-24,23:00:00,ET,Update 2,California,Clemson,17,Alonzo Esparza,Available,NonExempt
2026-09-25T21:20:00+00:00,ACC,2815,2026-09-24,23:00:00,ET,Update 2,California,Clemson,14,Dominic Ingrassia,Available,NonExempt
2026-09-25T21:20:00+00:00,ACC,2815,2026-09-24,23:00:00,ET,Update 2,California,Clemson,2,EJ Caminong,Available,NonExempt
2026-09-25T21:20:00+00:00,ACC,2815,2026-09-24,23:00:00,ET,Update 2,California,Clemson,11,Jackson Brousseau,Available,NonExempt
2026-09-25T21:20:00+00:00,ACC,2815,2026-09-24,23:00:00,ET,Update 2,California,Clemson,3,Jaron-Keawe Sagapolutele,Available,NonExempt
2026-09-25T21:20:00+00:00,ACC,2815,2026-09-24,23:00:00,ET,Update 2,California,Clemson,18,Nainoa Lopes,Available,NonExempt
2026-09-25T21:20:00+00:00,ACC,2815,2026-09-24,23:00:00,ET,Update 2,Clemson,California,5,Brock Bradley,Available,NonExempt
2026-09-25T21:20:00+00:00,ACC,2815,2026-09-24,23:00:00,ET,Update 2,Clemson,California,17,Christopher Vizzina,Probable,NonExempt
2026-09-25T21:20:00+00:00,ACC,2815,2026-09-24,23:00:00,ET,Update 2,Clemson,California,9,Colson Brown,Available,NonExempt
2026-09-25T21:20:00+00:00,ACC,2815,2026-09-24,23:00:00,ET,Update 2,Clemson,California,2,Tait Reynolds,Available,NonExempt
2026-09-25T21:20:00+00:00,ACC,2815,2026-09-24,23:00:00,ET,Update 2,Clemson,California,14,Trent Pearman,Available,NonExempt
2026-09-25T21:20:00+00:00,ACC,2826,2026-09-24,20:00:00,ET,Update 1,Louisville,Wake Forest,10,Briggs Cherry,Available,NonExempt
2026-09-25T21:20:00+00:00,ACC,2826,2026-09-24,20:00:00,ET,Update 1,Louisville,Wake Forest,11,Davin Wydner,Available,NonExempt
2026-09-25T21:20:00+00:00,ACC,2826,2026-09-24,20:00:00,ET,Update 1,Louisville,Wake Forest,3,Lincoln Kienholz,Available,NonExempt
2026-09-25T21:20:00+00:00,ACC,2826,2026-09-24,20:00:00,ET,Update 1,Louisville,Wake Forest,19,Mason Fields,Available,NonExempt
2026-09-25T21:20:00+00:00,ACC,2826,2026-09-24,20:00:00,ET,Update 1,Louisville,Wake Forest,17,Ryan Zimmerman,Available,NonExempt
2026-09-25T21:20:00+00:00,ACC,2826,2026-09-24,20:00:00,ET,Update 1,Wake Forest,Louisville,13,Billy Johnson,Available,NonExempt
2026-09-25T21:20:00+00:00,ACC,2826,2026-09-24,20:00:00,ET,Update 1,Wake Forest,Louisville,15,Gannon Jones,Available,NonExempt
2026-09-25T21:20:00+00:00,ACC,2826,2026-09-24,20:00:00,ET,Update 1,Wake Forest,Louisville,3,Gio Lopez,Probable,NonExempt
2026-09-25T21:20:00+00:00,ACC,2826,2026-09-24,20:00:00,ET,Update 1,Wake Forest,Louisville,17,Grant Lawless,Available,NonExempt
2026-09-25T21:20:00+00:00,ACC,2826,2026-09-24,20:00:00,ET,Update 1,Wake Forest,Louisville,6,Steele Pizzella,Available,NonExempt
2026-09-25T21:20:00+00:00,ACC,2834,2026-09-24,20:00:00,ET,Update 1,Boston College,Virginia Tech,18,Anthony Coellner,Available,NonExempt
2026-09-25T21:20:00+00:00,ACC,2834,2026-09-24,20:00:00,ET,Update 1,Boston College,Virginia Tech,13,Enzo Arjona,Available,NonExempt
2026-09-25T21:20:00+00:00,ACC,2834,2026-09-24,20:00:00,ET,Update 1,Boston College,Virginia Tech,11,Femi Babalola,Available,NonExempt
2026-09-25T21:20:00+00:00,ACC,2834,2026-09-24,20:00:00,ET,Update 1,Boston College,Virginia Tech,15,Grayson Wilson,Available,NonExempt
2026-09-25T21:20:00+00:00,ACC,2834,2026-09-24,20:00:00,ET,Update 1,Boston College,Virginia Tech,7,Jake Coniglio,Available,NonExempt
2026-09-25T21:20:00+00:00,ACC,2834,2026-09-24,20:00:00,ET,Update 1,Boston College,Virginia Tech,10,Mason McKenzie,Available,NonExempt
2026-09-25T21:20:00+00:00,ACC,2834,2026-09-24,20:00:00,ET,Update 1,Virginia Tech,Boston College,22,Bryce Baker,Available,NonExempt
2026-09-25T21:20:00+00:00,ACC,2834,2026-09-24,20:00:00,ET,Update 1,Virginia Tech,Boston College,17,Ethan Grunkemeyer,Available,NonExempt
2026-09-25T21:20:00+00:00,ACC,2834,2026-09-24,20:00:00,ET,Update 1,Virginia Tech,Boston College,12,Kelden Ryan,Available,NonExempt
2026-09-25T21:20:00+00:00,ACC,2834,2026-09-24,20:00:00,ET,Update 1,Virginia Tech,Boston College,14,Troy Huhn,Available,NonExempt
2026-09-25T21:20:00+00:00,ACC,2918,2026-09-24,23:00:00,ET,Update 1,Georgia Tech,Stanford,15,Alberto Mendoza,Available,NonExempt
2026-09-25T21:20:00+00:00,ACC,2918,2026-09-24,23:00:00,ET,Update 1,Georgia Tech,Stanford,18,Ben Guthrie,Available,NonExempt
2026-09-25T21:20:00+00:00,ACC,2918,2026-09-24,23:00:00,ET,Update 1,Georgia Tech,Stanford,12,Cole Bergeron,Available,NonExempt
2026-09-25T21:20:00+00:00,ACC,2918,2026-09-24,23:00:00,ET,Update 1,Georgia Tech,Stanford,9,Grady Adamson,Available,NonExempt
2026-09-25T21:20:00+00:00,ACC,2918,2026-09-24,23:00:00,ET,Update 1,Georgia Tech,Stanford,14,Graham Knowles,Available,NonExempt
2026-09-25T21:20:00+00:00,ACC,2918,2026-09-24,23:00:00,ET,Update 1,Stanford,Georgia Tech,17,Charlie Mirer,Available,NonExempt
2026-09-25T21:20:00+00:00,ACC,2918,2026-09-24,23:00:00,ET,Update 1,Stanford,Georgia Tech,8,Davis Warren,Available,NonExempt
2026-09-25T21:20:00+00:00,ACC,2918,2026-09-24,23:00:00,ET,Update 1,Stanford,Georgia Tech,27,Devin Mignery,Available,NonExempt
2026-09-25T21:20:00+00:00,ACC,2918,2026-09-24,23:00:00,ET,Update 1,Stanford,Georgia Tech,10,Dylan Rizk,Available,NonExempt
2026-09-25T21:20:00+00:00,ACC,2918,2026-09-24,23:00:00,ET,Update 1,Stanford,Georgia Tech,9,Michael Mitchell Jr.,Available,NonExempt
2026-09-25T21:20:00+00:00,SEC,2818,2026-09-24,19:10:00,CT,Update 1,Tennessee,Texas,11,Faizon Brandon,Available,NonExempt
2026-09-25T21:20:00+00:00,SEC,2818,2026-09-24,19:10:00,CT,Update 1,Tennessee,Texas,12,George MacIntyre,Available,NonExempt
2026-09-25T21:20:00+00:00,SEC,2818,2026-09-24,19:10:00,CT,Update 1,Tennessee,Texas,13,Mason Phillips,Exempt,Exempt
2026-09-25T21:20:00+00:00,SEC,2818,2026-09-24,19:10:00,CT,Update 1,Tennessee,Texas,8,Ryan Staub,Available,NonExempt
2026-09-25T21:20:00+00:00,SEC,2818,2026-09-24,19:10:00,CT,Update 1,Texas,Tennessee,16,Arch Manning,Available,NonExempt
2026-09-25T21:20:00+00:00,SEC,2818,2026-09-24,19:10:00,CT,Update 1,Texas,Tennessee,6,Dia Bell,Available,NonExempt
2026-09-25T21:20:00+00:00,SEC,2818,2026-09-24,19:10:00,CT,Update 1,Texas,Tennessee,9,"Karle ""KJ"" Lacey Jr.",Available,NonExempt
2026-09-25T21:20:00+00:00,SEC,2818,2026-09-24,19:10:00,CT,Update 1,Texas,Tennessee,25,Luke Dunham,Exempt,Exempt
2026-09-25T21:20:00+00:00,SEC,2818,2026-09-24,19:10:00,CT,Update 1,Texas,Tennessee,19,MJ Morris,Available,NonExempt
2026-09-25T21:20:00+00:00,SEC,2847,2026-09-24,19:10:00,CT,Update 1,Georgia,Oklahoma,18,Bryson Beaver,Available,NonExempt
2026-09-25T21:20:00+00:00,SEC,2847,2026-09-24,19:10:00,CT,Update 1,Georgia,Oklahoma,17,Colter Ginn,Available,NonExempt
2026-09-25T21:20:00+00:00,SEC,2847,2026-09-24,19:10:00,CT,Update 1,Georgia,Oklahoma,14,Gunner Stockton,Available,NonExempt
2026-09-25T21:20:00+00:00,SEC,2847,2026-09-24,19:10:00,CT,Update 1,Georgia,Oklahoma,19,Hezekiah Millender,Available,NonExempt
2026-09-25T21:20:00+00:00,SEC,2847,2026-09-24,19:10:00,CT,Update 1,Georgia,Oklahoma,25,Jake Bobo,Exempt,Exempt
2026-09-25T21:20:00+00:00,SEC,2847,2026-09-24,19:10:00,CT,Update 1,Georgia,Oklahoma,15,Ryan Montgomery,Available,NonExempt
2026-09-25T21:20:00+00:00,SEC,2847,2026-09-24,19:10:00,CT,Update 1,Georgia,Oklahoma,12,Ryan Puglisi,Available,NonExempt
2026-09-25T21:20:00+00:00,SEC,2847,2026-09-24,19:10:00,CT,Update 1,Oklahoma,Georgia,8,Bowe Bentley,Available,NonExempt
2026-09-25T21:20:00+00:00,SEC,2847,2026-09-24,19:10:00,CT,Update 1,Oklahoma,Georgia,15,Jett Niu,Exempt,Exempt
2026-09-25T21:20:00+00:00,SEC,2847,2026-09-24,19:10:00,CT,Update 1,Oklahoma,Georgia,10,John Mateer,Available,NonExempt
2026-09-25T21:20:00+00:00,SEC,2847,2026-09-24,19:10:00,CT,Update 1,Oklahoma,Georgia,16,Whitt Newbauer,Available,NonExempt
2026-09-25T21:20:00+00:00,SEC,2851,2026-09-24,19:10:00,CT,Update 1,Florida,Ole Miss,12,Aaron Philo,Available,NonExempt
2026-09-25T21:20:00+00:00,SEC,2851,2026-09-24,19:10:00,CT,Update 1,Florida,Ole Miss,10,Aaron Williams,Exempt,Exempt
2026-09-25T21:20:00+00:00,SEC,2851,2026-09-24,19:10:00,CT,Update 1,Florida,Ole Miss,16,Aidan Warner,Exempt,Exempt
2026-09-25T21:20:00+00:00,SEC,2851,2026-09-24,19:10:00,CT,Update 1,Florida,Ole Miss,9,Tramell Jones Jr.,Available,NonExempt
2026-09-25T21:20:00+00:00,SEC,2851,2026-09-24,19:10:00,CT,Update 1,Florida,Ole Miss,11,Will Griffin,Available,NonExempt
2026-09-25T21:20:00+00:00,SEC,2851,2026-09-24,19:10:00,CT,Update 1,Ole Miss,Florida,8,AJ Maddox,Available,NonExempt
2026-09-25T21:20:00+00:00,SEC,2851,2026-09-24,19:10:00,CT,Update 1,Ole Miss,Florida,2,Deuce Knight,Available,NonExempt
2026-09-25T21:20:00+00:00,SEC,2851,2026-09-24,19:10:00,CT,Update 1,Ole Miss,Florida,16,George Hamsley,Exempt,Exempt
2026-09-25T21:20:00+00:00,SEC,2851,2026-09-24,19:10:00,CT,Update 1,Ole Miss,Florida,13,Jack Patterson,Available,NonExempt
2026-09-25T21:20:00+00:00,SEC,2851,2026-09-24,19:10:00,CT,Update 1,Ole Miss,Florida,19,Rees Wise,Available,NonExempt
2026-09-25T21:20:00+00:00,SEC,2851,2026-09-24,19:10:00,CT,Update 1,Ole Miss,Florida,6,Trinidad Chambliss,Available,NonExempt
2026-09-25T21:20:00+00:00,SEC,2851,2026-09-24,19:10:00,CT,Update 1,Ole Miss,Florida,14,Walker Howard,Available,NonExempt
2026-09-25T21:20:00+00:00,SEC,2872,2026-09-24,19:10:00,CT,Update 1,Auburn,Vanderbilt,17,Byrum Brown,Available,NonExempt
2026-09-25T21:20:00+00:00,SEC,2872,2026-09-24,19:10:00,CT,Update 1,Auburn,Vanderbilt,16,John Colvin,Exempt,Exempt
2026-09-25T21:20:00+00:00,SEC,2872,2026-09-24,19:10:00,CT,Update 1,Auburn,Vanderbilt,3,Locklan Hewlett,Available,NonExempt
2026-09-25T21:20:00+00:00,SEC,2872,2026-09-24,19:10:00,CT,Update 1,Auburn,Vanderbilt,19,Rhys Brush,Available,NonExempt
2026-09-25T21:20:00+00:00,SEC,2872,2026-09-24,19:10:00,CT,Update 1,Auburn,Vanderbilt,10,Tristan Ti'a,Available,NonExempt
2026-09-25T21:20:00+00:00,SEC,2872,2026-09-24,19:10:00,CT,Update 1,Auburn,Vanderbilt,11,Will Myers,Exempt,Exempt
2026-09-25T21:20:00+00:00,SEC,2872,2026-09-24,19:10:00,CT,Update 1,Vanderbilt,Auburn,1,Blaze Berlowitz,Available,NonExempt
2026-09-25T21:20:00+00:00,SEC,2872,2026-09-24,19:10:00,CT,Update 1,Vanderbilt,Auburn,14,Drew Cowart,Exempt,Exempt
2026-09-25T21:20:00+00:00,SEC,2872,2026-09-24,19:10:00,CT,Update 1,Vanderbilt,Auburn,11,Jack Elliott,Available,NonExempt
2026-09-25T21:20:00+00:00,SEC,2872,2026-09-24,19:10:00,CT,Update 1,Vanderbilt,Auburn,2,Jared Curtis,Available,NonExempt
2026-09-25T21:20:00+00:00,SEC,2872,2026-09-24,19:10:00,CT,Update 1,Vanderbilt,Auburn,10,Whit Muschamp,Available,NonExempt
2026-09-25T21:20:00+00:00,SEC,2888,2026-09-24,19:10:00,CT,Update 1,Alabama,South Carolina,10,Austin Mack,Available,NonExempt
2026-09-25T21:20:00+00:00,SEC,2888,2026-09-24,19:10:00,CT,Update 1,Alabama,South Carolina,15,Jett Thomalla,Available,NonExempt
2026-09-25T21:20:00+00:00,SEC,2888,2026-09-24,19:10:00,CT,Update 1,Alabama,South Carolina,19,John Cooper,Exempt,Exempt
2026-09-25T21:20:00+00:00,SEC,2888,2026-09-24,19:10:00,CT,Update 1,Alabama,South Carolina,13,John Gazzaniga,Available,NonExempt
2026-09-25T21:20:00+00:00,SEC,2888,2026-09-24,19:10:00,CT,Update 1,Alabama,South Carolina,12,Keelon Russell,Available,NonExempt
2026-09-25T21:20:00+00:00,SEC,2888,2026-09-24,19:10:00,CT,Update 1,Alabama,South Carolina,11,Tayden-Evan Kaawa,Available,NonExempt
2026-09-25T21:20:00+00:00,SEC,2888,2026-09-24,19:10:00,CT,Update 1,South Carolina,Alabama,19,Brandon Cunningham,Exempt,Exempt
2026-09-25T21:20:00+00:00,SEC,2888,2026-09-24,19:10:00,CT,Update 1,South Carolina,Alabama,12,Cutter Woods,Available,NonExempt
2026-09-25T21:20:00+00:00,SEC,2888,2026-09-24,19:10:00,CT,Update 1,South Carolina,Alabama,25,Jimmy Francis,Exempt,Exempt
2026-09-25T21:20:00+00:00,SEC,2888,2026-09-24,19:10:00,CT,Update 1,South Carolina,Alabama,16,LaNorris Sellers,Available,NonExempt
2026-09-25T21:20:00+00:00,SEC,2888,2026-09-24,19:10:00,CT,Update 1,South Carolina,Alabama,11,Landon Duckworth,Available,NonExempt
2026-09-25T21:20:00+00:00,SEC,2888,2026-09-24,19:10:00,CT,Update 1,South Carolina,Alabama,15,Lucian Anderson III,Available,NonExempt
2026-09-25T21:20:00+00:00,SEC,2901,2026-09-24,19:10:00,CT,Update 1,LSU,Texas A&M,21,Cayden Jones,Exempt,Exempt
2026-09-25T21:20:00+00:00,SEC,2901,2026-09-24,19:10:00,CT,Update 1,LSU,Texas A&M,8,Husan Longstreet,Available,NonExempt
2026-09-25T21:20:00+00:00,SEC,2901,2026-09-24,19:10:00,CT,Update 1,LSU,Texas A&M,19,Kaden Martin,Exempt,Exempt
2026-09-25T21:20:00+00:00,SEC,2901,2026-09-24,19:10:00,CT,Update 1,LSU,Texas A&M,11,Landen Clark,Available,NonExempt
2026-09-25T21:20:00+00:00,SEC,2901,2026-09-24,19:10:00,CT,Update 1,LSU,Texas A&M,10,Sam Leavitt,Available,NonExempt
2026-09-25T21:20:00+00:00,SEC,2901,2026-09-24,19:10:00,CT,Update 1,Texas A&M,LSU,13,Brady Hart,Available,NonExempt
2026-09-25T21:20:00+00:00,SEC,2901,2026-09-24,19:10:00,CT,Update 1,Texas A&M,LSU,14,Eli Morcos,Available,NonExempt
2026-09-25T21:20:00+00:00,SEC,2901,2026-09-24,19:10:00,CT,Update 1,Texas A&M,LSU,16,Helaman Casuga,Available,NonExempt
2026-09-25T21:20:00+00:00,SEC,2901,2026-09-24,19:10:00,CT,Update 1,Texas A&M,LSU,10,Marcel Reed,Available,NonExempt
2026-09-25T21:20:00+00:00,SEC,2901,2026-09-24,19:10:00,CT,Update 1,Texas A&M,LSU,19,Paxton Land,Available,NonExempt
2026-09-25T21:20:00+00:00,SEC,2910,2026-09-24,19:10:00,CT,Update 1,Mississippi State,Missouri,17,AJ Swann,Available,NonExempt
2026-09-25T21:20:00+00:00,SEC,2910,2026-09-24,19:10:00,CT,Update 1,Mississippi State,Missouri,14,Brodie McWhorter,Exempt,Exempt
2026-09-25T21:20:00+00:00,SEC,2910,2026-09-24,19:10:00,CT,Update 1,Mississippi State,Missouri,8,Jaden Rashada,Exempt,Exempt
2026-09-25T21:20:00+00:00,SEC,2910,2026-09-24,19:10:00,CT,Update 1,Mississippi State,Missouri,1,Kamario Taylor,Available,NonExempt
2026-09-25T21:20:00+00:00,SEC,2910,2026-09-24,19:10:00,CT,Update 1,Mississippi State,Missouri,15,"Parker ""Billy"" Puckett",Available,NonExempt
2026-09-25T21:20:00+00:00,SEC,2910,2026-09-24,19:10:00,CT,Update 1,Missouri,Mississippi State,13,Austin Simmons,Available,NonExempt
2026-09-25T21:20:00+00:00,SEC,2910,2026-09-24,19:10:00,CT,Update 1,Missouri,Mississippi State,14,Brett Brown,Available,NonExempt
2026-09-25T21:20:00+00:00,SEC,2910,2026-09-24,19:10:00,CT,Update 1,Missouri,Mississippi State,7,Gavin Sidwar,Available,NonExempt
2026-09-25T21:20:00+00:00,SEC,2910,2026-09-24,19:10:00,CT,Update 1,Missouri,Mississippi State,5,Matt Zollers,Available,NonExempt
2026-09-25T21:20:00+00:00,SEC,2910,2026-09-24,19:10:00,CT,Update 1,Missouri,Mississippi State,10,Nick Evers,Available,NonExempt
2026-09-27T13:57:02+00:00,ACC,2816,2026-09-25,20:30:00,ET,Game Day,California,Clemson,17,Alonzo Esparza,Available,NonExempt
2026-09-27T13:57:02+00:00,ACC,2816,2026-09-25,20:30:00,ET,Game Day,California,Clemson,14,Dominic Ingrassia,Available,NonExempt
2026-09-27T13:57:02+00:00,ACC,2816,2026-09-25,20:30:00,ET,Game Day,California,Clemson,2,EJ Caminong,Available,NonExempt
2026-09-27T13:57:02+00:00,ACC,2816,2026-09-25,20:30:00,ET,Game Day,California,Clemson,11,Jackson Brousseau,Available,NonExempt
2026-09-27T13:57:02+00:00,ACC,2816,2026-09-25,20:30:00,ET,Game Day,California,Clemson,3,Jaron-Keawe Sagapolutele,Available,NonExempt
2026-09-27T13:57:02+00:00,ACC,2816,2026-09-25,20:30:00,ET,Game Day,California,Clemson,18,Nainoa Lopes,Available,NonExempt
2026-09-27T13:57:02+00:00,ACC,2816,2026-09-25,20:30:00,ET,Game Day,Clemson,California,5,Brock Bradley,Available,NonExempt
2026-09-27T13:57:02+00:00,ACC,2816,2026-09-25,20:30:00,ET,Game Day,Clemson,California,17,Christopher Vizzina,Available,NonExempt
2026-09-27T13:57:02+00:00,ACC,2816,2026-09-25,20:30:00,ET,Game Day,Clemson,California,9,Colson Brown,Available,NonExempt
2026-09-27T13:57:02+00:00,ACC,2816,2026-09-25,20:30:00,ET,Game Day,Clemson,California,2,Tait Reynolds,Available,NonExempt
2026-09-27T13:57:02+00:00,ACC,2816,2026-09-25,20:30:00,ET,Game Day,Clemson,California,14,Trent Pearman,Available,NonExempt
2026-09-26T15:08:58+00:00,ACC,2919,2026-09-25,23:00:00,ET,Update 2,Georgia Tech,Stanford,15,Alberto Mendoza,Available,NonExempt
2026-09-26T15:08:58+00:00,ACC,2919,2026-09-25,23:00:00,ET,Update 2,Georgia Tech,Stanford,18,Ben Guthrie,Available,NonExempt
2026-09-26T15:08:58+00:00,ACC,2919,2026-09-25,23:00:00,ET,Update 2,Georgia Tech,Stanford,12,Cole Bergeron,Available,NonExempt
2026-09-26T15:08:58+00:00,ACC,2919,2026-09-25,23:00:00,ET,Update 2,Georgia Tech,Stanford,9,Grady Adamson,Available,NonExempt
2026-09-26T15:08:58+00:00,ACC,2919,2026-09-25,23:00:00,ET,Update 2,Georgia Tech,Stanford,14,Graham Knowles,Available,NonExempt
2026-09-26T15:08:58+00:00,ACC,2919,2026-09-25,23:00:00,ET,Update 2,Stanford,Georgia Tech,17,Charlie Mirer,Available,NonExempt
2026-09-26T15:08:58+00:00,ACC,2919,2026-09-25,23:00:00,ET,Update 2,Stanford,Georgia Tech,8,Davis Warren,Available,NonExempt
2026-09-26T15:08:58+00:00,ACC,2919,2026-09-25,23:00:00,ET,Update 2,Stanford,Georgia Tech,27,Devin Mignery,Available,NonExempt
2026-09-26T15:08:58+00:00,ACC,2919,2026-09-25,23:00:00,ET,Update 2,Stanford,Georgia Tech,10,Dylan Rizk,Available,NonExempt
2026-09-26T15:08:58+00:00,ACC,2919,2026-09-25,23:00:00,ET,Update 2,Stanford,Georgia Tech,9,Michael Mitchell Jr.,Available,NonExempt
2026-09-26T14:29:40+00:00,SEC,2819,2026-09-25,19:10:00,CT,Update 2,Tennessee,Texas,11,Faizon Brandon,Available,NonExempt
2026-09-26T14:29:40+00:00,SEC,2819,2026-09-25,19:10:00,CT,Update 2,Tennessee,Texas,12,George MacIntyre,Available,NonExempt
2026-09-26T14:29:40+00:00,SEC,2819,2026-09-25,19:10:00,CT,Update 2,Tennessee,Texas,13,Mason Phillips,Exempt,Exempt
2026-09-26T14:29:40+00:00,SEC,2819,2026-09-25,19:10:00,CT,Update 2,Tennessee,Texas,8,Ryan Staub,Available,NonExempt
2026-09-26T14:29:40+00:00,SEC,2819,2026-09-25,19:10:00,CT,Update 2,Texas,Tennessee,16,Arch Manning,Available,NonExempt
2026-09-26T14:29:40+00:00,SEC,2819,2026-09-25,19:10:00,CT,Update 2,Texas,Tennessee,6,Dia Bell,Available,NonExempt
2026-09-26T14:29:40+00:00,SEC,2819,2026-09-25,19:10:00,CT,Update 2,Texas,Tennessee,9,"Karle ""KJ"" Lacey Jr.",Available,NonExempt
2026-09-26T14:29:40+00:00,SEC,2819,2026-09-25,19:10:00,CT,Update 2,Texas,Tennessee,25,Luke Dunham,Exempt,Exempt
2026-09-26T14:29:40+00:00,SEC,2819,2026-09-25,19:10:00,CT,Update 2,Texas,Tennessee,19,MJ Morris,Available,NonExempt
2026-09-26T15:08:58+00:00,SEC,2848,2026-09-25,19:10:00,CT,Update 2,Georgia,Oklahoma,18,Bryson Beaver,Available,NonExempt
2026-09-26T15:08:58+00:00,SEC,2848,2026-09-25,19:10:00,CT,Update 2,Georgia,Oklahoma,17,Colter Ginn,Available,NonExempt
2026-09-26T15:08:58+00:00,SEC,2848,2026-09-25,19:10:00,CT,Update 2,Georgia,Oklahoma,14,Gunner Stockton,Available,NonExempt
2026-09-26T15:08:58+00:00,SEC,2848,2026-09-25,19:10:00,CT,Update 2,Georgia,Oklahoma,19,Hezekiah Millender,Available,NonExempt
2026-09-26T15:08:58+00:00,SEC,2848,2026-09-25,19:10:00,CT,Update 2,Georgia,Oklahoma,25,Jake Bobo,Exempt,Exempt
2026-09-26T15:08:58+00:00,SEC,2848,2026-09-25,19:10:00,CT,Update 2,Georgia,Oklahoma,15,Ryan Montgomery,Available,NonExempt
2026-09-26T15:08:58+00:00,SEC,2848,2026-09-25,19:10:00,CT,Update 2,Georgia,Oklahoma,12,Ryan Puglisi,Available,NonExempt
2026-09-26T15:08:58+00:00,SEC,2848,2026-09-25,19:10:00,CT,Update 2,Oklahoma,Georgia,8,Bowe Bentley,Available,NonExempt
2026-09-26T15:08:58+00:00,SEC,2848,2026-09-25,19:10:00,CT,Update 2,Oklahoma,Georgia,15,Jett Niu,Exempt,Exempt
2026-09-26T15:08:58+00:00,SEC,2848,2026-09-25,19:10:00,CT,Update 2,Oklahoma,Georgia,10,John Mateer,Available,NonExempt
2026-09-26T15:08:58+00:00,SEC,2848,2026-09-25,19:10:00,CT,Update 2,Oklahoma,Georgia,16,Whitt Newbauer,Available,NonExempt
2026-09-26T15:08:58+00:00,SEC,2852,2026-09-25,19:10:00,CT,Update 2,Florida,Ole Miss,12,Aaron Philo,Available,NonExempt
2026-09-26T15:08:58+00:00,SEC,2852,2026-09-25,19:10:00,CT,Update 2,Florida,Ole Miss,10,Aaron Williams,Exempt,Exempt
2026-09-26T15:08:58+00:00,SEC,2852,2026-09-25,19:10:00,CT,Update 2,Florida,Ole Miss,16,Aidan Warner,Exempt,Exempt
2026-09-26T15:08:58+00:00,SEC,2852,2026-09-25,19:10:00,CT,Update 2,Florida,Ole Miss,9,Tramell Jones Jr.,Available,NonExempt
2026-09-26T15:08:58+00:00,SEC,2852,2026-09-25,19:10:00,CT,Update 2,Florida,Ole Miss,11,Will Griffin,Available,NonExempt
2026-09-26T15:08:58+00:00,SEC,2852,2026-09-25,19:10:00,CT,Update 2,Ole Miss,Florida,8,AJ Maddox,Available,NonExempt
2026-09-26T15:08:58+00:00,SEC,2852,2026-09-25,19:10:00,CT,Update 2,Ole Miss,Florida,2,Deuce Knight,Available,NonExempt
2026-09-26T15:08:58+00:00,SEC,2852,2026-09-25,19:10:00,CT,Update 2,Ole Miss,Florida,16,George Hamsley,Exempt,Exempt
2026-09-26T15:08:58+00:00,SEC,2852,2026-09-25,19:10:00,CT,Update 2,Ole Miss,Florida,13,Jack Patterson,Available,NonExempt
2026-09-26T15:08:58+00:00,SEC,2852,2026-09-25,19:10:00,CT,Update 2,Ole Miss,Florida,19,Rees Wise,Available,NonExempt
2026-09-26T15:08:58+00:00,SEC,2852,2026-09-25,19:10:00,CT,Update 2,Ole Miss,Florida,6,Trinidad Chambliss,Available,NonExempt
2026-09-26T15:08:58+00:00,SEC,2852,2026-09-25,19:10:00,CT,Update 2,Ole Miss,Florida,14,Walker Howard,Available,NonExempt
2026-09-26T15:08:58+00:00,SEC,2873,2026-09-25,19:10:00,CT,Update 2,Auburn,Vanderbilt,17,Byrum Brown,Available,NonExempt
2026-09-26T15:08:58+00:00,SEC,2873,2026-09-25,19:10:00,CT,Update 2,Auburn,Vanderbilt,16,John Colvin,Exempt,Exempt
2026-09-26T15:08:58+00:00,SEC,2873,2026-09-25,19:10:00,CT,Update 2,Auburn,Vanderbilt,3,Locklan Hewlett,Available,NonExempt
2026-09-26T15:08:58+00:00,SEC,2873,2026-09-25,19:10:00,CT,Update 2,Auburn,Vanderbilt,19,Rhys Brush,Available,NonExempt
2026-09-26T15:08:58+00:00,SEC,2873,2026-09-25,19:10:00,CT,Update 2,Auburn,Vanderbilt,10,Tristan Ti'a,Available,NonExempt
2026-09-26T15:08:58+00:00,SEC,2873,2026-09-25,19:10:00,CT,Update 2,Auburn,Vanderbilt,11,Will Myers,Exempt,Exempt
2026-09-26T15:08:58+00:00,SEC,2873,2026-09-25,19:10:00,CT,Update 2,Vanderbilt,Auburn,1,Blaze Berlowitz,Available,NonExempt
2026-09-26T15:08:58+00:00,SEC,2873,2026-09-25,19:10:00,CT,Update 2,Vanderbilt,Auburn,14,Drew Cowart,Exempt,Exempt
2026-09-26T15:08:58+00:00,SEC,2873,2026-09-25,19:10:00,CT,Update 2,Vanderbilt,Auburn,11,Jack Elliott,Available,NonExempt
2026-09-26T15:08:58+00:00,SEC,2873,2026-09-25,19:10:00,CT,Update 2,Vanderbilt,Auburn,2,Jared Curtis,Available,NonExempt
2026-09-26T15:08:58+00:00,SEC,2873,2026-09-25,19:10:00,CT,Update 2,Vanderbilt,Auburn,10,Whit Muschamp,Available,NonExempt
2026-09-26T15:08:58+00:00,SEC,2889,2026-09-25,19:10:00,CT,Update 2,Alabama,South Carolina,10,Austin Mack,Available,NonExempt
2026-09-26T15:08:58+00:00,SEC,2889,2026-09-25,19:10:00,CT,Update 2,Alabama,South Carolina,15,Jett Thomalla,Available,NonExempt
2026-09-26T15:08:58+00:00,SEC,2889,2026-09-25,19:10:00,CT,Update 2,Alabama,South Carolina,19,John Cooper,Exempt,Exempt
2026-09-26T15:08:58+00:00,SEC,2889,2026-09-25,19:10:00,CT,Update 2,Alabama,South Carolina,13,John Gazzaniga,Available,NonExempt
2026-09-26T15:08:58+00:00,SEC,2889,2026-09-25,19:10:00,CT,Update 2,Alabama,South Carolina,12,Keelon Russell,Available,NonExempt
2026-09-26T15:08:58+00:00,SEC,2889,2026-09-25,19:10:00,CT,Update 2,Alabama,South Carolina,11,Tayden-Evan Kaawa,Available,NonExempt
2026-09-26T15:08:58+00:00,SEC,2889,2026-09-25,19:10:00,CT,Update 2,South Carolina,Alabama,19,Brandon Cunningham,Exempt,Exempt
2026-09-26T15:08:58+00:00,SEC,2889,2026-09-25,19:10:00,CT,Update 2,South Carolina,Alabama,12,Cutter Woods,Available,NonExempt
2026-09-26T15:08:58+00:00,SEC,2889,2026-09-25,19:10:00,CT,Update 2,South Carolina,Alabama,25,Jimmy Francis,Exempt,Exempt
2026-09-26T15:08:58+00:00,SEC,2889,2026-09-25,19:10:00,CT,Update 2,South Carolina,Alabama,16,LaNorris Sellers,Available,NonExempt
2026-09-26T15:08:58+00:00,SEC,2889,2026-09-25,19:10:00,CT,Update 2,South Carolina,Alabama,11,Landon Duckworth,Available,NonExempt
2026-09-26T15:08:58+00:00,SEC,2889,2026-09-25,19:10:00,CT,Update 2,South Carolina,Alabama,15,Lucian Anderson III,Available,NonExempt
2026-09-26T15:08:58+00:00,SEC,2902,2026-09-25,19:10:00,CT,Update 2,LSU,Texas A&M,21,Cayden Jones,Exempt,Exempt
2026-09-26T15:08:58+00:00,SEC,2902,2026-09-25,19:10:00,CT,Update 2,LSU,Texas A&M,8,Husan Longstreet,Available,NonExempt
2026-09-26T15:08:58+00:00,SEC,2902,2026-09-25,19:10:00,CT,Update 2,LSU,Texas A&M,19,Kaden Martin,Exempt,Exempt
2026-09-26T15:08:58+00:00,SEC,2902,2026-09-25,19:10:00,CT,Update 2,LSU,Texas A&M,11,Landen Clark,Available,NonExempt
2026-09-26T15:08:58+00:00,SEC,2902,2026-09-25,19:10:00,CT,Update 2,LSU,Texas A&M,10,Sam Leavitt,Available,NonExempt
2026-09-26T15:08:58+00:00,SEC,2902,2026-09-25,19:10:00,CT,Update 2,Texas A&M,LSU,13,Brady Hart,Available,NonExempt
2026-09-26T15:08:58+00:00,SEC,2902,2026-09-25,19:10:00,CT,Update 2,Texas A&M,LSU,14,Eli Morcos,Available,NonExempt
2026-09-26T15:08:58+00:00,SEC,2902,2026-09-25,19:10:00,CT,Update 2,Texas A&M,LSU,16,Helaman Casuga,Available,NonExempt
2026-09-26T15:08:58+00:00,SEC,2902,2026-09-25,19:10:00,CT,Update 2,Texas A&M,LSU,10,Marcel Reed,Available,NonExempt
2026-09-26T15:08:58+00:00,SEC,2902,2026-09-25,19:10:00,CT,Update 2,Texas A&M,LSU,19,Paxton Land,Available,NonExempt
2026-09-26T15:08:58+00:00,SEC,2911,2026-09-25,19:10:00,CT,Update 2,Mississippi State,Missouri,17,AJ Swann,Available,NonExempt
2026-09-26T15:08:58+00:00,SEC,2911,2026-09-25,19:10:00,CT,Update 2,Mississippi State,Missouri,14,Brodie McWhorter,Exempt,Exempt
2026-09-26T15:08:58+00:00,SEC,2911,2026-09-25,19:10:00,CT,Update 2,Mississippi State,Missouri,8,Jaden Rashada,Exempt,Exempt
2026-09-26T15:08:58+00:00,SEC,2911,2026-09-25,19:10:00,CT,Update 2,Mississippi State,Missouri,1,Kamario Taylor,Available,NonExempt
2026-09-26T15:08:58+00:00,SEC,2911,2026-09-25,19:10:00,CT,Update 2,Mississippi State,Missouri,15,"Parker ""Billy"" Puckett",Available,NonExempt
2026-09-26T15:08:58+00:00,SEC,2911,2026-09-25,19:10:00,CT,Update 2,Missouri,Mississippi State,13,Austin Simmons,Available,NonExempt
2026-09-26T15:08:58+00:00,SEC,2911,2026-09-25,19:10:00,CT,Update 2,Missouri,Mississippi State,14,Brett Brown,Available,NonExempt
2026-09-26T15:08:58+00:00,SEC,2911,2026-09-25,19:10:00,CT,Update 2,Missouri,Mississippi State,7,Gavin Sidwar,Available,NonExempt
2026-09-26T15:08:58+00:00,SEC,2911,2026-09-25,19:10:00,CT,Update 2,Missouri,Mississippi State,5,Matt Zollers,Available,NonExempt
2026-09-26T15:08:58+00:00,SEC,2911,2026-09-25,19:10:00,CT,Update 2,Missouri,Mississippi State,10,Nick Evers,Available,NonExempt
2026-09-27T13:57:02+00:00,ACC,2828,2026-09-26,10:00:00,ET,Game Day,Louisville,Wake Forest,10,Briggs Cherry,Available,NonExempt
2026-09-27T13:57:02+00:00,ACC,2828,2026-09-26,10:00:00,ET,Game Day,Louisville,Wake Forest,11,Davin Wydner,Available,NonExempt
2026-09-27T13:57:02+00:00,ACC,2828,2026-09-26,10:00:00,ET,Game Day,Louisville,Wake Forest,3,Lincoln Kienholz,Available,NonExempt
2026-09-27T13:57:02+00:00,ACC,2828,2026-09-26,10:00:00,ET,Game Day,Louisville,Wake Forest,19,Mason Fields,Available,NonExempt
2026-09-27T13:57:02+00:00,ACC,2828,2026-09-26,10:00:00,ET,Game Day,Louisville,Wake Forest,17,Ryan Zimmerman,Available,NonExempt
2026-09-27T13:57:02+00:00,ACC,2828,2026-09-26,10:00:00,ET,Game Day,Wake Forest,Louisville,13,Billy Johnson,Available,NonExempt
2026-09-27T13:57:02+00:00,ACC,2828,2026-09-26,10:00:00,ET,Game Day,Wake Forest,Louisville,15,Gannon Jones,Available,NonExempt
2026-09-27T13:57:02+00:00,ACC,2828,2026-09-26,10:00:00,ET,Game Day,Wake Forest,Louisville,3,Gio Lopez,Available,NonExempt
2026-09-27T13:57:02+00:00,ACC,2828,2026-09-26,10:00:00,ET,Game Day,Wake Forest,Louisville,17,Grant Lawless,Available,NonExempt
2026-09-27T13:57:02+00:00,ACC,2828,2026-09-26,10:00:00,ET,Game Day,Wake Forest,Louisville,6,Steele Pizzella,Available,NonExempt
2026-09-27T13:57:02+00:00,ACC,2836,2026-09-26,10:00:00,ET,Game Day,Boston College,Virginia Tech,18,Anthony Coellner,Available,NonExempt
2026-09-27T13:57:02+00:00,ACC,2836,2026-09-26,10:00:00,ET,Game Day,Boston College,Virginia Tech,13,Enzo Arjona,Available,NonExempt
2026-09-27T13:57:02+00:00,ACC,2836,2026-09-26,10:00:00,ET,Game Day,Boston College,Virginia Tech,11,Femi Babalola,Available,NonExempt
2026-09-27T13:57:02+00:00,ACC,2836,2026-09-26,10:00:00,ET,Game Day,Boston College,Virginia Tech,15,Grayson Wilson,Available,NonExempt
2026-09-27T13:57:02+00:00,ACC,2836,2026-09-26,10:00:00,ET,Game Day,Boston College,Virginia Tech,7,Jake Coniglio,Available,NonExempt
2026-09-27T13:57:02+00:00,ACC,2836,2026-09-26,10:00:00,ET,Game Day,Boston College,Virginia Tech,10,Mason McKenzie,Available,NonExempt
2026-09-27T13:57:02+00:00,ACC,2836,2026-09-26,10:00:00,ET,Game Day,Virginia Tech,Boston College,22,Bryce Baker,Available,NonExempt
2026-09-27T13:57:02+00:00,ACC,2836,2026-09-26,10:00:00,ET,Game Day,Virginia Tech,Boston College,17,Ethan Grunkemeyer,Available,NonExempt
2026-09-27T13:57:02+00:00,ACC,2836,2026-09-26,10:00:00,ET,Game Day,Virginia Tech,Boston College,12,Kelden Ryan,Available,NonExempt
2026-09-27T13:57:02+00:00,ACC,2836,2026-09-26,10:00:00,ET,Game Day,Virginia Tech,Boston College,14,Troy Huhn,Available,NonExempt
2026-09-27T13:57:02+00:00,ACC,2920,2026-09-26,20:30:00,ET,Game Day,Georgia Tech,Stanford,15,Alberto Mendoza,Available,NonExempt
2026-09-27T13:57:02+00:00,ACC,2920,2026-09-26,20:30:00,ET,Game Day,Georgia Tech,Stanford,18,Ben Guthrie,Available,NonExempt
2026-09-27T13:57:02+00:00,ACC,2920,2026-09-26,20:30:00,ET,Game Day,Georgia Tech,Stanford,12,Cole Bergeron,Available,NonExempt
2026-09-27T13:57:02+00:00,ACC,2920,2026-09-26,20:30:00,ET,Game Day,Georgia Tech,Stanford,9,Grady Adamson,Available,NonExempt
2026-09-27T13:57:02+00:00,ACC,2920,2026-09-26,20:30:00,ET,Game Day,Georgia Tech,Stanford,14,Graham Knowles,Available,NonExempt
2026-09-27T13:57:02+00:00,ACC,2920,2026-09-26,20:30:00,ET,Game Day,Stanford,Georgia Tech,17,Charlie Mirer,Available,NonExempt
2026-09-27T13:57:02+00:00,ACC,2920,2026-09-26,20:30:00,ET,Game Day,Stanford,Georgia Tech,8,Davis Warren,Available,NonExempt
2026-09-27T13:57:02+00:00,ACC,2920,2026-09-26,20:30:00,ET,Game Day,Stanford,Georgia Tech,27,Devin Mignery,Available,NonExempt
2026-09-27T13:57:02+00:00,ACC,2920,2026-09-26,20:30:00,ET,Game Day,Stanford,Georgia Tech,10,Dylan Rizk,Available,NonExempt
2026-09-27T13:57:02+00:00,ACC,2920,2026-09-26,20:30:00,ET,Game Day,Stanford,Georgia Tech,9,Michael Mitchell Jr.,Available,NonExempt
2026-09-27T13:57:02+00:00,SEC,2820,2026-09-26,9:30:00,CT,Game Day,Tennessee,Texas,11,Faizon Brandon,Available,NonExempt
2026-09-27T13:57:02+00:00,SEC,2820,2026-09-26,9:30:00,CT,Game Day,Tennessee,Texas,12,George MacIntyre,Available,NonExempt
2026-09-27T13:57:02+00:00,SEC,2820,2026-09-26,9:30:00,CT,Game Day,Tennessee,Texas,13,Mason Phillips,Exempt,Exempt
2026-09-27T13:57:02+00:00,SEC,2820,2026-09-26,9:30:00,CT,Game Day,Tennessee,Texas,8,Ryan Staub,Available,NonExempt
2026-09-27T13:57:02+00:00,SEC,2820,2026-09-26,9:30:00,CT,Game Day,Texas,Tennessee,16,Arch Manning,Available,NonExempt
2026-09-27T13:57:02+00:00,SEC,2820,2026-09-26,9:30:00,CT,Game Day,Texas,Tennessee,6,Dia Bell,Available,NonExempt
2026-09-27T13:57:02+00:00,SEC,2820,2026-09-26,9:30:00,CT,Game Day,Texas,Tennessee,9,"Karle ""KJ"" Lacey Jr.",Available,NonExempt
2026-09-27T13:57:02+00:00,SEC,2820,2026-09-26,9:30:00,CT,Game Day,Texas,Tennessee,25,Luke Dunham,Exempt,Exempt
2026-09-27T13:57:02+00:00,SEC,2820,2026-09-26,9:30:00,CT,Game Day,Texas,Tennessee,19,MJ Morris,Available,NonExempt
2026-09-27T13:57:02+00:00,SEC,2849,2026-09-26,13:00:00,CT,Game Day,Georgia,Oklahoma,18,Bryson Beaver,Available,NonExempt
2026-09-27T13:57:02+00:00,SEC,2849,2026-09-26,13:00:00,CT,Game Day,Georgia,Oklahoma,17,Colter Ginn,Available,NonExempt
2026-09-27T13:57:02+00:00,SEC,2849,2026-09-26,13:00:00,CT,Game Day,Georgia,Oklahoma,14,Gunner Stockton,Available,NonExempt
2026-09-27T13:57:02+00:00,SEC,2849,2026-09-26,13:00:00,CT,Game Day,Georgia,Oklahoma,19,Hezekiah Millender,Available,NonExempt
2026-09-27T13:57:02+00:00,SEC,2849,2026-09-26,13:00:00,CT,Game Day,Georgia,Oklahoma,25,Jake Bobo,Exempt,Exempt
2026-09-27T13:57:02+00:00,SEC,2849,2026-09-26,13:00:00,CT,Game Day,Georgia,Oklahoma,15,Ryan Montgomery,Available,NonExempt
2026-09-27T13:57:02+00:00,SEC,2849,2026-09-26,13:00:00,CT,Game Day,Georgia,Oklahoma,12,Ryan Puglisi,Available,NonExempt
2026-09-27T13:57:02+00:00,SEC,2849,2026-09-26,13:00:00,CT,Game Day,Oklahoma,Georgia,8,Bowe Bentley,Available,NonExempt
2026-09-27T13:57:02+00:00,SEC,2849,2026-09-26,13:00:00,CT,Game Day,Oklahoma,Georgia,15,Jett Niu,Exempt,Exempt
2026-09-27T13:57:02+00:00,SEC,2849,2026-09-26,13:00:00,CT,Game Day,Oklahoma,Georgia,10,John Mateer,Available,NonExempt
2026-09-27T13:57:02+00:00,SEC,2849,2026-09-26,13:00:00,CT,Game Day,Oklahoma,Georgia,16,Whitt Newbauer,Available,NonExempt
2026-09-27T13:57:02+00:00,SEC,2853,2026-09-26,13:00:00,CT,Game Day,Florida,Ole Miss,12,Aaron Philo,Available,NonExempt
2026-09-27T13:57:02+00:00,SEC,2853,2026-09-26,13:00:00,CT,Game Day,Florida,Ole Miss,10,Aaron Williams,Exempt,Exempt
2026-09-27T13:57:02+00:00,SEC,2853,2026-09-26,13:00:00,CT,Game Day,Florida,Ole Miss,16,Aidan Warner,Exempt,Exempt
2026-09-27T13:57:02+00:00,SEC,2853,2026-09-26,13:00:00,CT,Game Day,Florida,Ole Miss,9,Tramell Jones Jr.,Available,NonExempt
2026-09-27T13:57:02+00:00,SEC,2853,2026-09-26,13:00:00,CT,Game Day,Florida,Ole Miss,11,Will Griffin,Available,NonExempt
2026-09-27T13:57:02+00:00,SEC,2853,2026-09-26,13:00:00,CT,Game Day,Ole Miss,Florida,8,AJ Maddox,Available,NonExempt
2026-09-27T13:57:02+00:00,SEC,2853,2026-09-26,13:00:00,CT,Game Day,Ole Miss,Florida,2,Deuce Knight,Available,NonExempt
2026-09-27T13:57:02+00:00,SEC,2853,2026-09-26,13:00:00,CT,Game Day,Ole Miss,Florida,16,George Hamsley,Exempt,Exempt
2026-09-27T13:57:02+00:00,SEC,2853,2026-09-26,13:00:00,CT,Game Day,Ole Miss,Florida,13,Jack Patterson,Available,NonExempt
2026-09-27T13:57:02+00:00,SEC,2853,2026-09-26,13:00:00,CT,Game Day,Ole Miss,Florida,19,Rees Wise,Available,NonExempt
2026-09-27T13:57:02+00:00,SEC,2853,2026-09-26,13:00:00,CT,Game Day,Ole Miss,Florida,6,Trinidad Chambliss,Available,NonExempt
2026-09-27T13:57:02+00:00,SEC,2853,2026-09-26,13:00:00,CT,Game Day,Ole Miss,Florida,14,Walker Howard,Available,NonExempt
2026-09-27T13:57:02+00:00,SEC,2874,2026-09-26,13:45:00,CT,Game Day,Auburn,Vanderbilt,17,Byrum Brown,Available,NonExempt
2026-09-27T13:57:02+00:00,SEC,2874,2026-09-26,13:45:00,CT,Game Day,Auburn,Vanderbilt,16,John Colvin,Exempt,Exempt
2026-09-27T13:57:02+00:00,SEC,2874,2026-09-26,13:45:00,CT,Game Day,Auburn,Vanderbilt,3,Locklan Hewlett,Available,NonExempt
2026-09-27T13:57:02+00:00,SEC,2874,2026-09-26,13:45:00,CT,Game Day,Auburn,Vanderbilt,19,Rhys Brush,Available,NonExempt
2026-09-27T13:57:02+00:00,SEC,2874,2026-09-26,13:45:00,CT,Game Day,Auburn,Vanderbilt,10,Tristan Ti'a,Available,NonExempt
2026-09-27T13:57:02+00:00,SEC,2874,2026-09-26,13:45:00,CT,Game Day,Auburn,Vanderbilt,11,Will Myers,Exempt,Exempt
2026-09-27T13:57:02+00:00,SEC,2874,2026-09-26,13:45:00,CT,Game Day,Vanderbilt,Auburn,1,Blaze Berlowitz,Available,NonExempt
2026-09-27T13:57:02+00:00,SEC,2874,2026-09-26,13:45:00,CT,Game Day,Vanderbilt,Auburn,14,Drew Cowart,Exempt,Exempt
2026-09-27T13:57:02+00:00,SEC,2874,2026-09-26,13:45:00,CT,Game Day,Vanderbilt,Auburn,11,Jack Elliott,Available,NonExempt
2026-09-27T13:57:02+00:00,SEC,2874,2026-09-26,13:45:00,CT,Game Day,Vanderbilt,Auburn,2,Jared Curtis,Available,NonExempt
2026-09-27T13:57:02+00:00,SEC,2874,2026-09-26,13:45:00,CT,Game Day,Vanderbilt,Auburn,10,Whit Muschamp,Available,NonExempt
2026-09-27T13:57:02+00:00,SEC,2890,2026-09-26,16:30:00,CT,Game Day,Alabama,South Carolina,10,Austin Mack,Available,NonExempt
2026-09-27T13:57:02+00:00,SEC,2890,2026-09-26,16:30:00,CT,Game Day,Alabama,South Carolina,15,Jett Thomalla,Available,NonExempt
2026-09-27T13:57:02+00:00,SEC,2890,2026-09-26,16:30:00,CT,Game Day,Alabama,South Carolina,19,John Cooper,Exempt,Exempt
2026-09-27T13:57:02+00:00,SEC,2890,2026-09-26,16:30:00,CT,Game Day,Alabama,South Carolina,13,John Gazzaniga,Available,NonExempt
2026-09-27T13:57:02+00:00,SEC,2890,2026-09-26,16:30:00,CT,Game Day,Alabama,South Carolina,12,Keelon Russell,Available,NonExempt
2026-09-27T13:57:02+00:00,SEC,2890,2026-09-26,16:30:00,CT,Game Day,Alabama,South Carolina,11,Tayden-Evan Kaawa,Available,NonExempt
2026-09-27T13:57:02+00:00,SEC,2890,2026-09-26,16:30:00,CT,Game Day,South Carolina,Alabama,19,Brandon Cunningham,Exempt,Exempt
2026-09-27T13:57:02+00:00,SEC,2890,2026-09-26,16:30:00,CT,Game Day,South Carolina,Alabama,12,Cutter Woods,Available,NonExempt
2026-09-27T13:57:02+00:00,SEC,2890,2026-09-26,16:30:00,CT,Game Day,South Carolina,Alabama,25,Jimmy Francis,Exempt,Exempt
2026-09-27T13:57:02+00:00,SEC,2890,2026-09-26,16:30:00,CT,Game Day,South Carolina,Alabama,16,LaNorris Sellers,Available,NonExempt
2026-09-27T13:57:02+00:00,SEC,2890,2026-09-26,16:30:00,CT,Game Day,South Carolina,Alabama,11,Landon Duckworth,Available,NonExempt
2026-09-27T13:57:02+00:00,SEC,2890,2026-09-26,16:30:00,CT,Game Day,South Carolina,Alabama,15,Lucian Anderson III,Available,NonExempt
2026-09-27T13:57:02+00:00,SEC,2903,2026-09-26,17:00:00,CT,Game Day,LSU,Texas A&M,21,Cayden Jones,Exempt,Exempt
2026-09-27T13:57:02+00:00,SEC,2903,2026-09-26,17:00:00,CT,Game Day,LSU,Texas A&M,8,Husan Longstreet,Available,NonExempt
2026-09-27T13:57:02+00:00,SEC,2903,2026-09-26,17:00:00,CT,Game Day,LSU,Texas A&M,19,Kaden Martin,Exempt,Exempt
2026-09-27T13:57:02+00:00,SEC,2903,2026-09-26,17:00:00,CT,Game Day,LSU,Texas A&M,11,Landen Clark,Available,NonExempt
2026-09-27T13:57:02+00:00,SEC,2903,2026-09-26,17:00:00,CT,Game Day,LSU,Texas A&M,10,Sam Leavitt,Available,NonExempt
2026-09-27T13:57:02+00:00,SEC,2903,2026-09-26,17:00:00,CT,Game Day,Texas A&M,LSU,13,Brady Hart,Available,NonExempt
2026-09-27T13:57:02+00:00,SEC,2903,2026-09-26,17:00:00,CT,Game Day,Texas A&M,LSU,14,Eli Morcos,Available,NonExempt
2026-09-27T13:57:02+00:00,SEC,2903,2026-09-26,17:00:00,CT,Game Day,Texas A&M,LSU,16,Helaman Casuga,Available,NonExempt
2026-09-27T13:57:02+00:00,SEC,2903,2026-09-26,17:00:00,CT,Game Day,Texas A&M,LSU,10,Marcel Reed,Available,NonExempt
2026-09-27T13:57:02+00:00,SEC,2903,2026-09-26,17:00:00,CT,Game Day,Texas A&M,LSU,19,Paxton Land,Available,NonExempt
2026-09-27T13:57:02+00:00,SEC,2912,2026-09-26,17:15:00,CT,Game Day,Mississippi State,Missouri,17,AJ Swann,Available,NonExempt
2026-09-27T13:57:02+00:00,SEC,2912,2026-09-26,17:15:00,CT,Game Day,Mississippi State,Missouri,14,Brodie McWhorter,Exempt,Exempt
2026-09-27T13:57:02+00:00,SEC,2912,2026-09-26,17:15:00,CT,Game Day,Mississippi State,Missouri,8,Jaden Rashada,Exempt,Exempt
2026-09-27T13:57:02+00:00,SEC,2912,2026-09-26,17:15:00,CT,Game Day,Mississippi State,Missouri,1,Kamario Taylor,Available,NonExempt
2026-09-27T13:57:02+00:00,SEC,2912,2026-09-26,17:15:00,CT,Game Day,Mississippi State,Missouri,15,"Parker ""Billy"" Puckett",Available,NonExempt
2026-09-27T13:57:02+00:00,SEC,2912,2026-09-26,17:15:00,CT,Game Day,Missouri,Mississippi State,13,Austin Simmons,Available,NonExempt
2026-09-27T13:57:02+00:00,SEC,2912,2026-09-26,17:15:00,CT,Game Day,Missouri,Mississippi State,14,Brett Brown,Available,NonExempt
2026-09-27T13:57:02+00:00,SEC,2912,2026-09-26,17:15:00,CT,Game Day,Missouri,Mississippi State,7,Gavin Sidwar,Available,NonExempt
2026-09-27T13:57:02+00:00,SEC,2912,2026-09-26,17:15:00,CT,Game Day,Missouri,Mississippi State,5,Matt Zollers,Available,NonExempt
2026-09-27T13:57:02+00:00,SEC,2912,2026-09-26,17:15:00,CT,Game Day,Missouri,Mississippi State,10,Nick Evers,Available,NonExempt
2026-09-30T21:54:18+00:00,ACC,2930,2026-09-29,20:00:00,ET,Initial,Pittsburgh,Virginia Tech,8,Angelo Renda,Available,NonExempt
2026-09-30T21:54:18+00:00,ACC,2930,2026-09-29,20:00:00,ET,Initial,Pittsburgh,Virginia Tech,12,Beau Jackson,Available,NonExempt
2026-09-30T21:54:18+00:00,ACC,2930,2026-09-29,20:00:00,ET,Initial,Pittsburgh,Virginia Tech,16,Corey Dailey,Available,NonExempt
2026-09-30T21:54:18+00:00,ACC,2930,2026-09-29,20:00:00,ET,Initial,Pittsburgh,Virginia Tech,19,Davin Friedman,Available,NonExempt
2026-09-30T21:54:18+00:00,ACC,2930,2026-09-29,20:00:00,ET,Initial,Pittsburgh,Virginia Tech,15,Holden Geriner,Available,NonExempt
2026-09-30T21:54:18+00:00,ACC,2930,2026-09-29,20:00:00,ET,Initial,Pittsburgh,Virginia Tech,6,Mason Heintschel,Available,NonExempt
2026-09-30T21:54:18+00:00,ACC,2930,2026-09-29,20:00:00,ET,Initial,Virginia Tech,Pittsburgh,22,Bryce Baker,Available,NonExempt
2026-09-30T21:54:18+00:00,ACC,2930,2026-09-29,20:00:00,ET,Initial,Virginia Tech,Pittsburgh,17,Ethan Grunkemeyer,Available,NonExempt
2026-09-30T21:54:18+00:00,ACC,2930,2026-09-29,20:00:00,ET,Initial,Virginia Tech,Pittsburgh,12,Kelden Ryan,Available,NonExempt
2026-09-30T21:54:18+00:00,ACC,2930,2026-09-29,20:00:00,ET,Initial,Virginia Tech,Pittsburgh,14,Troy Huhn,Available,NonExempt
2026-10-01T15:30:34+00:00,ACC,2931,2026-09-30,20:00:00,ET,Update 1,Pittsburgh,Virginia Tech,8,Angelo Renda,Available,NonExempt
2026-10-01T15:30:34+00:00,ACC,2931,2026-09-30,20:00:00,ET,Update 1,Pittsburgh,Virginia Tech,12,Beau Jackson,Available,NonExempt
2026-10-01T15:30:34+00:00,ACC,2931,2026-09-30,20:00:00,ET,Update 1,Pittsburgh,Virginia Tech,16,Corey Dailey,Available,NonExempt
2026-10-01T15:30:34+00:00,ACC,2931,2026-09-30,20:00:00,ET,Update 1,Pittsburgh,Virginia Tech,19,Davin Friedman,Available,NonExempt
2026-10-01T15:30:34+00:00,ACC,2931,2026-09-30,20:00:00,ET,Update 1,Pittsburgh,Virginia Tech,15,Holden Geriner,Available,NonExempt
2026-10-01T15:30:34+00:00,ACC,2931,2026-09-30,20:00:00,ET,Update 1,Pittsburgh,Virginia Tech,6,Mason Heintschel,Available,NonExempt
2026-10-01T15:30:34+00:00,ACC,2931,2026-09-30,20:00:00,ET,Update 1,Virginia Tech,Pittsburgh,22,Bryce Baker,Available,NonExempt
2026-10-01T15:30:34+00:00,ACC,2931,2026-09-30,20:00:00,ET,Update 1,Virginia Tech,Pittsburgh,17,Ethan Grunkemeyer,Available,NonExempt
2026-10-01T15:30:34+00:00,ACC,2931,2026-09-30,20:00:00,ET,Update 1,Virginia Tech,Pittsburgh,12,Kelden Ryan,Available,NonExempt
2026-10-01T15:30:34+00:00,ACC,2931,2026-09-30,20:00:00,ET,Update 1,Virginia Tech,Pittsburgh,14,Troy Huhn,Available,NonExempt
2026-10-01T15:30:34+00:00,ACC,2946,2026-09-30,21:00:00,ET,Initial,Boston College,SMU,18,Anthony Coellner,Available,NonExempt
2026-10-01T15:30:34+00:00,ACC,2946,2026-09-30,21:00:00,ET,Initial,Boston College,SMU,13,Enzo Arjona,Available,NonExempt
2026-10-01T15:30:34+00:00,ACC,2946,2026-09-30,21:00:00,ET,Initial,Boston College,SMU,11,Femi Babalola,Available,NonExempt
2026-10-01T15:30:34+00:00,ACC,2946,2026-09-30,21:00:00,ET,Initial,Boston College,SMU,15,Grayson Wilson,Available,NonExempt
2026-10-01T15:30:34+00:00,ACC,2946,2026-09-30,21:00:00,ET,Initial,Boston College,SMU,7,Jake Coniglio,Available,NonExempt
2026-10-01T15:30:34+00:00,ACC,2946,2026-09-30,21:00:00,ET,Initial,Boston College,SMU,10,Mason McKenzie,Available,NonExempt
2026-10-01T15:30:34+00:00,ACC,2946,2026-09-30,21:00:00,ET,Initial,SMU,Boston College,14,Charlie Fiser,Available,NonExempt
2026-10-01T15:30:34+00:00,ACC,2946,2026-09-30,21:00:00,ET,Initial,SMU,Boston College,12,Cole Leinart,Available,NonExempt
2026-10-01T15:30:34+00:00,ACC,2946,2026-09-30,21:00:00,ET,Initial,SMU,Boston College,7,Kevin Jennings,Available,NonExempt
2026-10-01T15:30:34+00:00,ACC,2946,2026-09-30,21:00:00,ET,Initial,SMU,Boston College,28,Mabrey Mettauer,Available,NonExempt
2026-10-01T15:30:34+00:00,ACC,2946,2026-09-30,21:00:00,ET,Initial,SMU,Boston College,1,Ty Hawkins,Available,NonExempt
2026-10-01T15:30:34+00:00,ACC,2954,2026-09-30,20:00:00,ET,Initial,Stanford,Wake Forest,17,Charlie Mirer,Available,NonExempt
2026-10-01T15:30:34+00:00,ACC,2954,2026-09-30,20:00:00,ET,Initial,Stanford,Wake Forest,8,Davis Warren,Available,NonExempt
2026-10-01T15:30:34+00:00,ACC,2954,2026-09-30,20:00:00,ET,Initial,Stanford,Wake Forest,27,Devin Mignery,Available,NonExempt
2026-10-01T15:30:34+00:00,ACC,2954,2026-09-30,20:00:00,ET,Initial,Stanford,Wake Forest,10,Dylan Rizk,Available,NonExempt
2026-10-01T15:30:34+00:00,ACC,2954,2026-09-30,20:00:00,ET,Initial,Stanford,Wake Forest,9,Michael Mitchell Jr.,Available,NonExempt
2026-10-01T15:30:34+00:00,ACC,2954,2026-09-30,20:00:00,ET,Initial,Wake Forest,Stanford,13,Billy Johnson,Available,NonExempt
2026-10-01T15:30:34+00:00,ACC,2954,2026-09-30,20:00:00,ET,Initial,Wake Forest,Stanford,15,Gannon Jones,Available,NonExempt
2026-10-01T15:30:34+00:00,ACC,2954,2026-09-30,20:00:00,ET,Initial,Wake Forest,Stanford,3,Gio Lopez,Available,NonExempt
2026-10-01T15:30:34+00:00,ACC,2954,2026-09-30,20:00:00,ET,Initial,Wake Forest,Stanford,17,Grant Lawless,Available,NonExempt
2026-10-01T15:30:34+00:00,ACC,2954,2026-09-30,20:00:00,ET,Initial,Wake Forest,Stanford,6,Steele Pizzella,Available,NonExempt
2026-10-01T15:30:34+00:00,ACC,2985,2026-09-30,20:00:00,ET,Initial,Louisville,NC State,10,Briggs Cherry,Available,NonExempt
2026-10-01T15:30:34+00:00,ACC,2985,2026-09-30,20:00:00,ET,Initial,Louisville,NC State,11,Davin Wydner,Available,NonExempt
2026-10-01T15:30:34+00:00,ACC,2985,2026-09-30,20:00:00,ET,Initial,Louisville,NC State,3,Lincoln Kienholz,Questionable,NonExempt
2026-10-01T15:30:34+00:00,ACC,2985,2026-09-30,20:00:00,ET,Initial,Louisville,NC State,19,Mason Fields,Available,NonExempt
2026-10-01T15:30:34+00:00,ACC,2985,2026-09-30,20:00:00,ET,Initial,Louisville,NC State,17,Ryan Zimmerman,Available,NonExempt
2026-10-01T15:30:34+00:00,ACC,2985,2026-09-30,20:00:00,ET,Initial,NC State,Louisville,11,CJ Bailey,Available,NonExempt
2026-10-01T15:30:34+00:00,ACC,2985,2026-09-30,20:00:00,ET,Initial,NC State,Louisville,15,Hudson Wilharm,Available,NonExempt
2026-10-01T15:30:34+00:00,ACC,2985,2026-09-30,20:00:00,ET,Initial,NC State,Louisville,16,Parker Thompson,Available,NonExempt
2026-10-01T15:30:34+00:00,ACC,2985,2026-09-30,20:00:00,ET,Initial,NC State,Louisville,12,Tad Hudson,Available,NonExempt
2026-10-01T15:30:34+00:00,ACC,2985,2026-09-30,20:00:00,ET,Initial,NC State,Louisville,10,Will Wilson,Available,NonExempt
2026-10-01T15:30:34+00:00,ACC,2989,2026-09-30,20:00:00,ET,Initial,Florida State,Virginia,14,Ashton Daniels,Available,NonExempt
2026-10-01T15:30:34+00:00,ACC,2989,2026-09-30,20:00:00,ET,Initial,Florida State,Virginia,4,Dean DeNobile,Available,NonExempt
2026-10-01T15:30:34+00:00,ACC,2989,2026-09-30,20:00:00,ET,Initial,Florida State,Virginia,16,Jaden O'Neal,Available,NonExempt
2026-10-01T15:30:34+00:00,ACC,2989,2026-09-30,20:00:00,ET,Initial,Florida State,Virginia,9,Kevin Sperry,Available,NonExempt
2026-10-01T15:30:34+00:00,ACC,2989,2026-09-30,20:00:00,ET,Initial,Florida State,Virginia,1,Malachi Marshall,Available,NonExempt
2026-10-01T15:30:34+00:00,ACC,2989,2026-09-30,20:00:00,ET,Initial,Florida State,Virginia,12,Michael Grant,Available,NonExempt
2026-10-01T15:30:34+00:00,ACC,2989,2026-09-30,20:00:00,ET,Initial,Virginia,Florida State,7,Beau Pribula,Available,NonExempt
2026-10-01T15:30:34+00:00,ACC,2989,2026-09-30,20:00:00,ET,Initial,Virginia,Florida State,14,Boone Lourd,Available,NonExempt
2026-10-01T15:30:34+00:00,ACC,2989,2026-09-30,20:00:00,ET,Initial,Virginia,Florida State,6,Cole Geer,Available,NonExempt
2026-10-01T15:30:34+00:00,ACC,2989,2026-09-30,20:00:00,ET,Initial,Virginia,Florida State,10,Eli Holstein,Available,NonExempt
2026-10-01T15:30:34+00:00,ACC,2989,2026-09-30,20:00:00,ET,Initial,Virginia,Florida State,16,Ely Hamrick,Available,NonExempt
2026-10-01T15:30:34+00:00,ACC,3021,2026-09-30,20:00:00,ET,Initial,Clemson,Miami,5,Brock Bradley,Available,NonExempt
2026-10-01T15:30:34+00:00,ACC,3021,2026-09-30,20:00:00,ET,Initial,Clemson,Miami,17,Christopher Vizzina,Available,NonExempt
2026-10-01T15:30:34+00:00,ACC,3021,2026-09-30,20:00:00,ET,Initial,Clemson,Miami,9,Colson Brown,Available,NonExempt
2026-10-01T15:30:34+00:00,ACC,3021,2026-09-30,20:00:00,ET,Initial,Clemson,Miami,2,Tait Reynolds,Available,NonExempt
2026-10-01T15:30:34+00:00,ACC,3021,2026-09-30,20:00:00,ET,Initial,Clemson,Miami,14,Trent Pearman,Available,NonExempt
2026-10-01T15:30:34+00:00,ACC,3021,2026-09-30,20:00:00,ET,Initial,Miami,Clemson,10,Darian Mensah,Available,NonExempt
2026-10-01T15:30:34+00:00,ACC,3021,2026-09-30,20:00:00,ET,Initial,Miami,Clemson,11,Dereon Coleman,Available,NonExempt
2026-10-01T15:30:34+00:00,ACC,3021,2026-09-30,20:00:00,ET,Initial,Miami,Clemson,18,Joe Borchers,Available,NonExempt
2026-10-01T15:30:34+00:00,ACC,3021,2026-09-30,20:00:00,ET,Initial,Miami,Clemson,15,Judd Anderson,Available,NonExempt
2026-10-01T15:30:34+00:00,ACC,3021,2026-09-30,20:00:00,ET,Initial,Miami,Clemson,5,Luke Nickel,Available,NonExempt
2026-10-01T15:30:34+00:00,ACC,3021,2026-09-30,20:00:00,ET,Initial,Miami,Clemson,18,Vinny Gonzalez,Available,NonExempt
2026-10-01T15:30:34+00:00,SEC,2938,2026-09-30,19:10:00,CT,Initial,Alabama,Mississippi State,10,Austin Mack,Available,NonExempt
2026-10-01T15:30:34+00:00,SEC,2938,2026-09-30,19:10:00,CT,Initial,Alabama,Mississippi State,15,Jett Thomalla,Available,NonExempt
2026-10-01T15:30:34+00:00,SEC,2938,2026-09-30,19:10:00,CT,Initial,Alabama,Mississippi State,19,John Cooper,Exempt,Exempt
2026-10-01T15:30:34+00:00,SEC,2938,2026-09-30,19:10:00,CT,Initial,Alabama,Mississippi State,13,John Gazzaniga,Available,NonExempt
2026-10-01T15:30:34+00:00,SEC,2938,2026-09-30,19:10:00,CT,Initial,Alabama,Mississippi State,12,Keelon Russell,Available,NonExempt
2026-10-01T15:30:34+00:00,SEC,2938,2026-09-30,19:10:00,CT,Initial,Alabama,Mississippi State,11,Tayden-Evan Kaawa,Available,NonExempt
2026-10-01T15:30:34+00:00,SEC,2938,2026-09-30,19:10:00,CT,Initial,Mississippi State,Alabama,17,AJ Swann,Available,NonExempt
2026-10-01T15:30:34+00:00,SEC,2938,2026-09-30,19:10:00,CT,Initial,Mississippi State,Alabama,14,Brodie McWhorter,Exempt,Exempt
2026-10-01T15:30:34+00:00,SEC,2938,2026-09-30,19:10:00,CT,Initial,Mississippi State,Alabama,8,Jaden Rashada,Exempt,Exempt
2026-10-01T15:30:34+00:00,SEC,2938,2026-09-30,19:10:00,CT,Initial,Mississippi State,Alabama,1,Kamario Taylor,Available,NonExempt
2026-10-01T15:30:34+00:00,SEC,2938,2026-09-30,19:10:00,CT,Initial,Mississippi State,Alabama,15,"Parker ""Billy"" Puckett",Available,NonExempt
2026-10-01T15:30:34+00:00,SEC,2967,2026-09-30,19:10:00,CT,Initial,Georgia,Vanderbilt,18,Bryson Beaver,Available,NonExempt
2026-10-01T15:30:34+00:00,SEC,2967,2026-09-30,19:10:00,CT,Initial,Georgia,Vanderbilt,17,Colter Ginn,Available,NonExempt
2026-10-01T15:30:34+00:00,SEC,2967,2026-09-30,19:10:00,CT,Initial,Georgia,Vanderbilt,14,Gunner Stockton,Available,NonExempt
2026-10-01T15:30:34+00:00,SEC,2967,2026-09-30,19:10:00,CT,Initial,Georgia,Vanderbilt,19,Hezekiah Millender,Available,NonExempt
2026-10-01T15:30:34+00:00,SEC,2967,2026-09-30,19:10:00,CT,Initial,Georgia,Vanderbilt,25,Jake Bobo,Exempt,Exempt
2026-10-01T15:30:34+00:00,SEC,2967,2026-09-30,19:10:00,CT,Initial,Georgia,Vanderbilt,15,Ryan Montgomery,Available,NonExempt
2026-10-01T15:30:34+00:00,SEC,2967,2026-09-30,19:10:00,CT,Initial,Georgia,Vanderbilt,12,Ryan Puglisi,Available,NonExempt
2026-10-01T15:30:34+00:00,SEC,2967,2026-09-30,19:10:00,CT,Initial,Vanderbilt,Georgia,1,Blaze Berlowitz,Available,NonExempt
2026-10-01T15:30:34+00:00,SEC,2967,2026-09-30,19:10:00,CT,Initial,Vanderbilt,Georgia,14,Drew Cowart,Exempt,Exempt
2026-10-01T15:30:34+00:00,SEC,2967,2026-09-30,19:10:00,CT,Initial,Vanderbilt,Georgia,11,Jack Elliott,Available,NonExempt
2026-10-01T15:30:34+00:00,SEC,2967,2026-09-30,19:10:00,CT,Initial,Vanderbilt,Georgia,2,Jared Curtis,Questionable,NonExempt
2026-10-01T15:30:34+00:00,SEC,2967,2026-09-30,19:10:00,CT,Initial,Vanderbilt,Georgia,10,Whit Muschamp,Available,NonExempt
2026-10-01T15:30:34+00:00,SEC,2977,2026-09-30,19:10:00,CT,Initial,Florida,Missouri,12,Aaron Philo,Available,NonExempt
2026-10-01T15:30:34+00:00,SEC,2977,2026-09-30,19:10:00,CT,Initial,Florida,Missouri,10,Aaron Williams,Exempt,Exempt
2026-10-01T15:30:34+00:00,SEC,2977,2026-09-30,19:10:00,CT,Initial,Florida,Missouri,16,Aidan Warner,Exempt,Exempt
2026-10-01T15:30:34+00:00,SEC,2977,2026-09-30,19:10:00,CT,Initial,Florida,Missouri,9,Tramell Jones Jr.,Available,NonExempt
2026-10-01T15:30:34+00:00,SEC,2977,2026-09-30,19:10:00,CT,Initial,Florida,Missouri,11,Will Griffin,Available,NonExempt
2026-10-01T15:30:34+00:00,SEC,2977,2026-09-30,19:10:00,CT,Initial,Missouri,Florida,13,Austin Simmons,Available,NonExempt
2026-10-01T15:30:34+00:00,SEC,2977,2026-09-30,19:10:00,CT,Initial,Missouri,Florida,14,Brett Brown,Available,NonExempt
2026-10-01T15:30:34+00:00,SEC,2977,2026-09-30,19:10:00,CT,Initial,Missouri,Florida,7,Gavin Sidwar,Available,NonExempt
2026-10-01T15:30:34+00:00,SEC,2977,2026-09-30,19:10:00,CT,Initial,Missouri,Florida,5,Matt Zollers,Available,NonExempt
2026-10-01T15:30:34+00:00,SEC,2977,2026-09-30,19:10:00,CT,Initial,Missouri,Florida,10,Nick Evers,Available,NonExempt
2026-10-01T15:30:34+00:00,SEC,2981,2026-09-30,19:10:00,CT,Initial,Auburn,Tennessee,17,Byrum Brown,Available,NonExempt
2026-10-01T15:30:34+00:00,SEC,2981,2026-09-30,19:10:00,CT,Initial,Auburn,Tennessee,16,John Colvin,Exempt,Exempt
2026-10-01T15:30:34+00:00,SEC,2981,2026-09-30,19:10:00,CT,Initial,Auburn,Tennessee,3,Locklan Hewlett,Available,NonExempt
2026-10-01T15:30:34+00:00,SEC,2981,2026-09-30,19:10:00,CT,Initial,Auburn,Tennessee,19,Rhys Brush,Available,NonExempt
2026-10-01T15:30:34+00:00,SEC,2981,2026-09-30,19:10:00,CT,Initial,Auburn,Tennessee,10,Tristan Ti'a,Available,NonExempt
2026-10-01T15:30:34+00:00,SEC,2981,2026-09-30,19:10:00,CT,Initial,Auburn,Tennessee,11,Will Myers,Exempt,Exempt
2026-10-01T15:30:34+00:00,SEC,2981,2026-09-30,19:10:00,CT,Initial,Tennessee,Auburn,11,Faizon Brandon,Available,NonExempt
2026-10-01T15:30:34+00:00,SEC,2981,2026-09-30,19:10:00,CT,Initial,Tennessee,Auburn,12,George MacIntyre,Available,NonExempt
2026-10-01T15:30:34+00:00,SEC,2981,2026-09-30,19:10:00,CT,Initial,Tennessee,Auburn,13,Mason Phillips,Exempt,Exempt
2026-10-01T15:30:34+00:00,SEC,2981,2026-09-30,19:10:00,CT,Initial,Tennessee,Auburn,8,Ryan Staub,Available,NonExempt
2026-10-01T15:30:34+00:00,SEC,3003,2026-09-30,19:10:00,CT,Initial,Kentucky,South Carolina,14,Brennen Ward,Available,NonExempt
2026-10-01T15:30:34+00:00,SEC,3003,2026-09-30,19:10:00,CT,Initial,Kentucky,South Carolina,10,Callum Wither,Available,NonExempt
2026-10-01T15:30:34+00:00,SEC,3003,2026-09-30,19:10:00,CT,Initial,Kentucky,South Carolina,15,Carson Cruver,Exempt,Exempt
2026-10-01T15:30:34+00:00,SEC,3003,2026-09-30,19:10:00,CT,Initial,Kentucky,South Carolina,16,JacQai Long,Available,NonExempt
2026-10-01T15:30:34+00:00,SEC,3003,2026-09-30,19:10:00,CT,Initial,Kentucky,South Carolina,3,Kenny Minchey,Available,NonExempt
2026-10-01T15:30:34+00:00,SEC,3003,2026-09-30,19:10:00,CT,Initial,Kentucky,South Carolina,9,Matt Ponatoski,Available,NonExempt
2026-10-01T15:30:34+00:00,SEC,3003,2026-09-30,19:10:00,CT,Initial,Kentucky,South Carolina,17,William Drakeford Jr.,Exempt,Exempt
2026-10-01T15:30:34+00:00,SEC,3003,2026-09-30,19:10:00,CT,Initial,South Carolina,Kentucky,19,Brandon Cunningham,Exempt,Exempt
2026-10-01T15:30:34+00:00,SEC,3003,2026-09-30,19:10:00,CT,Initial,South Carolina,Kentucky,12,Cutter Woods,Available,NonExempt
2026-10-01T15:30:34+00:00,SEC,3003,2026-09-30,19:10:00,CT,Initial,South Carolina,Kentucky,25,Jimmy Francis,Exempt,Exempt
2026-10-01T15:30:34+00:00,SEC,3003,2026-09-30,19:10:00,CT,Initial,South Carolina,Kentucky,16,LaNorris Sellers,Available,NonExempt
2026-10-01T15:30:34+00:00,SEC,3003,2026-09-30,19:10:00,CT,Initial,South Carolina,Kentucky,11,Landon Duckworth,Available,NonExempt
2026-10-01T15:30:34+00:00,SEC,3003,2026-09-30,19:10:00,CT,Initial,South Carolina,Kentucky,15,Lucian Anderson III,Available,NonExempt
2026-10-01T15:30:34+00:00,SEC,3016,2026-09-30,19:10:00,CT,Initial,Arkansas,Texas A&M,2,AJ Hill,Available,NonExempt
2026-10-01T15:30:34+00:00,SEC,3016,2026-09-30,19:10:00,CT,Initial,Arkansas,Texas A&M,16,Braeden Fuller,Exempt,Exempt
2026-10-01T15:30:34+00:00,SEC,3016,2026-09-30,19:10:00,CT,Initial,Arkansas,Texas A&M,10,Cade Trotter,Available,NonExempt
2026-10-01T15:30:34+00:00,SEC,3016,2026-09-30,19:10:00,CT,Initial,Arkansas,Texas A&M,14,Hank Hendrix,Available,NonExempt
2026-10-01T15:30:34+00:00,SEC,3016,2026-09-30,19:10:00,CT,Initial,Arkansas,Texas A&M,7,KJ Jackson,Available,NonExempt
2026-10-01T15:30:34+00:00,SEC,3016,2026-09-30,19:10:00,CT,Initial,Texas A&M,Arkansas,13,Brady Hart,Available,NonExempt
2026-10-01T15:30:34+00:00,SEC,3016,2026-09-30,19:10:00,CT,Initial,Texas A&M,Arkansas,14,Eli Morcos,Available,NonExempt
2026-10-01T15:30:34+00:00,SEC,3016,2026-09-30,19:10:00,CT,Initial,Texas A&M,Arkansas,16,Helaman Casuga,Available,NonExempt
2026-10-01T15:30:34+00:00,SEC,3016,2026-09-30,19:10:00,CT,Initial,Texas A&M,Arkansas,10,Marcel Reed,Available,NonExempt
2026-10-01T15:30:34+00:00,SEC,3016,2026-09-30,19:10:00,CT,Initial,Texas A&M,Arkansas,19,Paxton Land,Available,NonExempt
2026-10-02T14:47:57+00:00,ACC,2932,2026-10-01,20:00:00,ET,Update 2,Pittsburgh,Virginia Tech,8,Angelo Renda,Available,NonExempt
2026-10-02T14:47:57+00:00,ACC,2932,2026-10-01,20:00:00,ET,Update 2,Pittsburgh,Virginia Tech,12,Beau Jackson,Available,NonExempt
2026-10-02T14:47:57+00:00,ACC,2932,2026-10-01,20:00:00,ET,Update 2,Pittsburgh,Virginia Tech,16,Corey Dailey,Available,NonExempt
2026-10-02T14:47:57+00:00,ACC,2932,2026-10-01,20:00:00,ET,Update 2,Pittsburgh,Virginia Tech,19,Davin Friedman,Available,NonExempt
2026-10-02T14:47:57+00:00,ACC,2932,2026-10-01,20:00:00,ET,Update 2,Pittsburgh,Virginia Tech,15,Holden Geriner,Available,NonExempt
2026-10-02T14:47:57+00:00,ACC,2932,2026-10-01,20:00:00,ET,Update 2,Pittsburgh,Virginia Tech,6,Mason Heintschel,Available,NonExempt
2026-10-02T14:47:57+00:00,ACC,2932,2026-10-01,20:00:00,ET,Update 2,Virginia Tech,Pittsburgh,22,Bryce Baker,Available,NonExempt
2026-10-02T14:47:57+00:00,ACC,2932,2026-10-01,20:00:00,ET,Update 2,Virginia Tech,Pittsburgh,17,Ethan Grunkemeyer,Available,NonExempt
2026-10-02T14:47:57+00:00,ACC,2932,2026-10-01,20:00:00,ET,Update 2,Virginia Tech,Pittsburgh,12,Kelden Ryan,Available,NonExempt
2026-10-02T14:47:57+00:00,ACC,2932,2026-10-01,20:00:00,ET,Update 2,Virginia Tech,Pittsburgh,14,Troy Huhn,Available,NonExempt
2026-10-02T14:47:57+00:00,ACC,2947,2026-10-01,21:00:00,ET,Update 1,Boston College,SMU,18,Anthony Coellner,Available,NonExempt
2026-10-02T14:47:57+00:00,ACC,2947,2026-10-01,21:00:00,ET,Update 1,Boston College,SMU,13,Enzo Arjona,Available,NonExempt
2026-10-02T14:47:57+00:00,ACC,2947,2026-10-01,21:00:00,ET,Update 1,Boston College,SMU,11,Femi Babalola,Available,NonExempt
2026-10-02T14:47:57+00:00,ACC,2947,2026-10-01,21:00:00,ET,Update 1,Boston College,SMU,15,Grayson Wilson,Available,NonExempt
2026-10-02T14:47:57+00:00,ACC,2947,2026-10-01,21:00:00,ET,Update 1,Boston College,SMU,7,Jake Coniglio,Available,NonExempt
2026-10-02T14:47:57+00:00,ACC,2947,2026-10-01,21:00:00,ET,Update 1,Boston College,SMU,10,Mason McKenzie,Available,NonExempt
2026-10-02T14:47:57+00:00,ACC,2947,2026-10-01,21:00:00,ET,Update 1,SMU,Boston College,14,Charlie Fiser,Available,NonExempt
2026-10-02T14:47:57+00:00,ACC,2947,2026-10-01,21:00:00,ET,Update 1,SMU,Boston College,12,Cole Leinart,Available,NonExempt
2026-10-02T14:47:57+00:00,ACC,2947,2026-10-01,21:00:00,ET,Update 1,SMU,Boston College,7,Kevin Jennings,Available,NonExempt
2026-10-02T14:47:57+00:00,ACC,2947,2026-10-01,21:00:00,ET,Update 1,SMU,Boston College,28,Mabrey Mettauer,Available,NonExempt
2026-10-02T14:47:57+00:00,ACC,2947,2026-10-01,21:00:00,ET,Update 1,SMU,Boston College,1,Ty Hawkins,Available,NonExempt
2026-10-02T14:47:57+00:00,ACC,2955,2026-10-01,20:00:00,ET,Update 1,Stanford,Wake Forest,17,Charlie Mirer,Available,NonExempt
2026-10-02T14:47:57+00:00,ACC,2955,2026-10-01,20:00:00,ET,Update 1,Stanford,Wake Forest,8,Davis Warren,Available,NonExempt
2026-10-02T14:47:57+00:00,ACC,2955,2026-10-01,20:00:00,ET,Update 1,Stanford,Wake Forest,27,Devin Mignery,Available,NonExempt
2026-10-02T14:47:57+00:00,ACC,2955,2026-10-01,20:00:00,ET,Update 1,Stanford,Wake Forest,10,Dylan Rizk,Available,NonExempt
2026-10-02T14:47:57+00:00,ACC,2955,2026-10-01,20:00:00,ET,Update 1,Stanford,Wake Forest,9,Michael Mitchell Jr.,Available,NonExempt
2026-10-02T14:47:57+00:00,ACC,2955,2026-10-01,20:00:00,ET,Update 1,Wake Forest,Stanford,13,Billy Johnson,Available,NonExempt
2026-10-02T14:47:57+00:00,ACC,2955,2026-10-01,20:00:00,ET,Update 1,Wake Forest,Stanford,15,Gannon Jones,Available,NonExempt
2026-10-02T14:47:57+00:00,ACC,2955,2026-10-01,20:00:00,ET,Update 1,Wake Forest,Stanford,3,Gio Lopez,Available,NonExempt
2026-10-02T14:47:57+00:00,ACC,2955,2026-10-01,20:00:00,ET,Update 1,Wake Forest,Stanford,17,Grant Lawless,Available,NonExempt
2026-10-02T14:47:57+00:00,ACC,2955,2026-10-01,20:00:00,ET,Update 1,Wake Forest,Stanford,6,Steele Pizzella,Available,NonExempt
2026-10-02T14:47:57+00:00,ACC,2986,2026-10-01,20:00:00,ET,Update 1,Louisville,NC State,10,Briggs Cherry,Available,NonExempt
2026-10-02T14:47:57+00:00,ACC,2986,2026-10-01,20:00:00,ET,Update 1,Louisville,NC State,11,Davin Wydner,Available,NonExempt
2026-10-02T14:47:57+00:00,ACC,2986,2026-10-01,20:00:00,ET,Update 1,Louisville,NC State,3,Lincoln Kienholz,Questionable,NonExempt
2026-10-02T14:47:57+00:00,ACC,2986,2026-10-01,20:00:00,ET,Update 1,Louisville,NC State,19,Mason Fields,Available,NonExempt
2026-10-02T14:47:57+00:00,ACC,2986,2026-10-01,20:00:00,ET,Update 1,Louisville,NC State,17,Ryan Zimmerman,Available,NonExempt
2026-10-02T14:47:57+00:00,ACC,2986,2026-10-01,20:00:00,ET,Update 1,NC State,Louisville,11,CJ Bailey,Available,NonExempt
2026-10-02T14:47:57+00:00,ACC,2986,2026-10-01,20:00:00,ET,Update 1,NC State,Louisville,15,Hudson Wilharm,Available,NonExempt
2026-10-02T14:47:57+00:00,ACC,2986,2026-10-01,20:00:00,ET,Update 1,NC State,Louisville,16,Parker Thompson,Available,NonExempt
2026-10-02T14:47:57+00:00,ACC,2986,2026-10-01,20:00:00,ET,Update 1,NC State,Louisville,12,Tad Hudson,Available,NonExempt
2026-10-02T14:47:57+00:00,ACC,2986,2026-10-01,20:00:00,ET,Update 1,NC State,Louisville,10,Will Wilson,Available,NonExempt
2026-10-02T14:47:57+00:00,ACC,2990,2026-10-01,20:00:00,ET,Update 1,Florida State,Virginia,14,Ashton Daniels,Available,NonExempt
2026-10-02T14:47:57+00:00,ACC,2990,2026-10-01,20:00:00,ET,Update 1,Florida State,Virginia,4,Dean DeNobile,Available,NonExempt
2026-10-02T14:47:57+00:00,ACC,2990,2026-10-01,20:00:00,ET,Update 1,Florida State,Virginia,16,Jaden O'Neal,Available,NonExempt
2026-10-02T14:47:57+00:00,ACC,2990,2026-10-01,20:00:00,ET,Update 1,Florida State,Virginia,9,Kevin Sperry,Available,NonExempt
2026-10-02T14:47:57+00:00,ACC,2990,2026-10-01,20:00:00,ET,Update 1,Florida State,Virginia,1,Malachi Marshall,Available,NonExempt
2026-10-02T14:47:57+00:00,ACC,2990,2026-10-01,20:00:00,ET,Update 1,Florida State,Virginia,12,Michael Grant,Available,NonExempt
2026-10-02T14:47:57+00:00,ACC,2990,2026-10-01,20:00:00,ET,Update 1,Virginia,Florida State,7,Beau Pribula,Available,NonExempt
2026-10-02T14:47:57+00:00,ACC,2990,2026-10-01,20:00:00,ET,Update 1,Virginia,Florida State,14,Boone Lourd,Available,NonExempt
2026-10-02T14:47:57+00:00,ACC,2990,2026-10-01,20:00:00,ET,Update 1,Virginia,Florida State,6,Cole Geer,Available,NonExempt
2026-10-02T14:47:57+00:00,ACC,2990,2026-10-01,20:00:00,ET,Update 1,Virginia,Florida State,10,Eli Holstein,Available,NonExempt
2026-10-02T14:47:57+00:00,ACC,2990,2026-10-01,20:00:00,ET,Update 1,Virginia,Florida State,16,Ely Hamrick,Available,NonExempt
2026-10-02T14:47:57+00:00,ACC,3022,2026-10-01,20:00:00,ET,Update 1,Clemson,Miami,5,Brock Bradley,Available,NonExempt
2026-10-02T14:47:57+00:00,ACC,3022,2026-10-01,20:00:00,ET,Update 1,Clemson,Miami,17,Christopher Vizzina,Available,NonExempt
2026-10-02T14:47:57+00:00,ACC,3022,2026-10-01,20:00:00,ET,Update 1,Clemson,Miami,9,Colson Brown,Available,NonExempt
2026-10-02T14:47:57+00:00,ACC,3022,2026-10-01,20:00:00,ET,Update 1,Clemson,Miami,2,Tait Reynolds,Available,NonExempt
2026-10-02T14:47:57+00:00,ACC,3022,2026-10-01,20:00:00,ET,Update 1,Clemson,Miami,14,Trent Pearman,Available,NonExempt
2026-10-02T14:47:57+00:00,ACC,3022,2026-10-01,20:00:00,ET,Update 1,Miami,Clemson,10,Darian Mensah,Available,NonExempt
2026-10-02T14:47:57+00:00,ACC,3022,2026-10-01,20:00:00,ET,Update 1,Miami,Clemson,11,Dereon Coleman,Available,NonExempt
2026-10-02T14:47:57+00:00,ACC,3022,2026-10-01,20:00:00,ET,Update 1,Miami,Clemson,18,Joe Borchers,Available,NonExempt
2026-10-02T14:47:57+00:00,ACC,3022,2026-10-01,20:00:00,ET,Update 1,Miami,Clemson,15,Judd Anderson,Available,NonExempt
2026-10-02T14:47:57+00:00,ACC,3022,2026-10-01,20:00:00,ET,Update 1,Miami,Clemson,5,Luke Nickel,Available,NonExempt
2026-10-02T14:47:57+00:00,ACC,3022,2026-10-01,20:00:00,ET,Update 1,Miami,Clemson,18,Vinny Gonzalez,Available,NonExempt
2026-10-02T14:47:57+00:00,SEC,2939,2026-10-01,19:10:00,CT,Update 1,Alabama,Mississippi State,10,Austin Mack,Available,NonExempt
2026-10-02T14:47:57+00:00,SEC,2939,2026-10-01,19:10:00,CT,Update 1,Alabama,Mississippi State,15,Jett Thomalla,Available,NonExempt
2026-10-02T14:47:57+00:00,SEC,2939,2026-10-01,19:10:00,CT,Update 1,Alabama,Mississippi State,19,John Cooper,Exempt,Exempt
2026-10-02T14:47:57+00:00,SEC,2939,2026-10-01,19:10:00,CT,Update 1,Alabama,Mississippi State,13,John Gazzaniga,Available,NonExempt
2026-10-02T14:47:57+00:00,SEC,2939,2026-10-01,19:10:00,CT,Update 1,Alabama,Mississippi State,12,Keelon Russell,Available,NonExempt
2026-10-02T14:47:57+00:00,SEC,2939,2026-10-01,19:10:00,CT,Update 1,Alabama,Mississippi State,11,Tayden-Evan Kaawa,Available,NonExempt
2026-10-02T14:47:57+00:00,SEC,2939,2026-10-01,19:10:00,CT,Update 1,Mississippi State,Alabama,17,AJ Swann,Available,NonExempt
2026-10-02T14:47:57+00:00,SEC,2939,2026-10-01,19:10:00,CT,Update 1,Mississippi State,Alabama,14,Brodie McWhorter,Exempt,Exempt
2026-10-02T14:47:57+00:00,SEC,2939,2026-10-01,19:10:00,CT,Update 1,Mississippi State,Alabama,8,Jaden Rashada,Exempt,Exempt
2026-10-02T14:47:57+00:00,SEC,2939,2026-10-01,19:10:00,CT,Update 1,Mississippi State,Alabama,1,Kamario Taylor,Available,NonExempt
2026-10-02T14:47:57+00:00,SEC,2939,2026-10-01,19:10:00,CT,Update 1,Mississippi State,Alabama,15,"Parker ""Billy"" Puckett",Available,NonExempt
2026-10-02T14:47:57+00:00,SEC,2968,2026-10-01,19:10:00,CT,Update 1,Georgia,Vanderbilt,18,Bryson Beaver,Available,NonExempt
2026-10-02T14:47:57+00:00,SEC,2968,2026-10-01,19:10:00,CT,Update 1,Georgia,Vanderbilt,17,Colter Ginn,Available,NonExempt
2026-10-02T14:47:57+00:00,SEC,2968,2026-10-01,19:10:00,CT,Update 1,Georgia,Vanderbilt,14,Gunner Stockton,Available,NonExempt
2026-10-02T14:47:57+00:00,SEC,2968,2026-10-01,19:10:00,CT,Update 1,Georgia,Vanderbilt,19,Hezekiah Millender,Available,NonExempt
2026-10-02T14:47:57+00:00,SEC,2968,2026-10-01,19:10:00,CT,Update 1,Georgia,Vanderbilt,25,Jake Bobo,Exempt,Exempt
2026-10-02T14:47:57+00:00,SEC,2968,2026-10-01,19:10:00,CT,Update 1,Georgia,Vanderbilt,15,Ryan Montgomery,Available,NonExempt
2026-10-02T14:47:57+00:00,SEC,2968,2026-10-01,19:10:00,CT,Update 1,Georgia,Vanderbilt,12,Ryan Puglisi,Available,NonExempt
2026-10-02T14:47:57+00:00,SEC,2968,2026-10-01,19:10:00,CT,Update 1,Vanderbilt,Georgia,1,Blaze Berlowitz,Available,NonExempt
2026-10-02T14:47:57+00:00,SEC,2968,2026-10-01,19:10:00,CT,Update 1,Vanderbilt,Georgia,14,Drew Cowart,Exempt,Exempt
2026-10-02T14:47:57+00:00,SEC,2968,2026-10-01,19:10:00,CT,Update 1,Vanderbilt,Georgia,11,Jack Elliott,Available,NonExempt
2026-10-02T14:47:57+00:00,SEC,2968,2026-10-01,19:10:00,CT,Update 1,Vanderbilt,Georgia,2,Jared Curtis,Questionable,NonExempt
2026-10-02T14:47:57+00:00,SEC,2968,2026-10-01,19:10:00,CT,Update 1,Vanderbilt,Georgia,10,Whit Muschamp,Available,NonExempt
2026-10-02T14:47:57+00:00,SEC,2978,2026-10-01,19:10:00,CT,Update 1,Florida,Missouri,12,Aaron Philo,Available,NonExempt
2026-10-02T14:47:57+00:00,SEC,2978,2026-10-01,19:10:00,CT,Update 1,Florida,Missouri,10,Aaron Williams,Exempt,Exempt
2026-10-02T14:47:57+00:00,SEC,2978,2026-10-01,19:10:00,CT,Update 1,Florida,Missouri,16,Aidan Warner,Exempt,Exempt
2026-10-02T14:47:57+00:00,SEC,2978,2026-10-01,19:10:00,CT,Update 1,Florida,Missouri,9,Tramell Jones Jr.,Available,NonExempt
2026-10-02T14:47:57+00:00,SEC,2978,2026-10-01,19:10:00,CT,Update 1,Florida,Missouri,11,Will Griffin,Available,NonExempt
2026-10-02T14:47:57+00:00,SEC,2978,2026-10-01,19:10:00,CT,Update 1,Missouri,Florida,13,Austin Simmons,Available,NonExempt
2026-10-02T14:47:57+00:00,SEC,2978,2026-10-01,19:10:00,CT,Update 1,Missouri,Florida,14,Brett Brown,Available,NonExempt
2026-10-02T14:47:57+00:00,SEC,2978,2026-10-01,19:10:00,CT,Update 1,Missouri,Florida,7,Gavin Sidwar,Available,NonExempt
2026-10-02T14:47:57+00:00,SEC,2978,2026-10-01,19:10:00,CT,Update 1,Missouri,Florida,5,Matt Zollers,Available,NonExempt
2026-10-02T14:47:57+00:00,SEC,2978,2026-10-01,19:10:00,CT,Update 1,Missouri,Florida,10,Nick Evers,Available,NonExempt
2026-10-02T14:47:57+00:00,SEC,2982,2026-10-01,19:10:00,CT,Update 1,Auburn,Tennessee,17,Byrum Brown,Available,NonExempt
2026-10-02T14:47:57+00:00,SEC,2982,2026-10-01,19:10:00,CT,Update 1,Auburn,Tennessee,16,John Colvin,Exempt,Exempt
2026-10-02T14:47:57+00:00,SEC,2982,2026-10-01,19:10:00,CT,Update 1,Auburn,Tennessee,3,Locklan Hewlett,Available,NonExempt
2026-10-02T14:47:57+00:00,SEC,2982,2026-10-01,19:10:00,CT,Update 1,Auburn,Tennessee,19,Rhys Brush,Available,NonExempt
2026-10-02T14:47:57+00:00,SEC,2982,2026-10-01,19:10:00,CT,Update 1,Auburn,Tennessee,10,Tristan Ti'a,Available,NonExempt
2026-10-02T14:47:57+00:00,SEC,2982,2026-10-01,19:10:00,CT,Update 1,Auburn,Tennessee,11,Will Myers,Exempt,Exempt
2026-10-02T14:47:57+00:00,SEC,2982,2026-10-01,19:10:00,CT,Update 1,Tennessee,Auburn,11,Faizon Brandon,Available,NonExempt
2026-10-02T14:47:57+00:00,SEC,2982,2026-10-01,19:10:00,CT,Update 1,Tennessee,Auburn,12,George MacIntyre,Available,NonExempt
2026-10-02T14:47:57+00:00,SEC,2982,2026-10-01,19:10:00,CT,Update 1,Tennessee,Auburn,13,Mason Phillips,Exempt,Exempt
2026-10-02T14:47:57+00:00,SEC,2982,2026-10-01,19:10:00,CT,Update 1,Tennessee,Auburn,8,Ryan Staub,Available,NonExempt
2026-10-02T14:47:57+00:00,SEC,3004,2026-10-01,19:10:00,CT,Update 1,Kentucky,South Carolina,14,Brennen Ward,Available,NonExempt
2026-10-02T14:47:57+00:00,SEC,3004,2026-10-01,19:10:00,CT,Update 1,Kentucky,South Carolina,10,Callum Wither,Available,NonExempt
2026-10-02T14:47:57+00:00,SEC,3004,2026-10-01,19:10:00,CT,Update 1,Kentucky,South Carolina,15,Carson Cruver,Exempt,Exempt
2026-10-02T14:47:57+00:00,SEC,3004,2026-10-01,19:10:00,CT,Update 1,Kentucky,South Carolina,16,JacQai Long,Available,NonExempt
2026-10-02T14:47:57+00:00,SEC,3004,2026-10-01,19:10:00,CT,Update 1,Kentucky,South Carolina,3,Kenny Minchey,Available,NonExempt
2026-10-02T14:47:57+00:00,SEC,3004,2026-10-01,19:10:00,CT,Update 1,Kentucky,South Carolina,9,Matt Ponatoski,Available,NonExempt
2026-10-02T14:47:57+00:00,SEC,3004,2026-10-01,19:10:00,CT,Update 1,Kentucky,South Carolina,17,William Drakeford Jr.,Exempt,Exempt
2026-10-02T14:47:57+00:00,SEC,3004,2026-10-01,19:10:00,CT,Update 1,South Carolina,Kentucky,19,Brandon Cunningham,Exempt,Exempt
2026-10-02T14:47:57+00:00,SEC,3004,2026-10-01,19:10:00,CT,Update 1,South Carolina,Kentucky,12,Cutter Woods,Available,NonExempt
2026-10-02T14:47:57+00:00,SEC,3004,2026-10-01,19:10:00,CT,Update 1,South Carolina,Kentucky,25,Jimmy Francis,Exempt,Exempt
2026-10-02T14:47:57+00:00,SEC,3004,2026-10-01,19:10:00,CT,Update 1,South Carolina,Kentucky,16,LaNorris Sellers,Available,NonExempt
2026-10-02T14:47:57+00:00,SEC,3004,2026-10-01,19:10:00,CT,Update 1,South Carolina,Kentucky,11,Landon Duckworth,Available,NonExempt
2026-10-02T14:47:57+00:00,SEC,3004,2026-10-01,19:10:00,CT,Update 1,South Carolina,Kentucky,15,Lucian Anderson III,Available,NonExempt
2026-10-02T14:47:57+00:00,SEC,3017,2026-10-01,19:10:00,CT,Update 1,Arkansas,Texas A&M,2,AJ Hill,Available,NonExempt
2026-10-02T14:47:57+00:00,SEC,3017,2026-10-01,19:10:00,CT,Update 1,Arkansas,Texas A&M,16,Braeden Fuller,Exempt,Exempt
2026-10-02T14:47:57+00:00,SEC,3017,2026-10-01,19:10:00,CT,Update 1,Arkansas,Texas A&M,10,Cade Trotter,Available,NonExempt
2026-10-02T14:47:57+00:00,SEC,3017,2026-10-01,19:10:00,CT,Update 1,Arkansas,Texas A&M,14,Hank Hendrix,Available,NonExempt
2026-10-02T14:47:57+00:00,SEC,3017,2026-10-01,19:10:00,CT,Update 1,Arkansas,Texas A&M,7,KJ Jackson,Available,NonExempt
2026-10-02T14:47:57+00:00,SEC,3017,2026-10-01,19:10:00,CT,Update 1,Texas A&M,Arkansas,13,Brady Hart,Available,NonExempt
2026-10-02T14:47:57+00:00,SEC,3017,2026-10-01,19:10:00,CT,Update 1,Texas A&M,Arkansas,14,Eli Morcos,Available,NonExempt
2026-10-02T14:47:57+00:00,SEC,3017,2026-10-01,19:10:00,CT,Update 1,Texas A&M,Arkansas,16,Helaman Casuga,Available,NonExempt
2026-10-02T14:47:57+00:00,SEC,3017,2026-10-01,19:10:00,CT,Update 1,Texas A&M,Arkansas,10,Marcel Reed,Available,NonExempt
2026-10-02T14:47:57+00:00,SEC,3017,2026-10-01,19:10:00,CT,Update 1,Texas A&M,Arkansas,19,Paxton Land,Available,NonExempt
