sport,game_id,season,week,kickoff,market,first_letter,first_score,first_at,letter,score,line,atlas,claimed,home_side,published_at,path
ncaaf,401856696,2026,4,2026-09-26T23:10:00+00:00,margin,B,87.506,2026-09-26T02:37:46.482013+00:00,B,87.608,12.500,11.506,0.524,False,2026-09-26T23:07:52.076740+00:00,ncaaf/south-carolina-gamecocks-alabama-crimson-tide.html
ncaaf,401856697,2026,4,2026-09-27T00:00:00+00:00,margin,B,81.308,2026-09-26T02:37:46.482013+00:00,B,81.296,7.000,7.818,0.520,True,2026-09-26T23:53:13.542258+00:00,ncaaf/tulsa-golden-hurricane-arkansas-razorbacks.html
ncaaf,401856698,2026,4,2026-09-26T20:15:00+00:00,margin,C,69.217,2026-09-26T02:37:46.482013+00:00,D,59.730,10.000,4.763,0.626,False,2026-09-26T20:08:11.332366+00:00,ncaaf/vanderbilt-commodores-auburn-tigers.html
ncaaf,401856699,2026,4,2026-09-26T19:30:00+00:00,margin,C,76.173,2026-09-26T02:37:46.482013+00:00,C,78.807,4.000,5.258,0.531,True,2026-09-26T19:23:03.764694+00:00,ncaaf/ole-miss-rebels-florida-gators.html
ncaaf,401856700,2026,4,2026-09-26T19:30:00+00:00,margin,C,73.658,2026-09-26T02:37:46.482013+00:00,C,78.704,12.500,11.223,0.531,False,2026-09-26T19:23:03.764694+00:00,ncaaf/oklahoma-sooners-georgia-bulldogs.html
ncaaf,401856702,2026,4,2026-09-26T23:30:00+00:00,margin,D,54.632,2026-09-26T02:37:46.482013+00:00,D,54.649,8.500,2.097,0.654,False,2026-09-26T23:23:08.825066+00:00,ncaaf/texas-a-m-aggies-lsu-tigers.html
ncaaf,401856703,2026,4,2026-09-26T23:45:00+00:00,margin,C,77.433,2026-09-26T02:37:46.482013+00:00,B,80.228,3.500,4.503,0.525,True,2026-09-26T23:38:04.939196+00:00,ncaaf/missouri-tigers-mississippi-state-bulldogs.html
ncaaf,401856704,2026,4,2026-09-26T16:00:00+00:00,margin,B,86.360,2026-09-26T02:37:46.482013+00:00,B,86.224,-5.500,-5.586,0.502,False,2026-09-26T15:53:07.318479+00:00,ncaaf/texas-longhorns-tennessee-volunteers.html
ncaaf,401856804,2026,4,2026-09-26T23:30:00+00:00,margin,D,61.486,2026-09-26T02:37:46.482013+00:00,D,57.177,-11.500,-5.681,0.638,True,2026-09-26T23:23:08.825066+00:00,ncaaf/arizona-wildcats-washington-state-cougars.html
ncaaf,401856805,2026,4,2026-09-26T16:00:00+00:00,margin,C,72.893,2026-09-26T02:37:46.482013+00:00,C,72.819,34.500,32.084,0.558,False,2026-09-26T15:53:07.318479+00:00,ncaaf/sam-houston-bearkats-texas-tech-red-raiders.html
ncaaf,401856806,2026,4,2026-09-26T20:00:00+00:00,margin,C,75.092,2026-09-26T02:37:46.482013+00:00,C,75.000,-17.500,-15.519,0.548,True,2026-09-26T19:53:05.326247+00:00,ncaaf/houston-cougars-georgia-southern-eagles.html
ncaaf,401856813,2026,4,2026-09-26T16:00:00+00:00,margin,B,79.135,2026-09-26T02:37:46.482013+00:00,C,74.341,8.500,12.129,0.587,True,2026-09-26T15:53:07.318479+00:00,ncaaf/colorado-buffaloes-baylor-bears.html
ncaaf,401856814,2026,4,2026-09-26T23:00:00+00:00,margin,B,87.951,2026-09-26T02:37:46.482013+00:00,A,91.040,-6.000,-5.573,0.510,True,2026-09-26T22:53:12.425700+00:00,ncaaf/kansas-state-wildcats-cincinnati-bearcats.html
ncaaf,401856815,2026,4,2026-09-26T19:30:00+00:00,margin,C,76.931,2026-09-26T02:37:46.482013+00:00,C,74.574,-3.500,0.079,0.586,True,2026-09-26T19:23:03.764694+00:00,ncaaf/tcu-horned-frogs-ucf-knights.html
ncaaf,401856816,2026,4,2026-09-26T19:30:00+00:00,margin,C,67.325,2026-09-26T02:37:46.482013+00:00,C,67.129,-7.500,-3.896,0.587,True,2026-09-26T19:23:03.764694+00:00,ncaaf/utah-utes-iowa-state-cyclones.html
ncaaf,401856881,2026,4,2026-09-26T23:00:00+00:00,margin,B,81.884,2026-09-26T02:37:46.482013+00:00,B,81.842,1.500,2.226,0.518,True,2026-09-26T22:53:12.425700+00:00,ncaaf/oklahoma-state-cowboys-west-virginia-mountaineers.html
ncaaf,401858238,2026,4,2026-09-26T22:30:00+00:00,margin,F,36.762,2026-09-26T02:37:46.482013+00:00,F,31.441,40.500,28.396,0.769,False,2026-09-26T22:23:06.108891+00:00,ncaaf/central-michigan-chippewas-miami-hurricanes.html
ncaaf,401858239,2026,4,2026-09-26T22:00:00+00:00,margin,C,68.048,2026-09-26T02:37:46.482013+00:00,C,67.453,19.500,14.352,0.623,False,2026-09-26T21:53:07.502197+00:00,ncaaf/delaware-blue-hens-virginia-cavaliers.html
ncaaf,401858240,2026,4,2026-09-27T02:30:00+00:00,margin,B,79.777,2026-09-26T02:37:46.482013+00:00,C,69.875,-3.000,-6.022,0.573,False,2026-09-26T23:53:13.542258+00:00,ncaaf/georgia-tech-yellow-jackets-stanford-cardinal.html
ncaaf,401858241,2026,4,2026-09-27T01:00:00+00:00,margin,D,61.934,2026-09-26T02:37:46.482013+00:00,C,72.942,30.500,28.109,0.558,False,2026-09-26T23:53:13.542258+00:00,ncaaf/missouri-state-bears-smu-mustangs.html
ncaaf,401858242,2026,4,2026-09-26T16:00:00+00:00,margin,C,72.347,2026-09-26T02:37:46.482013+00:00,C,69.401,-14.500,-9.789,0.613,True,2026-09-26T15:53:07.318479+00:00,ncaaf/virginia-tech-hokies-boston-college-eagles.html
ncaaf,401858243,2026,4,2026-09-26T16:00:00+00:00,margin,B,84.698,2026-09-26T02:37:46.482013+00:00,B,83.143,11.500,10.985,0.513,False,2026-09-26T15:53:07.318479+00:00,ncaaf/wake-forest-demon-deacons-louisville-cardinals.html
ncaaf,401858462,2026,4,2026-09-26T17:30:00+00:00,margin,B,83.278,2026-09-26T02:37:46.482013+00:00,B,88.884,-2.500,-3.274,0.519,False,2026-09-26T17:23:07.547992+00:00,ncaaf/ucla-bruins-maryland-terrapins.html
ncaaf,401858463,2026,4,2026-09-26T19:30:00+00:00,margin,B,82.605,2026-09-26T02:37:46.482013+00:00,B,82.666,5.500,3.585,0.547,False,2026-09-26T19:23:03.764694+00:00,ncaaf/iowa-hawkeyes-michigan-wolverines.html
ncaaf,401858464,2026,4,2026-09-26T21:00:00+00:00,margin,B,80.952,2026-09-26T02:37:46.482013+00:00,C,78.542,-6.000,-3.256,0.567,True,2026-09-26T20:53:21.342777+00:00,ncaaf/nebraska-cornhuskers-michigan-state-spartans.html
ncaaf,401858465,2026,4,2026-09-26T16:00:00+00:00,margin,C,72.182,2026-09-26T02:37:46.482013+00:00,C,69.493,25.500,22.398,0.575,False,2026-09-26T15:53:07.318479+00:00,ncaaf/illinois-fighting-illini-ohio-state-buckeyes.html
ncaaf,401858466,2026,4,2026-09-26T21:00:00+00:00,margin,C,71.699,2026-09-26T02:37:46.482013+00:00,C,72.130,10.000,12.556,0.562,True,2026-09-26T20:53:21.342777+00:00,ncaaf/wisconsin-badgers-penn-state-nittany-lions.html
ncaaf,401858467,2026,4,2026-09-26T18:00:00+00:00,margin,C,66.010,2026-09-26T02:37:46.482013+00:00,D,65.984,-27.500,-22.019,0.632,True,2026-09-26T17:53:20.327156+00:00,ncaaf/notre-dame-fighting-irish-purdue-boilermakers.html
ncaaf,401858469,2026,4,2026-09-26T23:30:00+00:00,margin,C,67.629,2026-09-26T02:37:46.482013+00:00,D,65.311,-3.500,0.497,0.597,True,2026-09-26T23:23:08.825066+00:00,ncaaf/oregon-ducks-usc-trojans.html
ncaaf,401858470,2026,4,2026-09-27T03:00:00+00:00,margin,B,83.579,2026-09-26T02:37:46.482013+00:00,C,71.422,11.500,8.799,0.565,False,2026-09-26T23:53:13.542258+00:00,ncaaf/minnesota-golden-gophers-washington-huskies.html
ncaaf,401860891,2026,4,2026-09-27T02:00:00+00:00,margin,C,77.596,2026-09-26T02:37:46.482013+00:00,C,72.443,12.500,16.540,0.598,True,2026-09-26T23:53:13.542258+00:00,ncaaf/rice-owls-fresno-state-bulldogs.html
ncaaf,401860893,2026,4,2026-09-26T16:00:00+00:00,margin,C,68.691,2026-09-26T02:37:46.482013+00:00,C,71.077,2.500,-0.272,0.567,False,2026-09-26T15:53:07.318479+00:00,ncaaf/san-diego-state-aztecs-toledo-rockets.html
ncaaf,401860894,2026,4,2026-09-26T23:30:00+00:00,margin,C,74.990,2026-09-26T02:37:46.482013+00:00,C,75.018,3.000,6.484,0.584,True,2026-09-26T23:23:08.825066+00:00,ncaaf/troy-trojans-utah-state-aggies.html
ncaaf,401860895,2026,4,2026-09-27T01:00:00+00:00,margin,C,74.965,2026-09-26T02:37:46.482013+00:00,B,87.398,-11.500,-12.531,0.525,False,2026-09-26T23:53:13.542258+00:00,ncaaf/oregon-state-beavers-utep-miners.html
ncaaf,401860896,2026,4,2026-09-26T16:00:00+00:00,margin,C,71.802,2026-09-26T02:37:46.482013+00:00,C,69.393,14.500,11.377,0.575,False,2026-09-26T15:53:07.318479+00:00,ncaaf/colorado-state-rams-utsa-roadrunners.html
ncaaf,401860897,2026,4,2026-09-26T19:30:00+00:00,margin,C,68.569,2026-09-26T02:37:46.482013+00:00,D,64.244,-8.500,-2.621,0.640,True,2026-09-26T19:23:03.764694+00:00,ncaaf/boise-state-broncos-western-michigan-broncos.html
ncaaf,401861970,2026,4,2026-09-26T19:30:00+00:00,margin,A,93.152,2026-09-26T02:37:46.482013+00:00,B,86.820,2.500,3.634,0.528,True,2026-09-26T19:23:03.764694+00:00,ncaaf/uconn-huskies-miami-oh-redhawks.html
ncaaf,401862780,2026,4,2026-09-26T22:30:00+00:00,margin,C,73.698,2026-09-26T02:37:46.482013+00:00,C,76.240,-9.500,-7.760,0.542,True,2026-09-26T22:23:06.108891+00:00,ncaaf/louisiana-ragin-cajuns-charlotte-49ers.html
ncaaf,401862782,2026,4,2026-09-27T00:00:00+00:00,margin,D,56.698,2026-09-26T02:37:46.482013+00:00,D,56.755,-11.500,-5.584,0.641,True,2026-09-26T23:53:13.542258+00:00,ncaaf/florida-atlantic-owls-ul-monroe-warhawks.html
ncaaf,401862784,2026,4,2026-09-26T23:00:00+00:00,margin,C,72.104,2026-09-26T02:37:46.482013+00:00,C,72.406,17.500,13.452,0.598,False,2026-09-26T22:53:12.425700+00:00,ncaaf/southern-miss-golden-eagles-tulane-green-wave.html
ncaaf,401862785,2026,4,2026-09-26T21:00:00+00:00,margin,C,70.961,2026-09-26T02:37:46.482013+00:00,C,70.889,-17.500,-14.689,0.568,True,2026-09-26T20:53:21.342777+00:00,ncaaf/south-florida-bulls-bowling-green-falcons.html
ncaaf,401864509,2026,4,2026-09-27T02:30:00+00:00,margin,F,35.760,2026-09-26T02:37:46.482013+00:00,F,45.318,-5.500,4.912,0.735,True,2026-09-26T23:53:13.542258+00:00,ncaaf/air-force-falcons-nevada-wolf-pack.html
ncaaf,401864510,2026,4,2026-09-26T19:00:00+00:00,margin,B,86.162,2026-09-26T02:37:46.482013+00:00,B,86.473,-2.500,-2.559,0.501,False,2026-09-26T18:53:07.390522+00:00,ncaaf/hawai-i-rainbow-warriors-wyoming-cowboys.html
ncaaf,401864511,2026,4,2026-09-26T18:00:00+00:00,margin,C,70.383,2026-09-26T02:37:46.482013+00:00,B,88.054,8.500,7.584,0.522,False,2026-09-26T17:53:20.327156+00:00,ncaaf/northern-illinois-huskies-georgia-state-panthers.html
ncaaf,401864512,2026,4,2026-09-26T16:00:00+00:00,margin,D,54.796,2026-09-26T02:37:46.482013+00:00,D,54.750,-13.500,-5.389,0.690,True,2026-09-26T15:53:07.318479+00:00,ncaaf/unlv-rebels-akron-zips.html
ncaaf,401864572,2026,4,2026-09-26T23:30:00+00:00,margin,B,79.287,2026-09-26T02:37:46.482013+00:00,B,79.827,12.500,11.426,0.526,False,2026-09-26T23:23:08.825066+00:00,ncaaf/app-state-mountaineers-nc-state-wolfpack.html
ncaaf,401864576,2026,4,2026-09-26T16:45:00+00:00,margin,C,66.653,2026-09-26T02:37:46.482013+00:00,D,57.142,21.000,15.173,0.639,False,2026-09-26T16:38:12.636821+00:00,ncaaf/south-alabama-jaguars-kentucky-wildcats.html
ncaaf,401864579,2026,4,2026-09-26T19:30:00+00:00,margin,B,86.726,2026-09-26T02:37:46.482013+00:00,B,86.438,-11.500,-12.703,0.529,False,2026-09-26T19:23:03.764694+00:00,ncaaf/new-mexico-lobos-new-mexico-state-aggies.html
ncaaf,401866425,2026,4,2026-09-26T16:00:00+00:00,margin,B,79.715,2026-09-26T02:37:46.482013+00:00,B,82.628,2.500,1.903,0.515,False,2026-09-26T15:53:07.318479+00:00,ncaaf/ball-state-cardinals-kent-state-golden-flashes.html
ncaaf,401866429,2026,4,2026-09-27T01:00:00+00:00,margin,F,23.625,2026-09-26T02:37:46.482013+00:00,F,28.694,-5.500,12.258,0.860,True,2026-09-26T23:53:13.542258+00:00,ncaaf/massachusetts-minutemen-sacramento-state-hornets.html
ncaaf,401869931,2026,4,2026-09-26T23:00:00+00:00,margin,B,88.286,2026-09-26T02:37:46.482013+00:00,B,88.274,6.500,5.622,0.521,False,2026-09-26T22:53:12.425700+00:00,ncaaf/kennesaw-state-owls-arkansas-state-red-wolves.html
ncaaf,401869961,2026,4,2026-09-26T22:00:00+00:00,margin,B,86.588,2026-09-26T02:37:46.482013+00:00,B,79.375,-7.000,-5.845,0.528,True,2026-09-26T21:53:07.502197+00:00,ncaaf/james-madison-dukes-old-dominion-monarchs.html
ncaaf,401871048,2026,4,2026-09-26T23:00:00+00:00,margin,B,82.217,2026-09-26T02:37:46.482013+00:00,B,82.308,7.000,6.351,0.516,False,2026-09-26T22:53:12.425700+00:00,ncaaf/middle-tennessee-blue-raiders-jacksonville-state-gamecocks.html
ncaaf,401856705,2026,5,2026-10-03T16:45:00+00:00,margin,C,75.244,2026-09-26T13:24:34.467936+00:00,B,82.961,24.500,21.537,0.572,False,2026-09-28T12:53:29.443175+00:00,ncaaf/vanderbilt-commodores-georgia-bulldogs.html
ncaaf,401856707,2026,5,2026-10-03T16:00:00+00:00,margin,A,90.696,2026-09-26T13:24:34.467936+00:00,B,83.297,-6.000,-7.440,0.536,False,2026-09-28T12:53:29.443175+00:00,ncaaf/alabama-crimson-tide-mississippi-state-bulldogs.html
ncaaf,401856708,2026,5,2026-10-03T19:30:00+00:00,margin,B,84.752,2026-09-26T13:24:34.467936+00:00,B,87.431,-4.500,-3.793,0.517,True,2026-09-28T12:53:29.443175+00:00,ncaaf/florida-gators-missouri-tigers.html
ncaaf,401856709,2026,5,2026-10-03T20:15:00+00:00,margin,B,80.910,2026-09-26T13:24:34.467936+00:00,C,74.365,3.000,6.229,0.579,True,2026-09-28T12:53:29.443175+00:00,ncaaf/kentucky-wildcats-south-carolina-gamecocks.html
ncaaf,401856710,2026,5,2026-10-03T19:30:00+00:00,margin,A,95.889,2026-09-26T13:24:34.467936+00:00,A,95.738,7.000,7.548,0.514,True,2026-09-28T12:53:29.443175+00:00,ncaaf/auburn-tigers-tennessee-volunteers.html
ncaaf,401856711,2026,5,2026-10-03T23:00:00+00:00,margin,A,90.911,2026-09-27T16:38:21.120859+00:00,B,88.284,14.000,15.887,0.546,True,2026-09-28T12:53:29.443175+00:00,ncaaf/arkansas-razorbacks-texas-a-m-aggies.html
ncaaf,401856807,2026,5,2026-10-03T16:00:00+00:00,margin,D,64.543,2026-09-27T17:08:17.439814+00:00,D,63.678,19.500,13.916,0.633,False,2026-09-28T12:53:29.443175+00:00,ncaaf/middle-tennessee-blue-raiders-kansas-jayhawks.html
ncaaf,401856817,2026,5,2026-10-04T02:30:00+00:00,margin,B,80.901,2026-09-27T17:08:17.439814+00:00,B,80.901,3.500,0.103,0.582,False,2026-09-28T12:53:29.443175+00:00,ncaaf/baylor-bears-arizona-state-sun-devils.html
ncaaf,401856818,2026,5,2026-10-03T23:00:00+00:00,margin,A+,98.224,2026-09-26T13:24:34.467936+00:00,A+,97.147,-6.500,-6.167,0.508,True,2026-09-28T12:53:29.443175+00:00,ncaaf/byu-cougars-tcu-horned-frogs.html
ncaaf,401856819,2026,5,2026-10-03T16:00:00+00:00,margin,C,75.681,2026-09-27T14:53:30.551714+00:00,C,77.722,10.500,7.968,0.562,False,2026-09-28T12:53:29.443175+00:00,ncaaf/ucf-knights-houston-cougars.html
ncaaf,401856820,2026,5,2026-10-04T03:00:00+00:00,margin,B,87.074,2026-09-27T07:53:25.562424+00:00,C,77.860,7.000,9.504,0.561,True,2026-09-28T12:53:29.443175+00:00,ncaaf/cincinnati-bearcats-arizona-wildcats.html
ncaaf,401856821,2026,5,2026-10-03T23:30:00+00:00,margin,B,89.592,2026-09-27T15:23:19.988899+00:00,B,84.547,-13.500,-16.135,0.564,False,2026-09-28T12:53:29.443175+00:00,ncaaf/texas-tech-red-raiders-colorado-buffaloes.html
ncaaf,401856822,2026,5,2026-10-03T16:00:00+00:00,margin,F,50.200,2026-09-27T16:23:34.401793+00:00,F,48.974,3.000,12.059,0.711,True,2026-09-28T12:53:29.443175+00:00,ncaaf/west-virginia-mountaineers-iowa-state-cyclones.html
ncaaf,401858245,2026,5,2026-10-02T23:00:00+00:00,margin,C,74.495,2026-09-26T02:37:46.482013+00:00,C,71.283,3.500,-0.389,0.594,False,2026-09-28T12:53:29.443175+00:00,ncaaf/pittsburgh-panthers-virginia-tech-hokies.html
ncaaf,401858246,2026,5,2026-10-03T16:00:00+00:00,margin,C,70.771,2026-09-27T15:23:19.988899+00:00,C,72.972,20.500,15.362,0.624,False,2026-09-28T12:53:29.443175+00:00,ncaaf/boston-college-eagles-smu-mustangs.html
ncaaf,401858247,2026,5,2026-10-03T19:30:00+00:00,margin,A+,96.042,2026-09-27T16:38:21.120859+00:00,A+,96.042,2.500,2.000,0.512,False,2026-09-28T12:53:29.443175+00:00,ncaaf/california-golden-bears-unlv-rebels.html
ncaaf,401858248,2026,5,2026-10-03T19:30:00+00:00,margin,B,85.904,2026-09-26T13:24:34.467936+00:00,C,76.970,-5.500,-2.814,0.566,True,2026-09-28T12:53:29.443175+00:00,ncaaf/louisville-cardinals-nc-state-wolfpack.html
ncaaf,401858249,2026,5,2026-10-03T23:30:00+00:00,margin,D,61.358,2026-09-26T13:24:34.467936+00:00,D,64.557,-17.500,-12.116,0.630,True,2026-09-28T12:53:29.443175+00:00,ncaaf/miami-hurricanes-clemson-tigers.html
ncaaf,401858250,2026,5,2026-10-03T16:00:00+00:00,margin,B,82.585,2026-09-26T13:24:34.467936+00:00,B,87.341,-21.500,-20.778,0.518,True,2026-09-28T12:53:29.443175+00:00,ncaaf/notre-dame-fighting-irish-north-carolina-tar-heels.html
ncaaf,401858251,2026,5,2026-10-03T16:00:00+00:00,margin,A,90.846,2026-09-27T14:38:30.667458+00:00,A,90.846,12.500,13.899,0.535,True,2026-09-28T12:53:29.443175+00:00,ncaaf/stanford-cardinal-wake-forest-demon-deacons.html
ncaaf,401858252,2026,5,2026-10-03T16:00:00+00:00,margin,C,76.436,2026-09-27T16:23:34.401793+00:00,B,81.052,-5.500,-2.135,0.581,True,2026-09-28T12:53:29.443175+00:00,ncaaf/syracuse-orange-uconn-huskies.html
ncaaf,401858253,2026,5,2026-10-03T19:30:00+00:00,margin,D,65.888,2026-09-27T07:53:25.562424+00:00,D,64.434,-3.000,2.412,0.630,True,2026-09-28T12:53:29.443175+00:00,ncaaf/virginia-cavaliers-florida-state-seminoles.html
ncaaf,401858472,2026,5,2026-10-03T20:15:00+00:00,margin,B,86.913,2026-09-27T15:23:19.988899+00:00,B,86.913,10.000,12.157,0.553,True,2026-09-28T12:53:29.443175+00:00,ncaaf/purdue-boilermakers-illinois-fighting-illini.html
ncaaf,401858473,2026,5,2026-10-03T19:30:00+00:00,margin,C,78.175,2026-09-26T13:24:34.467936+00:00,B,80.096,-13.500,-9.931,0.587,True,2026-09-28T12:53:29.443175+00:00,ncaaf/ohio-state-buckeyes-iowa-hawkeyes.html
ncaaf,401858474,2026,5,2026-10-03T16:00:00+00:00,margin,A,92.046,2026-09-26T13:24:34.467936+00:00,B,80.746,-6.000,-4.072,0.547,True,2026-09-28T12:53:29.443175+00:00,ncaaf/michigan-wolverines-minnesota-golden-gophers.html
ncaaf,401858475,2026,5,2026-10-03T20:00:00+00:00,margin,C,70.666,2026-09-27T14:53:30.551714+00:00,C,72.334,14.500,18.162,0.589,True,2026-09-28T12:53:29.443175+00:00,ncaaf/maryland-terrapins-nebraska-cornhuskers.html
ncaaf,401858476,2026,5,2026-10-03T00:00:00+00:00,margin,B,80.194,2026-09-26T02:37:46.482013+00:00,B,79.650,-2.500,-0.356,0.552,True,2026-09-28T12:53:29.443175+00:00,ncaaf/penn-state-nittany-lions-northwestern-wildcats.html
ncaaf,401858477,2026,5,2026-10-04T00:00:00+00:00,margin,A,90.819,2026-09-27T05:54:03.634719+00:00,B,83.678,-24.500,-21.686,0.569,True,2026-09-28T12:53:29.443175+00:00,ncaaf/indiana-hoosiers-rutgers-scarlet-knights.html
ncaaf,401858478,2026,5,2026-10-03T23:30:00+00:00,margin,C,78.331,2026-09-26T13:24:34.467936+00:00,B,80.325,10.000,6.480,0.586,False,2026-09-28T12:53:29.443175+00:00,ncaaf/washington-huskies-usc-trojans.html
ncaaf,401858479,2026,5,2026-10-03T16:30:00+00:00,margin,C,73.318,2026-09-27T05:54:03.634719+00:00,B,88.315,10.000,8.119,0.546,False,2026-09-28T12:53:29.443175+00:00,ncaaf/michigan-state-spartans-wisconsin-badgers.html
ncaaf,401860898,2026,5,2026-10-03T23:30:00+00:00,margin,D,62.314,2026-09-27T16:53:39.159437+00:00,D,62.314,20.500,12.888,0.680,False,2026-09-28T12:53:29.443175+00:00,ncaaf/utah-state-aggies-boise-state-broncos.html
ncaaf,401860899,2026,5,2026-10-03T22:00:00+00:00,margin,B,87.809,2026-09-27T16:38:21.120859+00:00,B,82.879,-4.500,-1.520,0.573,True,2026-09-28T12:53:29.443175+00:00,ncaaf/oregon-state-beavers-colorado-state-rams.html
ncaaf,401860900,2026,5,2026-10-04T02:30:00+00:00,margin,D,57.802,2026-09-27T17:08:17.439814+00:00,D,61.965,-3.500,4.195,0.682,True,2026-09-28T12:53:29.443175+00:00,ncaaf/texas-state-bobcats-san-diego-state-aztecs.html
ncaaf,401860921,2026,5,2026-10-04T01:30:00+00:00,margin,A+,96.042,2026-09-27T17:08:17.439814+00:00,A+,96.042,1.500,2.000,0.512,True,2026-09-28T12:53:29.443175+00:00,ncaaf/fresno-state-bulldogs-washington-state-cougars.html
ncaaf,401862786,2026,5,2026-10-02T01:00:00+00:00,margin,A,93.106,2026-09-27T14:23:47.267886+00:00,C,70.819,1.500,-2.490,0.597,False,2026-09-28T12:53:29.443175+00:00,ncaaf/north-texas-mean-green-tulsa-golden-hurricane.html
ncaaf,401862787,2026,5,2026-10-03T19:30:00+00:00,margin,C,74.410,2026-09-27T16:38:21.120859+00:00,C,78.953,-20.500,-16.685,0.593,True,2026-09-28T12:53:29.443175+00:00,ncaaf/memphis-tigers-charlotte-49ers.html
ncaaf,401862788,2026,5,2026-10-03T23:00:00+00:00,margin,B,87.611,2026-09-27T14:53:30.551714+00:00,C,70.686,-10.500,-14.519,0.598,False,2026-09-28T12:53:29.443175+00:00,ncaaf/utsa-roadrunners-rice-owls.html
ncaaf,401862791,2026,5,2026-10-03T16:00:00+00:00,margin,B,88.382,2026-09-27T14:23:47.267886+00:00,A,93.807,2.500,3.368,0.521,True,2026-09-28T12:53:29.443175+00:00,ncaaf/navy-midshipmen-air-force-falcons.html
ncaaf,401862792,2026,5,2026-10-03T23:30:00+00:00,margin,A,93.020,2026-09-27T14:38:30.667458+00:00,A+,96.010,6.000,5.495,0.512,False,2026-09-28T12:53:29.443175+00:00,ncaaf/temple-owls-south-florida-bulls.html
ncaaf,401864513,2026,5,2026-10-04T03:59:00+00:00,margin,A,92.890,2026-09-27T17:23:28.222700+00:00,B,83.126,3.000,4.472,0.536,True,2026-09-28T12:53:29.443175+00:00,ncaaf/san-josé-state-spartans-hawai-i-rainbow-warriors.html
ncaaf,401864514,2026,5,2026-10-03T20:00:00+00:00,margin,B,82.159,2026-09-27T17:08:17.439814+00:00,B,82.285,22.500,24.131,0.540,True,2026-09-28T12:53:29.443175+00:00,ncaaf/utep-miners-new-mexico-lobos.html
ncaaf,401864515,2026,5,2026-10-03T19:30:00+00:00,margin,D,65.381,2026-09-27T17:08:17.439814+00:00,C,69.008,18.500,14.113,0.606,False,2026-09-28T12:53:29.443175+00:00,ncaaf/wyoming-cowboys-north-dakota-state-bison.html
ncaaf,401866430,2026,5,2026-10-03T19:30:00+00:00,margin,B,87.911,2026-09-27T16:23:34.401793+00:00,A,90.519,6.000,7.460,0.536,True,2026-09-28T12:53:29.443175+00:00,ncaaf/akron-zips-central-michigan-chippewas.html
ncaaf,401866431,2026,5,2026-10-03T18:00:00+00:00,margin,B,83.273,2026-09-27T14:53:30.551714+00:00,B,86.305,-19.500,-20.398,0.522,False,2026-09-28T12:53:29.443175+00:00,ncaaf/toledo-rockets-ball-state-cardinals.html
ncaaf,401866432,2026,5,2026-10-03T17:00:00+00:00,margin,C,68.725,2026-09-27T16:53:39.159437+00:00,C,74.939,-13.500,-10.392,0.575,True,2026-09-28T12:53:29.443175+00:00,ncaaf/western-michigan-broncos-buffalo-bulls.html
ncaaf,401866433,2026,5,2026-10-03T19:30:00+00:00,margin,A,91.371,2026-09-27T16:38:21.120859+00:00,C,74.020,4.500,1.198,0.580,False,2026-09-28T12:53:29.443175+00:00,ncaaf/eastern-michigan-eagles-massachusetts-minutemen.html
ncaaf,401866434,2026,5,2026-10-03T19:30:00+00:00,margin,C,70.858,2026-09-27T14:38:30.667458+00:00,D,57.071,-4.000,-11.118,0.669,False,2026-09-28T12:53:29.443175+00:00,ncaaf/ohio-bobcats-kent-state-golden-flashes.html
ncaaf,401866477,2026,5,2026-10-03T19:30:00+00:00,margin,C,77.785,2026-09-27T16:23:34.401793+00:00,C,77.541,14.000,11.431,0.563,False,2026-09-28T12:53:29.443175+00:00,ncaaf/bowling-green-falcons-miami-oh-redhawks.html
ncaaf,401869842,2026,5,2026-10-03T23:30:00+00:00,margin,C,67.431,2026-09-27T17:08:17.439814+00:00,C,69.593,-3.000,2.908,0.640,True,2026-09-28T12:53:29.443175+00:00,ncaaf/army-black-knights-louisiana-tech-bulldogs.html
ncaaf,401869932,2026,5,2026-10-04T00:00:00+00:00,margin,C,69.462,2026-09-27T17:23:28.222700+00:00,C,73.380,6.500,9.938,0.584,True,2026-09-28T12:53:29.443175+00:00,ncaaf/arkansas-state-red-wolves-louisiana-ragin-cajuns.html
ncaaf,401869942,2026,5,2026-10-03T23:00:00+00:00,margin,A,93.732,2026-09-27T16:53:39.159437+00:00,C,74.887,-2.500,0.619,0.576,True,2026-09-28T12:53:29.443175+00:00,ncaaf/georgia-southern-eagles-coastal-carolina-chanticleers.html
ncaaf,401869956,2026,5,2026-10-03T19:30:00+00:00,margin,C,78.681,2026-09-27T14:38:30.667458+00:00,C,78.681,-1.500,2.374,0.594,True,2026-09-28T12:53:29.443175+00:00,ncaaf/old-dominion-monarchs-georgia-state-panthers.html
ncaaf,401869962,2026,5,2026-10-03T19:45:00+00:00,margin,B,85.984,2026-09-27T14:53:30.551714+00:00,B,82.148,17.500,15.843,0.541,False,2026-09-28T12:53:29.443175+00:00,ncaaf/marshall-thundering-herd-james-madison-dukes.html
ncaaf,401871049,2026,5,2026-10-02T00:00:00+00:00,margin,C,75.586,2026-09-27T15:38:23.459810+00:00,C,71.143,2.500,-3.053,0.633,False,2026-09-28T12:53:29.443175+00:00,ncaaf/western-kentucky-hilltoppers-new-mexico-state-aggies.html
ncaaf,401871050,2026,5,2026-10-02T23:00:00+00:00,margin,A,92.323,2026-09-27T16:08:32.921116+00:00,A,92.323,-7.000,-5.871,0.528,True,2026-09-28T12:53:29.443175+00:00,ncaaf/liberty-flames-delaware-blue-hens.html
ncaaf,401871089,2026,5,2026-10-03T23:00:00+00:00,margin,B,89.724,2026-09-27T15:23:19.988899+00:00,B,87.150,14.000,16.110,0.552,True,2026-09-28T12:53:29.443175+00:00,ncaaf/ul-monroe-warhawks-south-alabama-jaguars.html
nfl,401872949,2026,3,2026-09-27T17:00:00+00:00,margin,B,80.091,2026-09-26T02:37:46.482013+00:00,B,80.091,-2.500,-0.901,0.548,True,2026-09-27T16:53:39.159437+00:00,nfl/carolina-panthers-cleveland-browns.html
nfl,401872950,2026,3,2026-09-27T17:00:00+00:00,margin,C,78.346,2026-09-26T02:37:46.482013+00:00,C,78.346,-3.500,-2.840,0.520,True,2026-09-27T16:53:39.159437+00:00,nfl/cincinnati-bengals-pittsburgh-steelers.html
nfl,401872951,2026,3,2026-09-27T17:00:00+00:00,margin,B,79.222,2026-09-26T02:37:46.482013+00:00,B,79.222,-1.500,0.264,0.553,True,2026-09-27T16:53:39.159437+00:00,nfl/houston-texans-indianapolis-colts.html
nfl,401872952,2026,3,2026-09-27T17:00:00+00:00,margin,C,66.230,2026-09-26T02:37:46.482013+00:00,C,66.230,-10.000,-7.070,0.587,True,2026-09-27T16:53:39.159437+00:00,nfl/kansas-city-chiefs-miami-dolphins.html
nfl,401872953,2026,3,2026-09-27T17:00:00+00:00,margin,C,66.212,2026-09-26T02:37:46.482013+00:00,C,66.212,7.000,9.934,0.588,True,2026-09-27T16:53:39.159437+00:00,nfl/los-angeles-chargers-buffalo-bills.html
nfl,401872954,2026,3,2026-09-27T17:00:00+00:00,margin,C,66.111,2026-09-26T02:37:46.482013+00:00,C,68.449,7.000,9.456,0.573,True,2026-09-27T16:53:39.159437+00:00,nfl/new-york-jets-detroit-lions.html
nfl,401872955,2026,3,2026-09-27T17:00:00+00:00,margin,C,70.560,2026-09-26T02:37:46.482013+00:00,C,78.053,-8.500,-9.203,0.521,False,2026-09-27T16:53:39.159437+00:00,nfl/seattle-seahawks-washington-commanders.html
nfl,401872956,2026,3,2026-09-27T17:00:00+00:00,margin,C,68.071,2026-09-26T02:37:46.482013+00:00,C,68.071,2.500,6.680,0.623,True,2026-09-27T16:53:39.159437+00:00,nfl/tennessee-titans-new-york-giants.html
nfl,401872957,2026,3,2026-09-27T17:00:00+00:00,margin,C,75.177,2026-09-26T02:37:46.482013+00:00,C,75.177,3.000,1.835,0.535,False,2026-09-27T16:53:39.159437+00:00,nfl/new-england-patriots-jacksonville-jaguars.html
nfl,401872958,2026,3,2026-09-27T20:05:00+00:00,margin,D,65.190,2026-09-26T02:37:46.482013+00:00,D,60.832,7.500,11.659,0.623,True,2026-09-27T19:53:26.998136+00:00,nfl/arizona-cardinals-san-francisco-49ers.html
nfl,401872959,2026,3,2026-09-27T20:05:00+00:00,margin,D,64.034,2026-09-26T02:37:46.482013+00:00,D,64.034,-1.500,-4.918,0.601,False,2026-09-27T19:53:26.998136+00:00,nfl/minnesota-vikings-tampa-bay-buccaneers.html
nfl,401872960,2026,3,2026-09-27T20:25:00+00:00,margin,B,89.670,2026-09-26T02:37:46.482013+00:00,B,88.192,-3.000,-3.328,0.510,False,2026-09-27T20:23:18.262532+00:00,nfl/baltimore-ravens-dallas-cowboys.html
nfl,401872961,2026,3,2026-09-27T20:25:00+00:00,margin,B,83.474,2026-09-26T02:37:46.482013+00:00,B,80.614,3.500,1.998,0.545,False,2026-09-27T20:23:18.262532+00:00,nfl/las-vegas-raiders-new-orleans-saints.html
nfl,401872962,2026,3,2026-09-28T00:20:00+00:00,margin,B,88.570,2026-09-26T02:37:46.482013+00:00,B,81.816,-1.500,-2.785,0.539,False,2026-09-27T23:53:30.253136+00:00,nfl/los-angeles-rams-denver-broncos.html
nfl,401872963,2026,3,2026-09-29T00:15:00+00:00,margin,F,50.533,2026-09-26T02:37:46.482013+00:00,C,71.852,-3.500,-1.728,0.553,True,2026-09-28T12:53:29.443175+00:00,nfl/philadelphia-eagles-chicago-bears.html
nfl,401872964,2026,4,2026-10-02T00:15:00+00:00,margin,C,72.076,2026-09-26T02:37:46.482013+00:00,C,74.285,-2.500,0.683,0.594,True,2026-09-28T12:53:29.443175+00:00,nfl/pittsburgh-steelers-cleveland-browns.html
nfl,401872965,2026,4,2026-10-04T13:30:00+00:00,margin,C,72.737,2026-09-27T04:53:34.087123+00:00,B,81.632,-3.000,-2.535,0.514,True,2026-09-28T12:53:29.443175+00:00,nfl/indianapolis-colts-washington-commanders.html
nfl,401872966,2026,4,2026-10-04T17:00:00+00:00,margin,C,76.459,2026-09-27T04:53:34.087123+00:00,D,58.138,-1.500,3.768,0.652,True,2026-09-28T12:53:29.443175+00:00,nfl/arizona-cardinals-new-york-giants.html
nfl,401872967,2026,4,2026-10-04T17:00:00+00:00,margin,B,83.999,2026-09-27T04:53:34.087123+00:00,B,87.069,2.500,1.769,0.522,False,2026-09-28T12:53:29.443175+00:00,nfl/dallas-cowboys-houston-texans.html
nfl,401872968,2026,4,2026-10-04T17:00:00+00:00,margin,C,77.063,2026-09-27T04:53:34.087123+00:00,D,60.945,-3.500,1.080,0.635,True,2026-09-28T12:53:29.443175+00:00,nfl/green-bay-packers-tampa-bay-buccaneers.html
nfl,401872969,2026,4,2026-10-04T17:00:00+00:00,margin,C,71.850,2026-09-27T04:53:34.087123+00:00,C,74.052,2.500,-0.735,0.596,False,2026-09-28T12:53:29.443175+00:00,nfl/jacksonville-jaguars-cincinnati-bengals.html
nfl,401872970,2026,4,2026-10-04T17:00:00+00:00,margin,B,88.945,2026-09-27T04:53:34.087123+00:00,B,88.450,-1.500,-2.033,0.516,False,2026-09-28T12:53:29.443175+00:00,nfl/los-angeles-rams-philadelphia-eagles.html
nfl,401872971,2026,4,2026-10-04T17:00:00+00:00,margin,C,71.841,2026-09-27T04:53:34.087123+00:00,D,64.917,7.000,3.356,0.608,False,2026-09-28T12:53:29.443175+00:00,nfl/new-england-patriots-buffalo-bills.html
nfl,401872972,2026,4,2026-10-04T17:00:00+00:00,margin,D,56.198,2026-09-27T04:53:34.087123+00:00,D,56.198,3.000,8.755,0.667,True,2026-09-28T12:53:29.443175+00:00,nfl/new-york-jets-chicago-bears.html
nfl,401872973,2026,4,2026-10-04T17:00:00+00:00,margin,C,74.627,2026-09-27T04:53:34.087123+00:00,B,80.632,11.500,12.101,0.518,True,2026-09-28T12:53:29.443175+00:00,nfl/tennessee-titans-baltimore-ravens.html
nfl,401872974,2026,4,2026-10-04T20:05:00+00:00,margin,C,78.494,2026-09-27T04:53:34.087123+00:00,C,75.581,10.000,11.425,0.542,True,2026-09-28T12:53:29.443175+00:00,nfl/miami-dolphins-minnesota-vikings.html
nfl,401872975,2026,4,2026-10-04T20:25:00+00:00,margin,C,71.733,2026-09-27T04:53:34.087123+00:00,C,71.733,3.000,6.762,0.611,True,2026-09-28T12:53:29.443175+00:00,nfl/denver-broncos-san-francisco-49ers.html
nfl,401872976,2026,4,2026-10-04T20:25:00+00:00,margin,C,75.452,2026-09-27T04:53:34.087123+00:00,C,77.796,-5.500,-3.074,0.572,True,2026-09-28T12:53:29.443175+00:00,nfl/kansas-city-chiefs-las-vegas-raiders.html
nfl,401872977,2026,4,2026-10-04T20:25:00+00:00,margin,D,58.452,2026-09-27T04:53:34.087123+00:00,D,58.452,6.500,11.690,0.652,True,2026-09-28T12:53:29.443175+00:00,nfl/los-angeles-chargers-seattle-seahawks.html
nfl,401872978,2026,4,2026-10-05T00:20:00+00:00,margin,B,84.253,2026-09-27T04:53:34.087123+00:00,B,81.500,-3.500,-1.813,0.550,True,2026-09-28T12:53:29.443175+00:00,nfl/detroit-lions-carolina-panthers.html
nfl,401872979,2026,4,2026-10-06T00:15:00+00:00,margin,B,89.076,2026-09-28T04:53:26.927067+00:00,A,93.115,2.500,2.550,0.501,True,2026-09-28T12:53:29.443175+00:00,nfl/atlanta-falcons-new-orleans-saints.html
