draft_group_id,slate,starts_at,season,week,player_id_dk,player_id,name,position,team,opponent,salary,status,projection,low,high,p_play,projected_at
153769,Main,2026-09-27T17:00:00+00:00,2026,3,324,DST-BUF,Bills,DST,BUF,LAC,2800.000,,7.400,0.840,15.090,1.000,2026-09-27T13:59:50+00:00
153769,Main,2026-09-27T17:00:00+00:00,2026,3,325,DST-HOU,Texans,DST,HOU,IND,3200.000,,7.560,0.960,15.320,1.000,2026-09-27T13:59:50+00:00
153769,Main,2026-09-27T17:00:00+00:00,2026,3,327,DST-CIN,Bengals,DST,CIN,PIT,2900.000,,8.050,1.310,16.050,1.000,2026-09-27T13:59:50+00:00
153769,Main,2026-09-27T17:00:00+00:00,2026,3,329,DST-CLE,Browns,DST,CLE,CAR,2500.000,,6.690,0.320,14.030,1.000,2026-09-27T13:59:50+00:00
153769,Main,2026-09-27T17:00:00+00:00,2026,3,331,DST-DAL,Cowboys,DST,DAL,BAL,2400.000,,4.070,-1.610,10.150,1.000,2026-09-27T13:59:50+00:00
153769,Main,2026-09-27T17:00:00+00:00,2026,3,334,DST-DET,Lions,DST,DET,NYJ,3500.000,,7.030,0.560,14.530,1.000,2026-09-27T13:59:50+00:00
153769,Main,2026-09-27T17:00:00+00:00,2026,3,336,DST-TEN,Titans,DST,TEN,NYG,2400.000,,6.920,0.490,14.380,1.000,2026-09-27T13:59:50+00:00
153769,Main,2026-09-27T17:00:00+00:00,2026,3,338,DST-IND,Colts,DST,IND,HOU,2500.000,,5.530,-0.530,12.320,1.000,2026-09-27T13:59:50+00:00
153769,Main,2026-09-27T17:00:00+00:00,2026,3,339,DST-KC,Chiefs,DST,KC,MIA,3700.000,,8.070,1.330,16.090,1.000,2026-09-27T13:59:50+00:00
153769,Main,2026-09-27T17:00:00+00:00,2026,3,341,DST-LV,Raiders,DST,LV,NO,2600.000,,6.330,0.050,13.500,1.000,2026-09-27T13:59:50+00:00
153769,Main,2026-09-27T17:00:00+00:00,2026,3,345,DST-MIA,Dolphins,DST,MIA,KC,2000.000,,4.340,-1.410,10.550,1.000,2026-09-27T13:59:50+00:00
153769,Main,2026-09-27T17:00:00+00:00,2026,3,347,DST-MIN,Vikings,DST,MIN,TB,3100.000,,8.180,1.410,16.250,1.000,2026-09-27T13:59:50+00:00
153769,Main,2026-09-27T17:00:00+00:00,2026,3,348,DST-NE,Patriots,DST,NE,JAX,2700.000,,5.570,-0.500,12.380,1.000,2026-09-27T13:59:50+00:00
153769,Main,2026-09-27T17:00:00+00:00,2026,3,350,DST-NO,Saints,DST,NO,LV,3300.000,,7.750,1.090,15.610,1.000,2026-09-27T13:59:50+00:00
153769,Main,2026-09-27T17:00:00+00:00,2026,3,351,DST-NYG,Giants,DST,NYG,TEN,3400.000,,8.180,1.410,16.250,1.000,2026-09-27T13:59:50+00:00
153769,Main,2026-09-27T17:00:00+00:00,2026,3,352,DST-NYJ,Jets,DST,NYJ,DET,2100.000,,4.200,-1.510,10.340,1.000,2026-09-27T13:59:50+00:00
153769,Main,2026-09-27T17:00:00+00:00,2026,3,355,DST-ARI,Cardinals,DST,ARI,SF,2300.000,,3.790,-1.820,9.730,1.000,2026-09-27T13:59:50+00:00
153769,Main,2026-09-27T17:00:00+00:00,2026,3,356,DST-PIT,Steelers,DST,PIT,CIN,2700.000,,6.520,0.190,13.790,1.000,2026-09-27T13:59:50+00:00
153769,Main,2026-09-27T17:00:00+00:00,2026,3,357,DST-LAC,Chargers,DST,LAC,BUF,2200.000,,4.270,-1.460,10.440,1.000,2026-09-27T13:59:50+00:00
153769,Main,2026-09-27T17:00:00+00:00,2026,3,359,DST-SF,49ers,DST,SF,ARI,3600.000,,7.230,0.710,14.840,1.000,2026-09-27T13:59:50+00:00
153769,Main,2026-09-27T17:00:00+00:00,2026,3,361,DST-SEA,Seahawks,DST,SEA,WAS,3800.000,,9.030,2.040,17.510,1.000,2026-09-27T13:59:50+00:00
153769,Main,2026-09-27T17:00:00+00:00,2026,3,362,DST-TB,Buccaneers,DST,TB,MIN,2600.000,,6.680,0.310,14.020,1.000,2026-09-27T13:59:50+00:00
153769,Main,2026-09-27T17:00:00+00:00,2026,3,363,DST-WAS,Commanders,DST,WAS,SEA,2300.000,,4.560,-1.250,10.870,1.000,2026-09-27T13:59:50+00:00
153769,Main,2026-09-27T17:00:00+00:00,2026,3,364,DST-CAR,Panthers,DST,CAR,CLE,3000.000,,8.940,1.970,17.370,1.000,2026-09-27T13:59:50+00:00
153769,Main,2026-09-27T17:00:00+00:00,2026,3,365,DST-JAX,Jaguars,DST,JAX,NE,2900.000,,6.740,0.350,14.110,1.000,2026-09-27T13:59:50+00:00
153769,Main,2026-09-27T17:00:00+00:00,2026,3,366,DST-BAL,Ravens,DST,BAL,DAL,2800.000,,5.180,-0.790,11.800,1.000,2026-09-27T13:59:50+00:00
153769,Main,2026-09-27T17:00:00+00:00,2026,3,213957,00-0023459,Aaron Rodgers,QB,PIT,CIN,5000.000,,13.520,1.650,22.770,1.000,2026-09-27T13:59:50+00:00
153769,Main,2026-09-27T17:00:00+00:00,2026,3,216342,00-0026158,Joe Flacco,QB,CIN,PIT,4400.000,,2.610,0.000,13.040,0.199,2026-09-27T13:59:50+00:00
153769,Main,2026-09-27T17:00:00+00:00,2026,3,273278,00-0026300,Josh Johnson,QB,CIN,PIT,4000.000,,0.490,0.000,0.000,0.043,2026-09-27T13:59:50+00:00
153769,Main,2026-09-27T17:00:00+00:00,2026,3,403308,00-0029604,Kirk Cousins,QB,LV,NO,4800.000,,15.440,3.520,25.120,1.000,2026-09-27T13:59:50+00:00
153769,Main,2026-09-27T17:00:00+00:00,2026,3,513856,00-0030565,Geno Smith,QB,NYJ,DET,4900.000,,15.190,3.270,24.810,1.000,2026-09-27T13:59:50+00:00
153769,Main,2026-09-27T17:00:00+00:00,2026,3,591816,00-0033077,Dak Prescott,QB,DAL,BAL,6700.000,,19.170,7.150,29.680,1.000,2026-09-27T13:59:50+00:00
153769,Main,2026-09-27T17:00:00+00:00,2026,3,607047,00-0033119,Jacoby Brissett,QB,ARI,SF,4800.000,,16.030,4.090,25.840,1.000,2026-09-27T13:59:50+00:00
153769,Main,2026-09-27T17:00:00+00:00,2026,3,607843,00-0032268,Marcus Mariota,QB,WAS,SEA,4500.000,,6.360,0.000,18.920,0.530,2026-09-27T13:59:50+00:00
153769,Main,2026-09-27T17:00:00+00:00,2026,3,613866,00-0032950,Carson Wentz,QB,MIN,TB,4600.000,,5.990,0.000,20.420,0.420,2026-09-27T13:59:50+00:00
153769,Main,2026-09-27T17:00:00+00:00,2026,3,691536,00-0031503,Jameis Winston,QB,NYG,TEN,4000.000,,14.900,2.990,24.460,1.000,2026-09-27T13:59:50+00:00
153769,Main,2026-09-27T17:00:00+00:00,2026,3,727837,00-0033106,Jared Goff,QB,DET,NYJ,6300.000,,20.970,8.890,31.870,1.000,2026-09-27T13:59:50+00:00
153769,Main,2026-09-27T17:00:00+00:00,2026,3,728169,00-0033869,Mitchell Trubisky,QB,TEN,NYG,4000.000,,1.970,0.000,9.600,0.190,2026-09-27T13:59:50+00:00
153769,Main,2026-09-27T17:00:00+00:00,2026,3,741262,00-0033949,Joshua Dobbs,QB,DET,NYJ,4000.000,,2.600,0.000,12.960,0.198,2026-09-27T13:59:50+00:00
153769,Main,2026-09-27T17:00:00+00:00,2026,3,748070,00-0034855,Baker Mayfield,QB,TB,MIN,5300.000,,16.220,4.270,26.060,1.000,2026-09-27T13:59:50+00:00
153769,Main,2026-09-27T17:00:00+00:00,2026,3,748309,00-0033319,Nick Mullens,QB,JAX,NE,4000.000,,1.210,0.000,3.430,0.154,2026-09-27T13:59:50+00:00
153769,Main,2026-09-27T17:00:00+00:00,2026,3,822350,00-0034577,Kyle Allen,QB,BUF,LAC,4000.000,,1.270,0.000,4.810,0.169,2026-09-27T13:59:50+00:00
153769,Main,2026-09-27T17:00:00+00:00,2026,3,823220,00-0034771,Mason Rudolph,QB,PIT,CIN,4000.000,,4.240,0.000,15.650,0.420,2026-09-27T13:59:50+00:00
153769,Main,2026-09-27T17:00:00+00:00,2026,3,828743,00-0033537,Deshaun Watson,QB,CLE,CAR,4700.000,,15.840,3.900,25.600,1.000,2026-09-27T13:59:50+00:00
153769,Main,2026-09-27T17:00:00+00:00,2026,3,831007,00-0035282,Easton Stick,QB,TB,MIN,4000.000,,0.440,0.000,0.000,0.030,2026-09-27T13:59:50+00:00
153769,Main,2026-09-27T17:00:00+00:00,2026,3,839031,00-0033873,Patrick Mahomes,QB,KC,MIA,6200.000,,21.180,9.100,32.130,1.000,2026-09-27T13:59:50+00:00
153769,Main,2026-09-27T17:00:00+00:00,2026,3,867303,00-0035289,Gardner Minshew II,QB,ARI,SF,4000.000,,1.900,0.000,9.180,0.188,2026-09-27T13:59:50+00:00
153769,Main,2026-09-27T17:00:00+00:00,2026,3,868199,00-0034857,Josh Allen,QB,BUF,LAC,8000.000,,28.140,15.870,40.640,1.000,2026-09-27T13:59:50+00:00
153769,Main,2026-09-27T17:00:00+00:00,2026,3,877745,00-0034796,Lamar Jackson,QB,BAL,DAL,7500.000,,19.790,7.750,30.430,1.000,2026-09-27T13:59:50+00:00
153769,Main,2026-09-27T17:00:00+00:00,2026,3,878785,00-0036442,Joe Burrow,QB,CIN,PIT,6600.000,,17.820,5.830,28.030,1.000,2026-09-27T13:59:50+00:00
153769,Main,2026-09-27T17:00:00+00:00,2026,3,879799,00-0035228,Kyler Murray,QB,MIN,TB,5100.000,,16.790,4.820,26.760,1.000,2026-09-27T13:59:50+00:00
153769,Main,2026-09-27T17:00:00+00:00,2026,3,879981,00-0035710,Daniel Jones,QB,IND,HOU,5000.000,,12.680,0.000,24.460,0.827,2026-09-27T13:59:50+00:00
153769,Main,2026-09-27T17:00:00+00:00,2026,3,880026,00-0034869,Sam Darnold,QB,SEA,WAS,5400.000,,14.870,2.960,24.420,1.000,2026-09-27T13:59:50+00:00
153769,Main,2026-09-27T17:00:00+00:00,2026,3,882345,00-0035704,Drew Lock,QB,SEA,WAS,5200.000,,7.020,0.000,20.550,0.522,2026-09-27T13:59:50+00:00
153769,Main,2026-09-27T17:00:00+00:00,2026,3,910562,00-0036355,Justin Herbert,QB,LAC,BUF,5800.000,,16.350,4.400,26.230,1.000,2026-09-27T13:59:50+00:00
153769,Main,2026-09-27T17:00:00+00:00,2026,3,911619,00-0036679,Shane Buechele,QB,BUF,LAC,4000.000,,0.610,0.000,0.000,0.050,2026-09-27T13:59:50+00:00
153769,Main,2026-09-27T17:00:00+00:00,2026,3,913163,00-0035993,Tyler Huntley,QB,BAL,DAL,4000.000,,2.690,0.000,13.380,0.192,2026-09-27T13:59:50+00:00
153769,Main,2026-09-27T17:00:00+00:00,2026,3,913829,00-0037327,Skylar Thompson,QB,BAL,DAL,4000.000,IR,0.420,0.000,0.000,0.041,2026-09-27T13:59:50+00:00
153769,Main,2026-09-27T17:00:00+00:00,2026,3,973945,00-0036972,Mac Jones,QB,SF,ARI,4000.000,,4.680,0.000,16.850,0.420,2026-09-27T13:59:50+00:00
153769,Main,2026-09-27T17:00:00+00:00,2026,3,976323,00-0038128,Malik Willis,QB,MIA,KC,4900.000,,13.230,0.000,25.150,0.834,2026-09-27T13:59:50+00:00
153769,Main,2026-09-27T17:00:00+00:00,2026,3,976924,00-0038102,Kenny Pickett,QB,CAR,CLE,4000.000,,2.880,0.000,12.170,0.393,2026-09-27T13:59:50+00:00
153769,Main,2026-09-27T17:00:00+00:00,2026,3,976966,00-0038550,Hendon Hooker,QB,TEN,NYG,4000.000,,0.270,0.000,0.000,0.040,2026-09-27T13:59:50+00:00
153769,Main,2026-09-27T17:00:00+00:00,2026,3,1049254,00-0038998,Jake Haener,QB,NYG,TEN,4000.000,,0.970,0.000,1.090,0.144,2026-09-27T13:59:50+00:00
153769,Main,2026-09-27T17:00:00+00:00,2026,3,1058090,00-0038108,Bailey Zappe,QB,NYJ,DET,4000.000,,0.370,0.000,0.000,0.028,2026-09-27T13:59:50+00:00
153769,Main,2026-09-27T17:00:00+00:00,2026,3,1060311,00-0036898,Davis Mills,QB,HOU,IND,4000.000,,2.620,0.000,13.080,0.198,2026-09-27T13:59:50+00:00
153769,Main,2026-09-27T17:00:00+00:00,2026,3,1060671,00-0038476,Tommy DeVito,QB,NE,JAX,4000.000,,1.760,0.000,6.530,0.145,2026-09-27T13:59:50+00:00
153769,Main,2026-09-27T17:00:00+00:00,2026,3,1066811,00-0038579,Aidan O'Connell,QB,LV,NO,4000.000,OUT,0.660,0.000,0.000,0.049,2026-09-27T13:59:50+00:00
153769,Main,2026-09-27T17:00:00+00:00,2026,3,1067089,00-0038391,Sean Clifford,QB,CIN,PIT,4000.000,,0.320,0.000,0.000,0.042,2026-09-27T13:59:50+00:00
153769,Main,2026-09-27T17:00:00+00:00,2026,3,1108052,00-0037013,Zach Wilson,QB,NO,LV,4000.000,,0.860,0.000,0.000,0.081,2026-09-27T13:59:50+00:00
153769,Main,2026-09-27T17:00:00+00:00,2026,3,1109711,00-0039677,Sam Hartman,QB,WAS,SEA,4000.000,,0.520,0.000,0.000,0.038,2026-09-27T13:59:50+00:00
153769,Main,2026-09-27T17:00:00+00:00,2026,3,1110306,00-0040743,Tyler Shough,QB,NO,LV,5400.000,,19.430,7.400,30.000,1.000,2026-09-27T13:59:50+00:00
153769,Main,2026-09-27T17:00:00+00:00,2026,3,1110681,00-0036945,Justin Fields,QB,KC,MIA,4000.000,,2.770,0.000,13.660,0.169,2026-09-27T13:59:50+00:00
153769,Main,2026-09-27T17:00:00+00:00,2026,3,1110711,00-0036971,Trevor Lawrence,QB,JAX,NE,5700.000,,20.170,8.120,30.900,1.000,2026-09-27T13:59:50+00:00
153769,Main,2026-09-27T17:00:00+00:00,2026,3,1112338,00-0039398,Joe Milton III,QB,DAL,BAL,4000.000,,0.660,0.000,0.000,0.060,2026-09-27T13:59:50+00:00
153769,Main,2026-09-27T17:00:00+00:00,2026,3,1116663,00-0039152,Will Levis,QB,NYJ,DET,4000.000,,0.380,0.000,0.000,0.027,2026-09-27T13:59:50+00:00
153769,Main,2026-09-27T17:00:00+00:00,2026,3,1121761,00-0037834,Brock Purdy,QB,SF,ARI,6500.000,,21.060,8.990,31.990,1.000,2026-09-27T13:59:50+00:00
153769,Main,2026-09-27T17:00:00+00:00,2026,3,1130975,00-0037012,Trey Lance,QB,LAC,BUF,4000.000,Q,0.950,0.000,0.000,0.093,2026-09-27T13:59:50+00:00
153769,Main,2026-09-27T17:00:00+00:00,2026,3,1161228,00-0039910,Jayden Daniels,QB,WAS,SEA,6000.000,OUT,15.100,2.610,25.470,0.954,2026-09-27T13:59:50+00:00
153769,Main,2026-09-27T17:00:00+00:00,2026,3,1164951,00-0040211,Graham Mertz,QB,HOU,IND,4000.000,IR,0.840,0.000,0.000,0.050,2026-09-27T13:59:50+00:00
153769,Main,2026-09-27T17:00:00+00:00,2026,3,1165333,00-0040704,Dillon Gabriel,QB,CLE,CAR,4000.000,IR,0.520,0.000,0.000,0.047,2026-09-27T13:59:50+00:00
153769,Main,2026-09-27T17:00:00+00:00,2026,3,1166989,00-0040589,Kurtis Rourke,QB,SF,ARI,4000.000,,0.860,0.000,0.000,0.050,2026-09-27T13:59:50+00:00
153769,Main,2026-09-27T17:00:00+00:00,2026,3,1168245,00-0037077,Sam Howell,QB,DAL,BAL,4000.000,,1.830,0.000,6.310,0.133,2026-09-27T13:59:50+00:00
153769,Main,2026-09-27T17:00:00+00:00,2026,3,1169299,00-0040981,Joe Fagnano,QB,BAL,DAL,4000.000,,0.870,0.000,0.000,0.050,2026-09-27T13:59:50+00:00
153769,Main,2026-09-27T17:00:00+00:00,2026,3,1169329,00-0040494,Max Brosmer,QB,MIN,TB,4000.000,,0.310,0.000,0.000,0.047,2026-09-27T13:59:50+00:00
153769,Main,2026-09-27T17:00:00+00:00,2026,3,1174752,00-0039376,Spencer Rattler,QB,NO,LV,4000.000,,2.200,0.000,10.200,0.166,2026-09-27T13:59:50+00:00
153769,Main,2026-09-27T17:00:00+00:00,2026,3,1213257,00-0039150,Bryce Young,QB,CAR,CLE,5600.000,,18.110,6.120,28.380,1.000,2026-09-27T13:59:50+00:00
153769,Main,2026-09-27T17:00:00+00:00,2026,3,1213340,00-0041561,Carson Beck,QB,ARI,SF,4000.000,,0.830,0.000,0.000,0.050,2026-09-27T13:59:50+00:00
153769,Main,2026-09-27T17:00:00+00:00,2026,3,1213386,00-0040398,Brady Cook,QB,MIA,KC,4000.000,,0.650,0.000,0.000,0.064,2026-09-27T13:59:50+00:00
153769,Main,2026-09-27T17:00:00+00:00,2026,3,1213782,00-0040203,Will Howard,QB,PIT,CIN,4000.000,,0.820,0.000,0.000,0.050,2026-09-27T13:59:50+00:00
153769,Main,2026-09-27T17:00:00+00:00,2026,3,1213928,00-0040464,DJ Uiagalelei,QB,LAC,BUF,4000.000,,0.850,0.000,0.000,0.050,2026-09-27T13:59:50+00:00
153769,Main,2026-09-27T17:00:00+00:00,2026,3,1214084,00-0039163,C.J. Stroud,QB,HOU,IND,5500.000,,15.800,3.870,25.560,1.000,2026-09-27T13:59:50+00:00
153769,Main,2026-09-27T17:00:00+00:00,2026,3,1214336,00-0041149,Haynes King,QB,CAR,CLE,4000.000,,0.840,0.000,0.000,0.050,2026-09-27T13:59:50+00:00
153769,Main,2026-09-27T17:00:00+00:00,2026,3,1215022,00-0039164,Anthony Richardson Sr.,QB,IND,HOU,4000.000,,2.320,0.000,10.650,0.155,2026-09-27T13:59:50+00:00
153769,Main,2026-09-27T17:00:00+00:00,2026,3,1225681,00-0041251,Jalon Daniels,QB,TB,MIN,4000.000,,2.660,0.000,12.890,0.160,2026-09-27T13:59:50+00:00
153769,Main,2026-09-27T17:00:00+00:00,2026,3,1228691,00-0040676,Cam Ward,QB,TEN,NYG,5100.000,,14.090,2.200,23.470,1.000,2026-09-27T13:59:50+00:00
153769,Main,2026-09-27T17:00:00+00:00,2026,3,1272321,00-0040668,Shedeur Sanders,QB,CLE,CAR,4200.000,,2.040,0.000,8.860,0.155,2026-09-27T13:59:50+00:00
153769,Main,2026-09-27T17:00:00+00:00,2026,3,1286037,00-0040906,Garrett Nussmeier,QB,KC,MIA,4000.000,,0.850,0.000,0.000,0.050,2026-09-27T13:59:50+00:00
153769,Main,2026-09-27T17:00:00+00:00,2026,3,1286214,00-0041453,Luke Altmyer,QB,DET,NYJ,4000.000,,0.650,0.000,0.000,0.038,2026-09-27T13:59:50+00:00
153769,Main,2026-09-27T17:00:00+00:00,2026,3,1286260,00-0040691,Jaxson Dart,QB,NYG,TEN,5900.000,IR,6.360,0.000,22.530,0.383,2026-09-27T13:59:50+00:00
153769,Main,2026-09-27T17:00:00+00:00,2026,3,1286388,00-0041123,Behren Morton,QB,NE,JAX,4000.000,,0.850,0.000,0.000,0.050,2026-09-27T13:59:50+00:00
153769,Main,2026-09-27T17:00:00+00:00,2026,3,1286803,00-0039851,Drake Maye,QB,NE,JAX,6100.000,,17.230,5.260,27.310,1.000,2026-09-27T13:59:50+00:00
153769,Main,2026-09-27T17:00:00+00:00,2026,3,1287599,00-0039923,J.J. McCarthy,QB,MIN,TB,4100.000,,0.970,0.000,0.000,0.068,2026-09-27T13:59:50+00:00
153769,Main,2026-09-27T17:00:00+00:00,2026,3,1287826,00-0040014,Kyle McCord,QB,MIA,KC,4000.000,,2.340,0.000,10.910,0.160,2026-09-27T13:59:50+00:00
153769,Main,2026-09-27T17:00:00+00:00,2026,3,1287925,00-0041117,Athan Kaliakmanis,QB,WAS,SEA,4000.000,,0.690,0.000,0.000,0.050,2026-09-27T13:59:50+00:00
153769,Main,2026-09-27T17:00:00+00:00,2026,3,1288113,00-0041092,Taylen Green,QB,CLE,CAR,4000.000,,0.830,0.000,0.000,0.050,2026-09-27T13:59:50+00:00
153769,Main,2026-09-27T17:00:00+00:00,2026,3,1290102,00-0040673,Jalen Milroe,QB,SEA,WAS,4000.000,,0.320,0.000,0.000,0.053,2026-09-27T13:59:50+00:00
153769,Main,2026-09-27T17:00:00+00:00,2026,3,1290165,00-0040206,Riley Leonard,QB,IND,HOU,4000.000,,0.950,0.000,0.000,0.076,2026-09-27T13:59:50+00:00
153769,Main,2026-09-27T17:00:00+00:00,2026,3,1333868,00-0040234,Quinn Ewers,QB,JAX,NE,4000.000,,2.090,0.000,9.500,0.165,2026-09-27T13:59:50+00:00
153769,Main,2026-09-27T17:00:00+00:00,2026,3,1378287,00-0041056,Cade Klubnik,QB,NYJ,DET,4000.000,,2.760,0.000,13.520,0.160,2026-09-27T13:59:50+00:00
153769,Main,2026-09-27T17:00:00+00:00,2026,3,1379258,00-0041565,Drew Allar,QB,PIT,CIN,4000.000,,0.750,0.000,0.000,0.046,2026-09-27T13:59:50+00:00
153769,Main,2026-09-27T17:00:00+00:00,2026,3,1400786,00-0041562,Fernando Mendoza,QB,LV,NO,4300.000,,2.660,0.000,12.870,0.160,2026-09-27T13:59:50+00:00
153769,Main,2026-09-27T17:00:00+00:00,2026,3,1448305,00-0041203,Joey Aguilar,QB,JAX,NE,4000.000,,0.640,0.000,0.000,0.038,2026-09-27T13:59:50+00:00
153769,Main,2026-09-27T17:00:00+00:00,2026,3,501150,00-0029892,Kyle Juszczyk,RB,SF,ARI,4000.000,,4.990,0.020,12.040,0.942,2026-09-27T13:59:50+00:00
153769,Main,2026-09-27T17:00:00+00:00,2026,3,556483,00-0031595,Michael Burton,RB,CLE,CAR,4000.000,,1.710,0.000,7.520,0.548,2026-09-27T13:59:50+00:00
153769,Main,2026-09-27T17:00:00+00:00,2026,3,590796,00-0032104,Ameer Abdullah,RB,JAX,NE,4000.000,,2.410,0.000,8.520,0.707,2026-09-27T13:59:50+00:00
153769,Main,2026-09-27T17:00:00+00:00,2026,3,658389,00-0033376,Patrick Ricard,RB,NYG,TEN,4000.000,,1.000,-0.810,5.280,0.931,2026-09-27T13:59:50+00:00
153769,Main,2026-09-27T17:00:00+00:00,2026,3,703015,00-0033854,Dare Ogunbowale,RB,LV,NO,4000.000,,0.530,0.000,2.950,0.217,2026-09-27T13:59:50+00:00
153769,Main,2026-09-27T17:00:00+00:00,2026,3,732145,00-0032764,Derrick Henry,RB,BAL,DAL,7700.000,,20.930,5.060,38.330,0.964,2026-09-27T13:59:50+00:00
153769,Main,2026-09-27T17:00:00+00:00,2026,3,741314,00-0033293,Aaron Jones Sr.,RB,MIN,TB,5900.000,,10.750,2.070,21.370,0.969,2026-09-27T13:59:50+00:00
153769,Main,2026-09-27T17:00:00+00:00,2026,3,742390,00-0033553,James Conner,RB,ARI,SF,4000.000,IR,1.150,0.000,0.000,0.098,2026-09-27T13:59:50+00:00
153769,Main,2026-09-27T17:00:00+00:00,2026,3,750846,00-0033906,Alvin Kamara,RB,NO,LV,4800.000,,7.990,1.030,16.970,0.956,2026-09-27T13:59:50+00:00
153769,Main,2026-09-27T17:00:00+00:00,2026,3,820734,00-0033526,Samaje Perine,RB,CIN,PIT,4100.000,,6.190,0.290,14.100,0.938,2026-09-27T13:59:50+00:00
153769,Main,2026-09-27T17:00:00+00:00,2026,3,824428,00-0034959,Andrew Beck,RB,NYJ,DET,4000.000,,1.640,0.000,6.790,0.728,2026-09-27T13:59:50+00:00
153769,Main,2026-09-27T17:00:00+00:00,2026,3,830517,00-0033280,Christian McCaffrey,RB,SF,ARI,8300.000,,20.690,5.390,37.530,0.977,2026-09-27T13:59:50+00:00
153769,Main,2026-09-27T17:00:00+00:00,2026,3,837594,00-0033955,Jeremy McNichols,RB,WAS,SEA,4000.000,IR,0.810,0.000,4.400,0.224,2026-09-27T13:59:50+00:00
153769,Main,2026-09-27T17:00:00+00:00,2026,3,877784,00-0035537,Ty Johnson,RB,BUF,LAC,4000.000,,4.280,0.000,14.560,0.540,2026-09-27T13:59:50+00:00
153769,Main,2026-09-27T17:00:00+00:00,2026,3,880322,00-0035125,Alec Ingold,RB,LAC,BUF,4000.000,,1.250,-0.720,5.710,0.928,2026-09-27T13:59:50+00:00
153769,Main,2026-09-27T17:00:00+00:00,2026,3,880398,00-0035261,Tony Pollard,RB,TEN,NYG,5400.000,,10.250,1.900,20.540,0.968,2026-09-27T13:59:50+00:00
153769,Main,2026-09-27T17:00:00+00:00,2026,3,912553,00-0035924,Jonathan Ward,RB,BAL,DAL,4000.000,,0.190,0.000,0.600,0.162,2026-09-27T13:59:50+00:00
153769,Main,2026-09-27T17:00:00+00:00,2026,3,915066,00-0036187,Reggie Gilliam,RB,NE,JAX,4000.000,,0.720,0.000,4.830,0.730,2026-09-27T13:59:50+00:00
153769,Main,2026-09-27T17:00:00+00:00,2026,3,916466,00-0035250,Devin Singletary,RB,NYG,TEN,4200.000,,7.430,0.490,16.330,0.928,2026-09-27T13:59:50+00:00
153769,Main,2026-09-27T17:00:00+00:00,2026,3,919304,00-0037745,Velus Jones Jr.,RB,SEA,WAS,4000.000,,0.250,0.000,1.240,0.200,2026-09-27T13:59:50+00:00
153769,Main,2026-09-27T17:00:00+00:00,2026,3,922484,00-0035594,Travis Homer,RB,PIT,CIN,4000.000,,1.500,0.000,6.390,0.782,2026-09-27T13:59:50+00:00
153769,Main,2026-09-27T17:00:00+00:00,2026,3,923109,00-0034975,Justice Hill,RB,BAL,DAL,4200.000,,5.480,0.120,12.890,0.939,2026-09-27T13:59:50+00:00
153769,Main,2026-09-27T17:00:00+00:00,2026,3,933480,00-0036139,Rico Dowdle,RB,PIT,CIN,4700.000,OUT,0.010,0.000,0.000,0.001,2026-09-27T13:59:50+00:00
153769,Main,2026-09-27T17:00:00+00:00,2026,3,946739,00-0035685,David Montgomery,RB,HOU,IND,6000.000,,9.500,1.090,19.800,0.933,2026-09-27T13:59:50+00:00
153769,Main,2026-09-27T17:00:00+00:00,2026,3,946748,00-0036842,Kene Nwangwu,RB,NYJ,DET,4000.000,OUT,0.010,0.000,0.000,0.011,2026-09-27T13:59:50+00:00
153769,Main,2026-09-27T17:00:00+00:00,2026,3,973964,00-0036893,Najee Harris,RB,NYG,TEN,4700.000,,4.600,0.000,11.850,0.872,2026-09-27T13:59:50+00:00
153769,Main,2026-09-27T17:00:00+00:00,2026,3,975028,00-0037563,Malik Davis,RB,DAL,BAL,4000.000,IR,0.970,0.000,4.740,0.183,2026-09-27T13:59:50+00:00
153769,Main,2026-09-27T17:00:00+00:00,2026,3,976309,00-0036425,DeeJay Dallas,RB,MIN,TB,4200.000,,1.320,0.000,5.960,0.827,2026-09-27T13:59:50+00:00
153769,Main,2026-09-27T17:00:00+00:00,2026,3,976329,00-0036924,Michael Carter,RB,TEN,NYG,4000.000,,1.120,0.000,5.360,0.169,2026-09-27T13:59:50+00:00
153769,Main,2026-09-27T17:00:00+00:00,2026,3,978577,00-0036973,Travis Etienne Jr.,RB,NO,LV,5800.000,,13.430,2.860,25.820,0.967,2026-09-27T13:59:50+00:00
153769,Main,2026-09-27T17:00:00+00:00,2026,3,1057457,00-0037304,Connor Heyward,RB,LV,NO,4000.000,,1.570,0.000,6.730,0.693,2026-09-27T13:59:50+00:00
153769,Main,2026-09-27T17:00:00+00:00,2026,3,1057725,00-0038930,Carlos Washington Jr.,RB,MIA,KC,4000.000,,0.510,0.000,2.170,0.159,2026-09-27T13:59:50+00:00
153769,Main,2026-09-27T17:00:00+00:00,2026,3,1059576,00-0037276,Ty Chandler,RB,NO,LV,4000.000,IR,0.500,0.000,3.020,0.232,2026-09-27T13:59:50+00:00
153769,Main,2026-09-27T17:00:00+00:00,2026,3,1060545,00-0036265,AJ Dillon,RB,CAR,CLE,4000.000,,2.970,0.000,8.990,0.850,2026-09-27T13:59:50+00:00
153769,Main,2026-09-27T17:00:00+00:00,2026,3,1062047,00-0036555,Chuba Hubbard,RB,CAR,CLE,6100.000,,11.520,2.110,22.820,0.958,2026-09-27T13:59:50+00:00
153769,Main,2026-09-27T17:00:00+00:00,2026,3,1064955,00-0038488,Brady Russell,RB,SEA,WAS,4000.000,,0.590,0.000,4.520,0.622,2026-09-27T13:59:50+00:00
153769,Main,2026-09-27T17:00:00+00:00,2026,3,1065406,00-0036223,Jonathan Taylor,RB,IND,HOU,7600.000,,19.430,5.100,35.340,0.982,2026-09-27T13:59:50+00:00
153769,Main,2026-09-27T17:00:00+00:00,2026,3,1106832,00-0037197,Isiah Pacheco,RB,DET,NYJ,4000.000,IR,0.830,0.000,3.770,0.161,2026-09-27T13:59:50+00:00
153769,Main,2026-09-27T17:00:00+00:00,2026,3,1107881,00-0036997,Javonte Williams,RB,DAL,BAL,6700.000,,12.570,2.620,24.390,0.968,2026-09-27T13:59:50+00:00
153769,Main,2026-09-27T17:00:00+00:00,2026,3,1108937,00-0036755,Jaret Patterson,RB,MIN,TB,4000.000,,0.800,0.000,4.040,0.203,2026-09-27T13:59:50+00:00
153769,Main,2026-09-27T17:00:00+00:00,2026,3,1109708,00-0039384,Tyrone Tracy Jr.,RB,NYG,TEN,4100.000,,6.500,0.000,16.210,0.795,2026-09-27T13:59:50+00:00
153769,Main,2026-09-27T17:00:00+00:00,2026,3,1110697,00-0038040,Zamir White,RB,NO,LV,4000.000,,0.640,0.000,3.330,0.208,2026-09-27T13:59:50+00:00
153769,Main,2026-09-27T17:00:00+00:00,2026,3,1113403,00-0038611,Chris Rodriguez Jr.,RB,JAX,NE,4600.000,,6.750,0.330,15.150,0.929,2026-09-27T13:59:50+00:00
153769,Main,2026-09-27T17:00:00+00:00,2026,3,1116001,00-0037525,Jordan Mason,RB,MIN,TB,4000.000,IR,2.940,0.000,11.880,0.445,2026-09-27T13:59:50+00:00
153769,Main,2026-09-27T17:00:00+00:00,2026,3,1116817,00-0038705,Emari Demercado,RB,DAL,BAL,4200.000,,3.930,0.000,10.520,0.893,2026-09-27T13:59:50+00:00
153769,Main,2026-09-27T17:00:00+00:00,2026,3,1122182,00-0039407,Dylan Laube,RB,LV,NO,4000.000,,0.250,0.000,3.890,0.788,2026-09-27T13:59:50+00:00
153769,Main,2026-09-27T17:00:00+00:00,2026,3,1123379,00-0038597,Chase Brown,RB,CIN,PIT,6600.000,,16.890,4.080,31.400,0.973,2026-09-27T13:59:50+00:00
153769,Main,2026-09-27T17:00:00+00:00,2026,3,1125737,00-0037267,Jerome Ford,RB,MIN,TB,4000.000,,0.370,0.000,0.750,0.128,2026-09-27T13:59:50+00:00
153769,Main,2026-09-27T17:00:00+00:00,2026,3,1125846,00-0037594,Julius Chestnut,RB,TEN,NYG,4000.000,,0.310,0.000,4.000,0.774,2026-09-27T13:59:50+00:00
153769,Main,2026-09-27T17:00:00+00:00,2026,3,1126338,00-0039363,Isaac Guerendo,RB,SF,ARI,4000.000,OUT,0.460,0.000,2.230,0.190,2026-09-27T13:59:50+00:00
153769,Main,2026-09-27T17:00:00+00:00,2026,3,1128295,00-0039603,British Brooks,RB,HOU,IND,4000.000,,1.070,0.000,5.540,0.772,2026-09-27T13:59:50+00:00
153769,Main,2026-09-27T17:00:00+00:00,2026,3,1130245,00-0038489,Ben VanSumeren,RB,KC,MIA,4000.000,,0.410,0.000,4.010,0.548,2026-09-27T13:59:50+00:00
153769,Main,2026-09-27T17:00:00+00:00,2026,3,1130595,00-0038614,Scott Matlock,RB,LAC,BUF,4000.000,IR,2.430,0.000,9.570,0.529,2026-09-27T13:59:50+00:00
153769,Main,2026-09-27T17:00:00+00:00,2026,3,1130705,00-0036919,Kenny Gainwell,RB,TB,MIN,4800.000,,9.560,1.380,19.680,0.949,2026-09-27T13:59:50+00:00
153769,Main,2026-09-27T17:00:00+00:00,2026,3,1130976,00-0038738,Hunter Luepke,RB,DAL,BAL,4000.000,,1.900,0.000,7.260,0.752,2026-09-27T13:59:50+00:00
153769,Main,2026-09-27T17:00:00+00:00,2026,3,1131012,00-0037248,James Cook III,RB,BUF,LAC,6900.000,,15.810,3.580,29.770,0.967,2026-09-27T13:59:50+00:00
153769,Main,2026-09-27T17:00:00+00:00,2026,3,1131198,00-0037263,Tyler Allgeier,RB,ARI,SF,5000.000,,6.130,0.290,13.990,0.939,2026-09-27T13:59:50+00:00
153769,Main,2026-09-27T17:00:00+00:00,2026,3,1131457,00-0038896,Jacob Saylors,RB,DET,NYJ,4000.000,,0.510,0.000,4.390,0.754,2026-09-27T13:59:50+00:00
153769,Main,2026-09-27T17:00:00+00:00,2026,3,1161798,00-0038396,Eric Gray,RB,CLE,CAR,4000.000,,0.230,0.000,0.790,0.161,2026-09-27T13:59:50+00:00
153769,Main,2026-09-27T17:00:00+00:00,2026,3,1162537,00-0038120,Breece Hall,RB,NYJ,DET,6400.000,,13.790,2.990,26.390,0.968,2026-09-27T13:59:50+00:00
153769,Main,2026-09-27T17:00:00+00:00,2026,3,1163866,00-0037157,Bam Knight,RB,ARI,SF,4000.000,,5.190,0.000,13.000,0.863,2026-09-27T13:59:50+00:00
153769,Main,2026-09-27T17:00:00+00:00,2026,3,1164137,00-0039405,Jawhar Jordan,RB,HOU,IND,4000.000,,1.330,0.000,7.010,0.244,2026-09-27T13:59:50+00:00
153769,Main,2026-09-27T17:00:00+00:00,2026,3,1164402,00-0038134,Kenneth Walker III,RB,KC,MIA,7400.000,,20.410,4.930,37.450,0.965,2026-09-27T13:59:50+00:00
153769,Main,2026-09-27T17:00:00+00:00,2026,3,1164530,00-0039165,Zach Charbonnet,RB,SEA,WAS,4000.000,OUT,1.720,0.000,8.470,0.174,2026-09-27T13:59:50+00:00
153769,Main,2026-09-27T17:00:00+00:00,2026,3,1165229,00-0039875,Ray Davis,RB,BUF,LAC,4400.000,,3.830,0.000,10.640,0.843,2026-09-27T13:59:50+00:00
153769,Main,2026-09-27T17:00:00+00:00,2026,3,1166235,00-0037509,Sincere McCormick,RB,SF,ARI,4000.000,,0.830,0.000,2.770,0.129,2026-09-27T13:59:50+00:00
153769,Main,2026-09-27T17:00:00+00:00,2026,3,1166480,00-0038409,Lew Nichols,RB,PIT,CIN,4000.000,,0.300,0.000,1.240,0.171,2026-09-27T13:59:50+00:00
153769,Main,2026-09-27T17:00:00+00:00,2026,3,1167356,00-0035567,Craig Reynolds,RB,WAS,SEA,4000.000,,0.230,0.000,0.800,0.163,2026-09-27T13:59:50+00:00
153769,Main,2026-09-27T17:00:00+00:00,2026,3,1168918,00-0037120,Tyler Goodson,RB,DAL,BAL,4000.000,,0.560,0.000,4.420,0.554,2026-09-27T13:59:50+00:00
153769,Main,2026-09-27T17:00:00+00:00,2026,3,1169430,00-0039032,Tyjae Spears,RB,TEN,NYG,4900.000,Q,5.170,0.000,14.730,0.690,2026-09-27T13:59:50+00:00
153769,Main,2026-09-27T17:00:00+00:00,2026,3,1172990,00-0040429,Josh Williams,RB,TB,MIN,4000.000,,0.420,0.000,3.850,0.445,2026-09-27T13:59:50+00:00
153769,Main,2026-09-27T17:00:00+00:00,2026,3,1173266,00-0038397,Evan Hull,RB,ARI,SF,4000.000,,0.370,0.000,2.550,0.243,2026-09-27T13:59:50+00:00
153769,Main,2026-09-27T17:00:00+00:00,2026,3,1173480,00-0040067,Jacardia Wright,RB,SEA,WAS,4000.000,,0.380,0.000,1.210,0.144,2026-09-27T13:59:50+00:00
153769,Main,2026-09-27T17:00:00+00:00,2026,3,1174682,00-0036875,Rhamondre Stevenson,RB,NE,JAX,5400.000,,12.140,2.450,23.690,0.967,2026-09-27T13:59:50+00:00
153769,Main,2026-09-27T17:00:00+00:00,2026,3,1176443,00-0037228,Jaylen Warren,RB,PIT,CIN,5700.000,Q,9.130,0.000,24.170,0.665,2026-09-27T13:59:50+00:00
153769,Main,2026-09-27T17:00:00+00:00,2026,3,1180625,00-0039299,George Holani,RB,SEA,WAS,4500.000,,2.380,0.000,8.140,0.784,2026-09-27T13:59:50+00:00
153769,Main,2026-09-27T17:00:00+00:00,2026,3,1191186,00-0040242,Jacory Croskey-Merritt,RB,WAS,SEA,5300.000,,8.580,0.810,18.270,0.930,2026-09-27T13:59:50+00:00
153769,Main,2026-09-27T17:00:00+00:00,2026,3,1213345,00-0039266,Kendall Milton,RB,CIN,PIT,4000.000,,0.130,0.000,0.380,0.168,2026-09-27T13:59:50+00:00
153769,Main,2026-09-27T17:00:00+00:00,2026,3,1213478,00-0041239,Chip Trayanum,RB,NYJ,DET,4000.000,IR,0.530,0.000,2.240,0.159,2026-09-27T13:59:50+00:00
153769,Main,2026-09-27T17:00:00+00:00,2026,3,1213794,00-0041125,Seth McGowan,RB,IND,HOU,4100.000,,0.700,0.000,4.790,0.726,2026-09-27T13:59:50+00:00
153769,Main,2026-09-27T17:00:00+00:00,2026,3,1213867,00-0038551,Kendre Miller,RB,NO,LV,4300.000,,2.130,0.000,9.370,0.432,2026-09-27T13:59:50+00:00
153769,Main,2026-09-27T17:00:00+00:00,2026,3,1214132,00-0040547,Nate Carter,RB,KC,MIA,4000.000,,0.430,0.000,1.420,0.143,2026-09-27T13:59:50+00:00
153769,Main,2026-09-27T17:00:00+00:00,2026,3,1214154,00-0039139,Jahmyr Gibbs,RB,DET,NYJ,8800.000,,20.990,5.460,38.040,0.976,2026-09-27T13:59:50+00:00
153769,Main,2026-09-27T17:00:00+00:00,2026,3,1214249,00-0038389,Israel Abanikanda,RB,DAL,BAL,4000.000,,0.530,0.000,2.090,0.151,2026-09-27T13:59:50+00:00
153769,Main,2026-09-27T17:00:00+00:00,2026,3,1214289,00-0040260,Ahmani Marshall,RB,CAR,CLE,4000.000,,0.530,0.000,2.270,0.159,2026-09-27T13:59:50+00:00
153769,Main,2026-09-27T17:00:00+00:00,2026,3,1214824,00-0039391,Kimani Vidal,RB,LAC,BUF,4000.000,,4.890,0.000,12.270,0.886,2026-09-27T13:59:50+00:00
153769,Main,2026-09-27T17:00:00+00:00,2026,3,1215306,00-0041312,Noah Whittington,RB,HOU,IND,4000.000,,0.530,0.000,2.250,0.159,2026-09-27T13:59:50+00:00
153769,Main,2026-09-27T17:00:00+00:00,2026,3,1215658,00-0040568,Lan Larison,RB,NE,JAX,4000.000,,1.380,0.000,7.040,0.401,2026-09-27T13:59:50+00:00
153769,Main,2026-09-27T17:00:00+00:00,2026,3,1215772,00-0041052,Kaelon Black,RB,SF,ARI,4800.000,,5.410,0.000,12.980,0.913,2026-09-27T13:59:50+00:00
153769,Main,2026-09-27T17:00:00+00:00,2026,3,1215974,00-0039244,Chris Collier,RB,LV,NO,4000.000,IR,0.170,0.000,0.580,0.169,2026-09-27T13:59:50+00:00
153769,Main,2026-09-27T17:00:00+00:00,2026,3,1222789,00-0038454,Keaton Mitchell,RB,LAC,BUF,4300.000,,4.000,0.000,10.630,0.893,2026-09-27T13:59:50+00:00
153769,Main,2026-09-27T17:00:00+00:00,2026,3,1228633,00-0038951,Sean Tucker,RB,TB,MIN,4000.000,,2.580,0.000,9.990,0.530,2026-09-27T13:59:50+00:00
153769,Main,2026-09-27T17:00:00+00:00,2026,3,1228730,00-0040208,Tahj Brooks,RB,CIN,PIT,4000.000,,0.770,0.000,4.970,0.620,2026-09-27T13:59:50+00:00
153769,Main,2026-09-27T17:00:00+00:00,2026,3,1229055,00-0041241,Kentrel Bullock,RB,CIN,PIT,4000.000,,0.510,0.000,2.160,0.159,2026-09-27T13:59:50+00:00
153769,Main,2026-09-27T17:00:00+00:00,2026,3,1229133,00-0039796,Rasheen Ali,RB,BAL,DAL,4000.000,,1.540,0.000,6.450,0.787,2026-09-27T13:59:50+00:00
153769,Main,2026-09-27T17:00:00+00:00,2026,3,1229343,00-0037256,Rachaad White,RB,WAS,SEA,5100.000,,6.730,0.520,14.970,0.944,2026-09-27T13:59:50+00:00
153769,Main,2026-09-27T17:00:00+00:00,2026,3,1229673,00-0040205,Kalel Mullings,RB,TEN,NYG,4000.000,,0.200,0.000,1.910,0.256,2026-09-27T13:59:50+00:00
153769,Main,2026-09-27T17:00:00+00:00,2026,3,1231652,00-0040583,Woody Marks,RB,HOU,IND,5000.000,,8.420,1.150,17.690,0.955,2026-09-27T13:59:50+00:00
153769,Main,2026-09-27T17:00:00+00:00,2026,3,1231820,00-0039040,De'Von Achane,RB,MIA,KC,6500.000,,15.110,3.580,28.400,0.976,2026-09-27T13:59:50+00:00
153769,Main,2026-09-27T17:00:00+00:00,2026,3,1232898,00-0039652,Jabari Small,RB,DET,NYJ,4000.000,,0.610,0.000,2.620,0.159,2026-09-27T13:59:50+00:00
153769,Main,2026-09-27T17:00:00+00:00,2026,3,1233127,00-0039471,Frank Gore Jr.,RB,BUF,LAC,4000.000,,0.430,0.000,3.670,0.370,2026-09-27T13:59:50+00:00
153769,Main,2026-09-27T17:00:00+00:00,2026,3,1233297,00-0041486,Anderson Castle,RB,IND,HOU,4000.000,,0.520,0.000,2.190,0.159,2026-09-27T13:59:50+00:00
153769,Main,2026-09-27T17:00:00+00:00,2026,3,1244224,00-0041398,Riley Nowakowski,RB,PIT,CIN,4000.000,,0.730,0.000,4.830,0.470,2026-09-27T13:59:50+00:00
153769,Main,2026-09-27T17:00:00+00:00,2026,3,1248031,00-0039921,Trey Benson,RB,ARI,SF,4000.000,IR,0.640,0.000,0.740,0.110,2026-09-27T13:59:50+00:00
153769,Main,2026-09-27T17:00:00+00:00,2026,3,1271609,00-0039798,Isaiah Davis,RB,NYJ,DET,4000.000,,3.590,0.000,10.200,0.841,2026-09-27T13:59:50+00:00
153769,Main,2026-09-27T17:00:00+00:00,2026,3,1271738,00-0038794,Jaleel McLaughlin,RB,CLE,CAR,4000.000,,2.430,0.000,8.130,0.814,2026-09-27T13:59:50+00:00
153769,Main,2026-09-27T17:00:00+00:00,2026,3,1277947,00-0041217,J'Mari Taylor,RB,JAX,NE,4000.000,,0.510,0.000,2.160,0.159,2026-09-27T13:59:50+00:00
153769,Main,2026-09-27T17:00:00+00:00,2026,3,1280316,00-0040715,Cam Skattebo,RB,NYG,TEN,6200.000,,13.950,2.920,26.780,0.963,2026-09-27T13:59:50+00:00
153769,Main,2026-09-27T17:00:00+00:00,2026,3,1285895,00-0040466,Raheim Sanders,RB,CLE,CAR,4500.000,,4.630,0.000,11.790,0.889,2026-09-27T13:59:50+00:00
153769,Main,2026-09-27T17:00:00+00:00,2026,3,1285958,00-0040649,Robbie Ouzts,RB,SEA,WAS,4000.000,IR,0.280,0.000,3.420,0.453,2026-09-27T13:59:50+00:00
153769,Main,2026-09-27T17:00:00+00:00,2026,3,1286050,00-0040556,Corey Kiner,RB,NE,JAX,4000.000,,1.640,0.000,6.730,0.749,2026-09-27T13:59:50+00:00
153769,Main,2026-09-27T17:00:00+00:00,2026,3,1286513,00-0039874,Jaylen Wright,RB,MIA,KC,4000.000,D,0.060,0.000,0.000,0.013,2026-09-27T13:59:50+00:00
153769,Main,2026-09-27T17:00:00+00:00,2026,3,1286701,00-0041376,Gregory Desrosiers,RB,LAC,BUF,4000.000,,0.520,0.000,2.220,0.159,2026-09-27T13:59:50+00:00
153769,Main,2026-09-27T17:00:00+00:00,2026,3,1287641,00-0040021,Phil Mafah,RB,NYG,TEN,4000.000,,1.750,0.000,8.770,0.196,2026-09-27T13:59:50+00:00
153769,Main,2026-09-27T17:00:00+00:00,2026,3,1287778,00-0040394,Anthony Tyus III,RB,CAR,CLE,4000.000,,1.160,0.000,6.350,0.339,2026-09-27T13:59:50+00:00
153769,Main,2026-09-27T17:00:00+00:00,2026,3,1287837,00-0040734,TreVeyon Henderson,RB,NE,JAX,5200.000,,8.550,1.070,18.010,0.947,2026-09-27T13:59:50+00:00
153769,Main,2026-09-27T17:00:00+00:00,2026,3,1287923,00-0039361,Bucky Irving,RB,TB,MIN,6300.000,,13.080,2.780,25.230,0.968,2026-09-27T13:59:50+00:00
153769,Main,2026-09-27T17:00:00+00:00,2026,3,1288074,00-0041323,Myles Montgomery,RB,NE,JAX,4000.000,IR,0.600,0.000,2.870,0.182,2026-09-27T13:59:50+00:00
153769,Main,2026-09-27T17:00:00+00:00,2026,3,1289428,00-0040878,Mike Washington Jr.,RB,LV,NO,4100.000,,2.450,0.000,8.180,0.808,2026-09-27T13:59:50+00:00
153769,Main,2026-09-27T17:00:00+00:00,2026,3,1289436,HEN032810,Al-Jay Henderson,RB,NYJ,DET,4000.000,,0.530,0.000,2.240,0.159,2026-09-27T13:59:50+00:00
153769,Main,2026-09-27T17:00:00+00:00,2026,3,1303569,00-0040179,DJ Giddens,RB,IND,HOU,4000.000,,1.100,0.000,5.990,0.450,2026-09-27T13:59:50+00:00
153769,Main,2026-09-27T17:00:00+00:00,2026,3,1313668,00-0040078,Brashard Smith,RB,KC,MIA,4000.000,,2.930,0.000,9.210,0.790,2026-09-27T13:59:50+00:00
153769,Main,2026-09-27T17:00:00+00:00,2026,3,1317230,00-0040998,Roman Hemby,RB,LV,NO,4000.000,,0.520,0.000,2.210,0.159,2026-09-27T13:59:50+00:00
153769,Main,2026-09-27T17:00:00+00:00,2026,3,1317287,00-0040567,Brock Lampe,RB,BUF,LAC,4000.000,,0.610,0.000,2.620,0.159,2026-09-27T13:59:50+00:00
153769,Main,2026-09-27T17:00:00+00:00,2026,3,1319185,00-0040692,Jarquez Hunter,RB,MIA,KC,4000.000,,-0.120,0.000,-0.960,0.159,2026-09-27T13:59:50+00:00
153769,Main,2026-09-27T17:00:00+00:00,2026,3,1321291,DK-1321291,Audric Estime,RB,NO,LV,4000.000,Q,0.570,0.000,2.470,0.159,2026-09-27T13:59:50+00:00
153769,Main,2026-09-27T17:00:00+00:00,2026,3,1325231,00-0039794,Braelon Allen,RB,NYJ,DET,4400.000,,4.790,0.000,11.930,0.908,2026-09-27T13:59:50+00:00
153769,Main,2026-09-27T17:00:00+00:00,2026,3,1325562,00-0041081,Max Bredeson,RB,MIN,TB,4000.000,,4.240,0.000,12.310,0.730,2026-09-27T13:59:50+00:00
153769,Main,2026-09-27T17:00:00+00:00,2026,3,1326601,00-0039344,Jonathon Brooks,RB,CAR,CLE,4600.000,IR,2.360,0.000,8.610,0.664,2026-09-27T13:59:50+00:00
153769,Main,2026-09-27T17:00:00+00:00,2026,3,1327169,00-0040719,Bhayshul Tuten,RB,JAX,NE,5600.000,,6.970,0.000,16.670,0.830,2026-09-27T13:59:50+00:00
153769,Main,2026-09-27T17:00:00+00:00,2026,3,1327875,00-0041436,DJ Herman,RB,MIA,KC,4000.000,,2.800,0.000,9.120,0.754,2026-09-27T13:59:50+00:00
153769,Main,2026-09-27T17:00:00+00:00,2026,3,1332922,00-0040039,Amar Johnson,RB,LAC,BUF,4000.000,,0.210,0.000,0.600,0.154,2026-09-27T13:59:50+00:00
153769,Main,2026-09-27T17:00:00+00:00,2026,3,1377757,00-0040959,Jaydn Ott,RB,KC,MIA,4000.000,,0.610,0.000,2.650,0.159,2026-09-27T13:59:50+00:00
153769,Main,2026-09-27T17:00:00+00:00,2026,3,1377766,00-0040198,Ollie Gordon II,RB,MIA,KC,4000.000,,2.510,0.000,8.240,0.823,2026-09-27T13:59:50+00:00
153769,Main,2026-09-27T17:00:00+00:00,2026,3,1378284,00-0040888,Adam Randall,RB,BAL,DAL,4000.000,IR,0.690,0.000,3.340,0.182,2026-09-27T13:59:50+00:00
153769,Main,2026-09-27T17:00:00+00:00,2026,3,1378840,00-0040238,LeQuint Allen Jr.,RB,JAX,NE,4000.000,,1.320,0.000,5.950,0.833,2026-09-27T13:59:50+00:00
153769,Main,2026-09-27T17:00:00+00:00,2026,3,1379251,00-0041013,Emmett Johnson,RB,KC,MIA,4400.000,,6.630,0.000,15.690,0.859,2026-09-27T13:59:50+00:00
153769,Main,2026-09-27T17:00:00+00:00,2026,3,1379259,00-0041096,Kaytron Allen,RB,WAS,SEA,4300.000,,1.790,0.000,7.200,0.692,2026-09-27T13:59:50+00:00
153769,Main,2026-09-27T17:00:00+00:00,2026,3,1379264,DK-1379264,Nick Singleton,RB,TEN,NYG,4000.000,,0.490,0.000,2.030,0.159,2026-09-27T13:59:50+00:00
153769,Main,2026-09-27T17:00:00+00:00,2026,3,1379646,00-0040122,Ashton Jeanty,RB,LV,NO,7100.000,,16.150,4.030,30.000,0.981,2026-09-27T13:59:50+00:00
153769,Main,2026-09-27T17:00:00+00:00,2026,3,1381164,00-0039364,Sione Vaki,RB,DET,NYJ,4300.000,,1.120,0.000,5.600,0.809,2026-09-27T13:59:50+00:00
153769,Main,2026-09-27T17:00:00+00:00,2026,3,1383791,00-0041512,Jadarian Price,RB,SEA,WAS,5300.000,,6.910,0.070,15.630,0.909,2026-09-27T13:59:50+00:00
153769,Main,2026-09-27T17:00:00+00:00,2026,3,1383807,00-0040784,Quinshon Judkins,RB,CLE,CAR,5500.000,,10.000,1.790,20.160,0.966,2026-09-27T13:59:50+00:00
153769,Main,2026-09-27T17:00:00+00:00,2026,3,1390910,00-0041104,Demond Claiborne,RB,MIN,TB,4400.000,,1.180,0.000,5.910,0.653,2026-09-27T13:59:50+00:00
153769,Main,2026-09-27T17:00:00+00:00,2026,3,1394803,00-0040644,Trevor Etienne,RB,CAR,CLE,4000.000,IR,0.150,0.000,2.030,0.290,2026-09-27T13:59:50+00:00
153769,Main,2026-09-27T17:00:00+00:00,2026,3,1395681,00-0041326,CJ Donaldson,RB,NO,LV,4000.000,,0.970,0.000,5.340,0.773,2026-09-27T13:59:50+00:00
153769,Main,2026-09-27T17:00:00+00:00,2026,3,1395874,00-0041490,Eli Heidenreich,RB,PIT,CIN,4000.000,,1.230,0.000,5.940,0.715,2026-09-27T13:59:50+00:00
153769,Main,2026-09-27T17:00:00+00:00,2026,3,1398572,00-0040666,Omarion Hampton,RB,LAC,BUF,6800.000,,12.650,2.590,24.570,0.965,2026-09-27T13:59:50+00:00
153769,Main,2026-09-27T17:00:00+00:00,2026,3,1399910,00-0040162,Dylan Sampson,RB,CLE,CAR,4000.000,IR,2.000,0.000,8.970,0.432,2026-09-27T13:59:50+00:00
153769,Main,2026-09-27T17:00:00+00:00,2026,3,1400657,00-0040177,Jordan James,RB,SF,ARI,4000.000,,2.300,0.000,8.470,0.663,2026-09-27T13:59:50+00:00
153769,Main,2026-09-27T17:00:00+00:00,2026,3,1443998,00-0041178,Robert Henry Jr.,RB,WAS,SEA,4000.000,,0.490,0.000,2.020,0.159,2026-09-27T13:59:50+00:00
153769,Main,2026-09-27T17:00:00+00:00,2026,3,1445256,00-0041277,Davon Booth,RB,IND,HOU,4000.000,,0.520,0.000,2.190,0.159,2026-09-27T13:59:50+00:00
153769,Main,2026-09-27T17:00:00+00:00,2026,3,1447759,00-0038797,Emanuel Wilson,RB,SEA,WAS,4900.000,,5.310,0.000,12.690,0.928,2026-09-27T13:59:50+00:00
153769,Main,2026-09-27T17:00:00+00:00,2026,3,1451501,00-0041027,Jeremiyah Love,RB,ARI,SF,5500.000,,9.140,0.560,19.530,0.909,2026-09-27T13:59:50+00:00
153769,Main,2026-09-27T17:00:00+00:00,2026,3,1665835,00-0041585,Grant Finley,RB,NYG,TEN,4000.000,,0.530,0.000,2.260,0.159,2026-09-27T13:59:50+00:00
153769,Main,2026-09-27T17:00:00+00:00,2026,3,300580,00-0029714,Andrew DePaola,TE,MIN,TB,2500.000,,0.230,0.000,0.000,0.088,2026-09-27T13:59:50+00:00
153769,Main,2026-09-27T17:00:00+00:00,2026,3,448240,00-0030506,Travis Kelce,TE,KC,MIA,4500.000,,12.200,1.990,23.330,0.976,2026-09-27T13:59:50+00:00
153769,Main,2026-09-27T17:00:00+00:00,2026,3,472623,00-0030615,James Winchester,TE,KC,MIA,2500.000,,0.250,0.000,0.000,0.088,2026-09-27T13:59:50+00:00
153769,Main,2026-09-27T17:00:00+00:00,2026,3,553024,00-0031156,Tyler Ott,TE,WAS,SEA,2500.000,,0.210,0.000,0.000,0.088,2026-09-27T13:59:50+00:00
153769,Main,2026-09-27T17:00:00+00:00,2026,3,563293,00-0031484,Chris Manhertz,TE,NYG,TEN,2500.000,,0.130,0.000,-0.510,0.107,2026-09-27T13:59:50+00:00
153769,Main,2026-09-27T17:00:00+00:00,2026,3,600191,00-0031610,Darren Waller,TE,CAR,CLE,3400.000,,6.570,0.000,16.020,0.791,2026-09-27T13:59:50+00:00
153769,Main,2026-09-27T17:00:00+00:00,2026,3,606488,00-0032394,Nick Vannett,TE,BAL,DAL,2500.000,,0.240,0.000,0.000,0.070,2026-09-27T13:59:50+00:00
153769,Main,2026-09-27T17:00:00+00:00,2026,3,606799,00-0033063,Zach Wood,TE,NO,LV,2500.000,IR,0.220,0.000,0.000,0.088,2026-09-27T13:59:50+00:00
153769,Main,2026-09-27T17:00:00+00:00,2026,3,660151,00-0033757,Robert Tonyan,TE,PIT,CIN,2500.000,,0.640,0.000,3.830,0.268,2026-09-27T13:59:50+00:00
153769,Main,2026-09-27T17:00:00+00:00,2026,3,689689,00-0033439,Pharaoh Brown,TE,IND,HOU,2500.000,,0.140,0.000,-0.490,0.107,2026-09-27T13:59:50+00:00
153769,Main,2026-09-27T17:00:00+00:00,2026,3,694931,00-0033576,Eric Saubert,TE,SEA,WAS,2500.000,,0.900,0.000,4.680,0.737,2026-09-27T13:59:50+00:00
153769,Main,2026-09-27T17:00:00+00:00,2026,3,712506,00-0033217,Mo Alie-Cox,TE,IND,HOU,2500.000,,2.120,0.000,8.030,0.579,2026-09-27T13:59:50+00:00
153769,Main,2026-09-27T17:00:00+00:00,2026,3,733672,00-0033288,George Kittle,TE,SF,ARI,4800.000,,11.840,1.600,22.990,0.962,2026-09-27T13:59:50+00:00
153769,Main,2026-09-27T17:00:00+00:00,2026,3,744425,00-0033090,Hunter Henry,TE,NE,JAX,3900.000,,7.770,0.940,15.960,0.976,2026-09-27T13:59:50+00:00
153769,Main,2026-09-27T17:00:00+00:00,2026,3,749968,00-0034798,Durham Smythe,TE,BAL,DAL,2500.000,,1.040,0.000,4.970,0.750,2026-09-27T13:59:50+00:00
153769,Main,2026-09-27T17:00:00+00:00,2026,3,820699,00-0034753,Mark Andrews,TE,BAL,DAL,4400.000,,7.990,0.180,16.940,0.925,2026-09-27T13:59:50+00:00
153769,Main,2026-09-27T17:00:00+00:00,2026,3,830523,00-0034383,Dalton Schultz,TE,HOU,IND,4200.000,,10.270,1.240,20.370,0.960,2026-09-27T13:59:50+00:00
153769,Main,2026-09-27T17:00:00+00:00,2026,3,832098,00-0033885,David Njoku,TE,LAC,BUF,2700.000,IR,2.390,0.000,10.860,0.342,2026-09-27T13:59:50+00:00
153769,Main,2026-09-27T17:00:00+00:00,2026,3,836152,00-0034829,Mike Gesicki,TE,CIN,PIT,3300.000,,6.720,0.000,16.280,0.795,2026-09-27T13:59:50+00:00
153769,Main,2026-09-27T17:00:00+00:00,2026,3,837824,00-0035631,Drew Sample,TE,CIN,PIT,2600.000,,2.480,0.000,8.010,0.747,2026-09-27T13:59:50+00:00
153769,Main,2026-09-27T17:00:00+00:00,2026,3,838318,00-0035345,Chris Myarick,TE,LV,NO,2500.000,,0.130,0.000,0.000,0.074,2026-09-27T13:59:50+00:00
153769,Main,2026-09-27T17:00:00+00:00,2026,3,861278,00-0034270,Tyler Conklin,TE,DET,NYJ,2500.000,,2.070,0.000,8.650,0.460,2026-09-27T13:59:50+00:00
153769,Main,2026-09-27T17:00:00+00:00,2026,3,865573,00-0034981,Foster Moreau,TE,HOU,IND,2500.000,,2.770,0.000,8.460,0.778,2026-09-27T13:59:50+00:00
153769,Main,2026-09-27T17:00:00+00:00,2026,3,881779,00-0035249,Josh Oliver,TE,MIN,TB,2500.000,,3.180,0.000,8.880,0.854,2026-09-27T13:59:50+00:00
153769,Main,2026-09-27T17:00:00+00:00,2026,3,884083,00-0035689,Dawson Knox,TE,BUF,LAC,2800.000,,5.280,0.000,12.720,0.864,2026-09-27T13:59:50+00:00
153769,Main,2026-09-27T17:00:00+00:00,2026,3,884609,00-0036040,Juwan Johnson,TE,NO,LV,3700.000,,9.960,1.120,19.880,0.957,2026-09-27T13:59:50+00:00
153769,Main,2026-09-27T17:00:00+00:00,2026,3,910377,00-0036825,Feleipe Franks,TE,CAR,CLE,2500.000,,0.240,0.000,3.120,0.583,2026-09-27T13:59:50+00:00
153769,Main,2026-09-27T17:00:00+00:00,2026,3,911239,00-0037311,Ko Kieft,TE,TB,MIN,2500.000,,0.210,0.000,2.100,0.290,2026-09-27T13:59:50+00:00
153769,Main,2026-09-27T17:00:00+00:00,2026,3,911985,00-0036741,Jack Stoll,TE,SF,ARI,2500.000,,0.150,0.000,0.000,0.087,2026-09-27T13:59:50+00:00
153769,Main,2026-09-27T17:00:00+00:00,2026,3,921050,00-0036876,Kylen Granson,TE,TEN,NYG,2500.000,,0.300,0.000,1.140,0.157,2026-09-27T13:59:50+00:00
153769,Main,2026-09-27T17:00:00+00:00,2026,3,923911,00-0035644,Noah Fant,TE,NO,LV,3200.000,,3.300,0.000,9.720,0.750,2026-09-27T13:59:50+00:00
153769,Main,2026-09-27T17:00:00+00:00,2026,3,923915,00-0035229,T.J. Hockenson,TE,MIN,TB,3200.000,,8.860,0.970,17.960,0.962,2026-09-27T13:59:50+00:00
153769,Main,2026-09-27T17:00:00+00:00,2026,3,943093,00-0034365,Ian Thomas,TE,LV,NO,2500.000,,1.930,0.000,7.060,0.691,2026-09-27T13:59:50+00:00
153769,Main,2026-09-27T17:00:00+00:00,2026,3,944038,00-0036628,John Bates,TE,WAS,SEA,2500.000,,2.230,0.000,8.270,0.587,2026-09-27T13:59:50+00:00
153769,Main,2026-09-27T17:00:00+00:00,2026,3,946261,00-0037348,Tanner Conner,TE,NE,JAX,2500.000,,0.160,0.000,0.000,0.072,2026-09-27T13:59:50+00:00
153769,Main,2026-09-27T17:00:00+00:00,2026,3,946541,00-0036887,Luke Farrell,TE,SF,ARI,2500.000,,1.430,0.000,5.790,0.747,2026-09-27T13:59:50+00:00
153769,Main,2026-09-27T17:00:00+00:00,2026,3,975503,00-0037755,Jelani Woods,TE,NYJ,DET,2500.000,,0.450,0.000,0.000,0.093,2026-09-27T13:59:50+00:00
153769,Main,2026-09-27T17:00:00+00:00,2026,3,978120,00-0036754,Brock Wright,TE,DET,NYJ,2500.000,,2.490,0.000,7.690,0.826,2026-09-27T13:59:50+00:00
153769,Main,2026-09-27T17:00:00+00:00,2026,3,1049263,00-0038129,Cade Otton,TE,TB,MIN,3100.000,,8.360,1.130,16.900,0.979,2026-09-27T13:59:50+00:00
153769,Main,2026-09-27T17:00:00+00:00,2026,3,1056865,00-0037475,Stone Smartt,TE,NO,LV,2500.000,,0.320,0.000,0.000,0.097,2026-09-27T13:59:50+00:00
153769,Main,2026-09-27T17:00:00+00:00,2026,3,1056981,00-0036637,Noah Gray,TE,KC,MIA,3000.000,,2.240,0.000,7.340,0.790,2026-09-27T13:59:50+00:00
153769,Main,2026-09-27T17:00:00+00:00,2026,3,1058648,00-0038046,Charlie Kolar,TE,LAC,BUF,2500.000,OUT,0.000,0.000,0.000,0.001,2026-09-27T13:59:50+00:00
153769,Main,2026-09-27T17:00:00+00:00,2026,3,1059585,00-0038735,Princeton Fant,TE,DAL,BAL,2500.000,IR,0.160,0.000,0.290,0.142,2026-09-27T13:59:50+00:00
153769,Main,2026-09-27T17:00:00+00:00,2026,3,1059680,00-0036590,Quintin Morris,TE,JAX,NE,2500.000,,1.410,0.000,5.940,0.667,2026-09-27T13:59:50+00:00
153769,Main,2026-09-27T17:00:00+00:00,2026,3,1060550,00-0037004,Hunter Long,TE,ARI,SF,2500.000,,1.800,0.000,6.740,0.700,2026-09-27T13:59:50+00:00
153769,Main,2026-09-27T17:00:00+00:00,2026,3,1061591,00-0037412,Cal Adomitis,TE,NO,LV,2500.000,,0.220,0.000,0.000,0.088,2026-09-27T13:59:50+00:00
153769,Main,2026-09-27T17:00:00+00:00,2026,3,1065361,00-0038041,Jake Ferguson,TE,DAL,BAL,4100.000,,8.100,0.280,17.080,0.929,2026-09-27T13:59:50+00:00
153769,Main,2026-09-27T17:00:00+00:00,2026,3,1068872,00-0037112,Jake Tonges,TE,SF,ARI,2500.000,IR,0.960,0.000,3.450,0.134,2026-09-27T13:59:50+00:00
153769,Main,2026-09-27T17:00:00+00:00,2026,3,1106374,00-0037809,Chig Okonkwo,TE,WAS,SEA,3600.000,OUT,0.010,0.000,0.000,0.001,2026-09-27T13:59:50+00:00
153769,Main,2026-09-27T17:00:00+00:00,2026,3,1107232,00-0039686,Colson Yankoff,TE,WAS,SEA,2500.000,,0.880,0.000,4.870,0.513,2026-09-27T13:59:50+00:00
153769,Main,2026-09-27T17:00:00+00:00,2026,3,1108161,00-0037744,Trey McBride,TE,ARI,SF,6700.000,,15.970,2.870,29.610,0.976,2026-09-27T13:59:50+00:00
153769,Main,2026-09-27T17:00:00+00:00,2026,3,1108202,00-0039530,Brevyn Spann-Ford,TE,DAL,BAL,2500.000,,1.690,0.000,6.460,0.708,2026-09-27T13:59:50+00:00
153769,Main,2026-09-27T17:00:00+00:00,2026,3,1108526,00-0038145,Thomas Odukoya,TE,KC,MIA,2500.000,,0.250,0.000,0.000,0.088,2026-09-27T13:59:50+00:00
153769,Main,2026-09-27T17:00:00+00:00,2026,3,1109731,00-0038710,Blake Whiteheart,TE,CLE,CAR,2500.000,,1.720,0.000,6.420,0.744,2026-09-27T13:59:50+00:00
153769,Main,2026-09-27T17:00:00+00:00,2026,3,1112357,00-0039550,Shawn Bowman,TE,ARI,SF,2500.000,,0.200,0.000,0.000,0.088,2026-09-27T13:59:50+00:00
153769,Main,2026-09-27T17:00:00+00:00,2026,3,1113381,00-0039458,Brenden Bates,TE,JAX,NE,2500.000,,0.260,0.000,0.710,0.141,2026-09-27T13:59:50+00:00
153769,Main,2026-09-27T17:00:00+00:00,2026,3,1115394,00-0034613,Tanner Hudson,TE,CIN,PIT,2500.000,,0.810,0.000,4.550,0.255,2026-09-27T13:59:50+00:00
153769,Main,2026-09-27T17:00:00+00:00,2026,3,1116662,00-0036894,Pat Freiermuth,TE,PIT,CIN,3800.000,,7.540,0.030,16.210,0.920,2026-09-27T13:59:50+00:00
153769,Main,2026-09-27T17:00:00+00:00,2026,3,1120499,00-0038817,Evan Deckers,TE,TB,MIN,2500.000,,0.200,0.000,0.000,0.088,2026-09-27T13:59:50+00:00
153769,Main,2026-09-27T17:00:00+00:00,2026,3,1121863,00-0039305,Jack Westover,TE,WAS,SEA,2500.000,,0.270,0.000,0.740,0.141,2026-09-27T13:59:50+00:00
153769,Main,2026-09-27T17:00:00+00:00,2026,3,1121871,00-0036556,Brevin Jordan,TE,HOU,IND,2500.000,,0.220,0.000,0.000,0.056,2026-09-27T13:59:50+00:00
153769,Main,2026-09-27T17:00:00+00:00,2026,3,1121873,00-0038394,Will Mallory,TE,IND,HOU,2500.000,IR,0.380,0.000,1.640,0.165,2026-09-27T13:59:50+00:00
153769,Main,2026-09-27T17:00:00+00:00,2026,3,1122035,00-0038115,Daniel Bellinger,TE,TEN,NYG,2500.000,,2.900,0.000,8.480,0.826,2026-09-27T13:59:50+00:00
153769,Main,2026-09-27T17:00:00+00:00,2026,3,1122596,00-0037805,Jeremy Ruckert,TE,NYJ,DET,2500.000,,2.610,0.000,8.430,0.718,2026-09-27T13:59:50+00:00
153769,Main,2026-09-27T17:00:00+00:00,2026,3,1122692,00-0037078,Cole Turner,TE,MIA,KC,2500.000,IR,0.200,0.000,0.000,0.075,2026-09-27T13:59:50+00:00
153769,Main,2026-09-27T17:00:00+00:00,2026,3,1123364,00-0039023,Joel Wilson,TE,TEN,NYG,2500.000,,0.230,0.000,0.000,0.088,2026-09-27T13:59:50+00:00
153769,Main,2026-09-27T17:00:00+00:00,2026,3,1123630,00-0038720,Julian Hill,TE,NE,JAX,2500.000,IR,0.240,0.000,0.000,0.091,2026-09-27T13:59:50+00:00
153769,Main,2026-09-27T17:00:00+00:00,2026,3,1123712,00-0037282,James Mitchell,TE,DAL,BAL,2500.000,,0.190,0.000,0.000,0.071,2026-09-27T13:59:50+00:00
153769,Main,2026-09-27T17:00:00+00:00,2026,3,1124199,00-0039648,David Martin-Robinson,TE,TEN,NYG,2500.000,,0.590,0.000,3.960,0.420,2026-09-27T13:59:50+00:00
153769,Main,2026-09-27T17:00:00+00:00,2026,3,1124355,00-0039275,Messiah Swinson,TE,CLE,CAR,2500.000,,0.230,0.000,0.000,0.088,2026-09-27T13:59:50+00:00
153769,Main,2026-09-27T17:00:00+00:00,2026,3,1125111,00-0037838,Isaiah Likely,TE,NYG,TEN,4700.000,,8.830,0.230,18.460,0.921,2026-09-27T13:59:50+00:00
153769,Main,2026-09-27T17:00:00+00:00,2026,3,1125589,00-0038643,Brayden Willis,TE,SF,ARI,2500.000,,0.250,0.000,3.210,0.631,2026-09-27T13:59:50+00:00
153769,Main,2026-09-27T17:00:00+00:00,2026,3,1125739,00-0038564,Cameron Latu,TE,NE,JAX,2500.000,,0.220,0.000,3.130,0.628,2026-09-27T13:59:50+00:00
153769,Main,2026-09-27T17:00:00+00:00,2026,3,1128085,00-0037252,Greg Dulcich,TE,MIA,KC,3000.000,,5.910,0.000,13.670,0.886,2026-09-27T13:59:50+00:00
153769,Main,2026-09-27T17:00:00+00:00,2026,3,1128538,00-0037277,Teagan Quitoriano,TE,ARI,SF,2500.000,,0.230,0.000,0.000,0.088,2026-09-27T13:59:50+00:00
153769,Main,2026-09-27T17:00:00+00:00,2026,3,1130242,00-0038547,Luke Schoonmaker,TE,DAL,BAL,2500.000,,1.500,0.000,6.450,0.566,2026-09-27T13:59:50+00:00
153769,Main,2026-09-27T17:00:00+00:00,2026,3,1130260,00-0039050,Payne Durham,TE,TB,MIN,2500.000,,0.940,0.000,4.990,0.537,2026-09-27T13:59:50+00:00
153769,Main,2026-09-27T17:00:00+00:00,2026,3,1130555,00-0037005,Tommy Tremble,TE,CAR,CLE,2500.000,,4.410,0.000,10.680,0.924,2026-09-27T13:59:50+00:00
153769,Main,2026-09-27T17:00:00+00:00,2026,3,1135513,00-0038933,Dalton Kincaid,TE,BUF,LAC,5500.000,,10.370,0.000,22.390,0.853,2026-09-27T13:59:50+00:00
153769,Main,2026-09-27T17:00:00+00:00,2026,3,1161853,00-0039041,Elijah Higgins,TE,ARI,SF,2500.000,,2.820,0.000,8.510,0.791,2026-09-27T13:59:50+00:00
153769,Main,2026-09-27T17:00:00+00:00,2026,3,1163272,00-0039824,Jared Wiley,TE,KC,MIA,2500.000,,0.330,0.000,1.670,0.202,2026-09-27T13:59:50+00:00
153769,Main,2026-09-27T17:00:00+00:00,2026,3,1164533,00-0039814,Erick All Jr.,TE,CIN,PIT,2500.000,,2.490,0.000,8.280,0.698,2026-09-27T13:59:50+00:00
153769,Main,2026-09-27T17:00:00+00:00,2026,3,1164736,00-0040058,Nick Kallerup,TE,SEA,WAS,2500.000,,0.110,0.000,0.230,0.156,2026-09-27T13:59:50+00:00
153769,Main,2026-09-27T17:00:00+00:00,2026,3,1164940,00-0038935,Brenton Strange,TE,JAX,NE,3400.000,,8.170,0.800,16.810,0.960,2026-09-27T13:59:50+00:00
153769,Main,2026-09-27T17:00:00+00:00,2026,3,1168753,00-0040331,Patrick Herbert,TE,LAC,BUF,2500.000,,0.330,0.000,0.950,0.138,2026-09-27T13:59:50+00:00
153769,Main,2026-09-27T17:00:00+00:00,2026,3,1168926,00-0039065,Sam LaPorta,TE,DET,NYJ,4300.000,,13.140,2.200,24.890,0.976,2026-09-27T13:59:50+00:00
153769,Main,2026-09-27T17:00:00+00:00,2026,3,1172752,00-0039518,Treyton Welch,TE,NO,LV,2500.000,,0.610,0.000,3.870,0.310,2026-09-27T13:59:50+00:00
153769,Main,2026-09-27T17:00:00+00:00,2026,3,1173254,00-0040697,Thomas Gordon,TE,DET,NYJ,2500.000,,0.260,0.000,0.000,0.088,2026-09-27T13:59:50+00:00
153769,Main,2026-09-27T17:00:00+00:00,2026,3,1175182,00-0039359,Cade Stover,TE,HOU,IND,2500.000,,0.900,0.000,5.050,0.308,2026-09-27T13:59:50+00:00
153769,Main,2026-09-27T17:00:00+00:00,2026,3,1180294,00-0039489,Hayden Rucci,TE,LAC,BUF,2500.000,,0.510,0.000,2.960,0.233,2026-09-27T13:59:50+00:00
153769,Main,2026-09-27T17:00:00+00:00,2026,3,1181739,00-0040379,William Wagner,TE,CIN,PIT,2500.000,,0.200,0.000,0.000,0.088,2026-09-27T13:59:50+00:00
153769,Main,2026-09-27T17:00:00+00:00,2026,3,1182649,00-0040194,Jackson Hawes,TE,BUF,LAC,2500.000,,1.330,0.000,6.450,0.425,2026-09-27T13:59:50+00:00
153769,Main,2026-09-27T17:00:00+00:00,2026,3,1212622,00-0040853,Carson Towt,TE,IND,HOU,2500.000,IR,0.240,0.000,0.000,0.088,2026-09-27T13:59:50+00:00
153769,Main,2026-09-27T17:00:00+00:00,2026,3,1214003,00-0041503,Nate Boerkircher,TE,JAX,NE,2500.000,,2.270,0.000,7.680,0.722,2026-09-27T13:59:50+00:00
153769,Main,2026-09-27T17:00:00+00:00,2026,3,1214414,00-0039847,Theo Johnson,TE,NYG,TEN,2700.000,,5.040,0.000,11.810,0.921,2026-09-27T13:59:50+00:00
153769,Main,2026-09-27T17:00:00+00:00,2026,3,1216808,00-0040509,Ben Yurosek,TE,MIN,TB,2500.000,IR,0.240,0.000,1.580,0.224,2026-09-27T13:59:50+00:00
153769,Main,2026-09-27T17:00:00+00:00,2026,3,1218658,00-0038558,Darnell Washington,TE,PIT,CIN,2800.000,,3.320,0.000,9.300,0.826,2026-09-27T13:59:50+00:00
153769,Main,2026-09-27T17:00:00+00:00,2026,3,1228920,00-0039912,Ben Sinnott,TE,WAS,SEA,2600.000,,3.260,0.000,9.350,0.797,2026-09-27T13:59:50+00:00
153769,Main,2026-09-27T17:00:00+00:00,2026,3,1229083,00-0040128,Tyler Warren,TE,IND,HOU,5300.000,,10.460,1.580,20.430,0.977,2026-09-27T13:59:50+00:00
153769,Main,2026-09-27T17:00:00+00:00,2026,3,1229489,00-0039737,Tip Reiman,TE,ARI,SF,2500.000,OUT,0.190,0.000,-0.360,0.110,2026-09-27T13:59:50+00:00
153769,Main,2026-09-27T17:00:00+00:00,2026,3,1229503,00-0039793,AJ Barner,TE,SEA,WAS,3100.000,,7.900,0.830,16.290,0.966,2026-09-27T13:59:50+00:00
153769,Main,2026-09-27T17:00:00+00:00,2026,3,1229693,DK-1229693,Matt Hibner,TE,BAL,DAL,2500.000,,0.250,0.000,0.000,0.088,2026-09-27T13:59:50+00:00
153769,Main,2026-09-27T17:00:00+00:00,2026,3,1229749,00-0041016,Patrick Gurd,TE,LV,NO,2500.000,,0.230,0.000,0.000,0.088,2026-09-27T13:59:50+00:00
153769,Main,2026-09-27T17:00:00+00:00,2026,3,1229756,00-0041087,Joe Royer,TE,CLE,CAR,2500.000,OUT,0.360,0.000,1.080,0.138,2026-09-27T13:59:50+00:00
153769,Main,2026-09-27T17:00:00+00:00,2026,3,1232592,00-0039066,Michael Mayer,TE,LV,NO,3300.000,,5.560,0.000,12.720,0.921,2026-09-27T13:59:50+00:00
153769,Main,2026-09-27T17:00:00+00:00,2026,3,1247543,00-0041143,Ben Mann,TE,NYG,TEN,2500.000,,0.230,0.000,0.000,0.088,2026-09-27T13:59:50+00:00
153769,Main,2026-09-27T17:00:00+00:00,2026,3,1251513,00-0039631,Cam Grandy,TE,MIN,TB,2500.000,,0.240,0.000,0.070,0.120,2026-09-27T13:59:50+00:00
153769,Main,2026-09-27T17:00:00+00:00,2026,3,1271740,DK-1271740,Drew Ogletree,TE,IND,HOU,2500.000,,0.240,0.000,0.000,0.088,2026-09-27T13:59:50+00:00
153769,Main,2026-09-27T17:00:00+00:00,2026,3,1285915,00-0040390,Jackson Meeks,TE,DET,NYJ,2500.000,,0.400,0.000,1.270,0.138,2026-09-27T13:59:50+00:00
153769,Main,2026-09-27T17:00:00+00:00,2026,3,1285917,00-0039338,Brock Bowers,TE,LV,NO,6600.000,Q,9.750,0.000,23.750,0.729,2026-09-27T13:59:50+00:00
153769,Main,2026-09-27T17:00:00+00:00,2026,3,1286173,00-0040244,Moliki Matavao,TE,NO,LV,2500.000,IR,0.270,0.000,0.000,0.077,2026-09-27T13:59:50+00:00
153769,Main,2026-09-27T17:00:00+00:00,2026,3,1286282,00-0041263,Lake McRee,TE,PIT,CIN,2500.000,,0.200,0.000,0.000,0.088,2026-09-27T13:59:50+00:00
153769,Main,2026-09-27T17:00:00+00:00,2026,3,1286401,00-0040938,DJ Rogers,TE,DAL,BAL,2500.000,IR,0.200,0.000,0.000,0.088,2026-09-27T13:59:50+00:00
153769,Main,2026-09-27T17:00:00+00:00,2026,3,1286438,00-0040584,Gunnar Helm,TE,TEN,NYG,2900.000,,5.620,0.000,12.740,0.932,2026-09-27T13:59:50+00:00
153769,Main,2026-09-27T17:00:00+00:00,2026,3,1286840,00-0040739,Elijah Arroyo,TE,SEA,WAS,2500.000,,1.830,0.000,6.860,0.682,2026-09-27T13:59:50+00:00
153769,Main,2026-09-27T17:00:00+00:00,2026,3,1287258,00-0040215,Gavin Bartholomew,TE,MIN,TB,2500.000,,0.630,0.000,3.660,0.245,2026-09-27T13:59:50+00:00
153769,Main,2026-09-27T17:00:00+00:00,2026,3,1287588,00-0040566,CJ Dippre,TE,TB,MIN,2500.000,,0.200,0.000,0.000,0.088,2026-09-27T13:59:50+00:00
153769,Main,2026-09-27T17:00:00+00:00,2026,3,1287639,00-0040081,Jake Briningstool,TE,KC,MIA,2500.000,,1.200,0.000,6.080,0.397,2026-09-27T13:59:50+00:00
153769,Main,2026-09-27T17:00:00+00:00,2026,3,1287655,00-0040225,Thomas Fidone II,TE,NYG,TEN,2500.000,,0.250,0.000,0.380,0.129,2026-09-27T13:59:50+00:00
153769,Main,2026-09-27T17:00:00+00:00,2026,3,1287920,00-0041366,Jameson Geers,TE,ARI,SF,2500.000,IR,0.200,0.000,0.000,0.088,2026-09-27T13:59:50+00:00
153769,Main,2026-09-27T17:00:00+00:00,2026,3,1288387,00-0040955,John Michael Gyllenborg,TE,KC,MIA,2500.000,IR,0.250,0.000,0.000,0.088,2026-09-27T13:59:50+00:00
153769,Main,2026-09-27T17:00:00+00:00,2026,3,1289220,00-0037340,Zaire Mitchell-Paden,TE,HOU,IND,2500.000,,0.190,0.000,0.000,0.090,2026-09-27T13:59:50+00:00
153769,Main,2026-09-27T17:00:00+00:00,2026,3,1289471,00-0040187,Mitchell Evans,TE,CAR,CLE,2500.000,,1.750,0.000,6.590,0.708,2026-09-27T13:59:50+00:00
153769,Main,2026-09-27T17:00:00+00:00,2026,3,1290014,00-0041579,Seydou Traore,TE,MIA,KC,2500.000,,0.590,0.000,3.430,0.245,2026-09-27T13:59:50+00:00
153769,Main,2026-09-27T17:00:00+00:00,2026,3,1310628,00-0041357,Khalil Dinkins,TE,SF,ARI,2500.000,,0.250,0.000,0.000,0.088,2026-09-27T13:59:50+00:00
153769,Main,2026-09-27T17:00:00+00:00,2026,3,1317191,00-0040094,Tre Watson,TE,MIA,KC,2500.000,,0.210,0.000,0.000,0.088,2026-09-27T13:59:50+00:00
153769,Main,2026-09-27T17:00:00+00:00,2026,3,1319948,00-0040887,Josh Cuevas,TE,BAL,DAL,2500.000,,0.400,0.000,1.230,0.138,2026-09-27T13:59:50+00:00
153769,Main,2026-09-27T17:00:00+00:00,2026,3,1321090,00-0041314,Tanner Arkin,TE,NE,JAX,2500.000,,0.320,0.000,0.890,0.138,2026-09-27T13:59:50+00:00
153769,Main,2026-09-27T17:00:00+00:00,2026,3,1321309,DK-1321309,Luke Basso,TE,MIA,KC,2500.000,,0.210,0.000,0.000,0.088,2026-09-27T13:59:50+00:00
153769,Main,2026-09-27T17:00:00+00:00,2026,3,1322367,00-0041524,Will Kacmarek,TE,MIA,KC,2500.000,,1.340,0.000,5.680,0.712,2026-09-27T13:59:50+00:00
153769,Main,2026-09-27T17:00:00+00:00,2026,3,1323708,00-0040939,Michael Trigg,TE,DAL,BAL,2500.000,,0.200,0.000,0.000,0.088,2026-09-27T13:59:50+00:00
153769,Main,2026-09-27T17:00:00+00:00,2026,3,1323906,00-0040363,Keleki Latu,TE,BUF,LAC,2500.000,,0.970,0.000,5.070,0.542,2026-09-27T13:59:50+00:00
153769,Main,2026-09-27T17:00:00+00:00,2026,3,1325624,00-0040189,Oronde Gadsden II,TE,LAC,BUF,3500.000,,5.820,0.000,14.120,0.827,2026-09-27T13:59:50+00:00
153769,Main,2026-09-27T17:00:00+00:00,2026,3,1326555,00-0041094,Bauer Sharp,TE,TB,MIN,2500.000,,0.610,0.000,3.890,0.318,2026-09-27T13:59:50+00:00
153769,Main,2026-09-27T17:00:00+00:00,2026,3,1326628,00-0039356,Ja'Tavion Sanders,TE,CAR,CLE,2500.000,,0.260,0.000,0.000,0.068,2026-09-27T13:59:50+00:00
153769,Main,2026-09-27T17:00:00+00:00,2026,3,1379995,00-0041384,Evan Svoboda,TE,LAC,BUF,2500.000,,0.210,0.000,0.000,0.088,2026-09-27T13:59:50+00:00
153769,Main,2026-09-27T17:00:00+00:00,2026,3,1380368,00-0041084,Tanner Koziol,TE,JAX,NE,2500.000,,0.310,0.000,0.880,0.138,2026-09-27T13:59:50+00:00
153769,Main,2026-09-27T17:00:00+00:00,2026,3,1380773,00-0041252,Kenny Fletcher Jr.,TE,IND,HOU,2500.000,,0.240,0.000,0.000,0.088,2026-09-27T13:59:50+00:00
153769,Main,2026-09-27T17:00:00+00:00,2026,3,1381105,00-0041041,Oscar Delp,TE,NO,LV,2500.000,,1.510,0.000,6.710,0.505,2026-09-27T13:59:50+00:00
153769,Main,2026-09-27T17:00:00+00:00,2026,3,1381263,00-0040736,Mason Taylor,TE,NYJ,DET,2500.000,OUT,0.010,0.000,0.000,0.001,2026-09-27T13:59:50+00:00
153769,Main,2026-09-27T17:00:00+00:00,2026,3,1381307,00-0040901,Jaren Kanak,TE,TEN,NYG,2500.000,IR,0.230,0.000,0.000,0.088,2026-09-27T13:59:50+00:00
153769,Main,2026-09-27T17:00:00+00:00,2026,3,1384626,00-0041131,Carsen Ryan,TE,CLE,CAR,2500.000,,0.740,0.000,4.480,0.377,2026-09-27T13:59:50+00:00
153769,Main,2026-09-27T17:00:00+00:00,2026,3,1393863,00-0041327,Cody Hardy,TE,NYJ,DET,2500.000,,0.240,0.000,0.000,0.088,2026-09-27T13:59:50+00:00
153769,Main,2026-09-27T17:00:00+00:00,2026,3,1394752,00-0040663,Harold Fannin Jr.,TE,CLE,CAR,4000.000,,11.310,1.540,22.040,0.964,2026-09-27T13:59:50+00:00
153769,Main,2026-09-27T17:00:00+00:00,2026,3,1400852,00-0041116,Jack Endries,TE,CIN,PIT,2500.000,,0.310,0.000,0.880,0.138,2026-09-27T13:59:50+00:00
153769,Main,2026-09-27T17:00:00+00:00,2026,3,1403969,00-0041395,Eli Raridon,TE,NE,JAX,2900.000,Q,2.530,0.000,9.490,0.526,2026-09-27T13:59:50+00:00
153769,Main,2026-09-27T17:00:00+00:00,2026,3,1404295,00-0040986,Ty Pezza,TE,BAL,DAL,2500.000,,0.250,0.000,0.000,0.088,2026-09-27T13:59:50+00:00
153769,Main,2026-09-27T17:00:00+00:00,2026,3,1405857,00-0041472,Marlin Klein,TE,HOU,IND,2500.000,,1.410,0.000,6.840,0.391,2026-09-27T13:59:50+00:00
153769,Main,2026-09-27T17:00:00+00:00,2026,3,1405928,00-0041077,Justin Joly,TE,MIA,KC,2500.000,,0.330,0.000,0.950,0.138,2026-09-27T13:59:50+00:00
153769,Main,2026-09-27T17:00:00+00:00,2026,3,1444547,00-0041032,Kenyon Sadiq,TE,NYJ,DET,3500.000,,6.720,0.000,16.260,0.796,2026-09-27T13:59:50+00:00
153769,Main,2026-09-27T17:00:00+00:00,2026,3,1468632,00-0040488,Carter Runyon,TE,LV,NO,2500.000,IR,0.190,0.000,0.710,0.166,2026-09-27T13:59:50+00:00
153769,Main,2026-09-27T17:00:00+00:00,2026,3,557210,00-0030279,Keenan Allen,WR,IND,HOU,4600.000,,6.550,0.000,15.200,0.912,2026-09-27T13:59:50+00:00
153769,Main,2026-09-27T17:00:00+00:00,2026,3,589984,00-0031235,Odell Beckham Jr.,WR,NYG,TEN,3300.000,,0.690,0.000,4.200,0.260,2026-09-27T13:59:50+00:00
153769,Main,2026-09-27T17:00:00+00:00,2026,3,593587,00-0031408,Mike Evans,WR,SF,ARI,6800.000,Q,8.580,0.000,21.580,0.742,2026-09-27T13:59:50+00:00
153769,Main,2026-09-27T17:00:00+00:00,2026,3,606551,00-0032398,Chris Moore,WR,BAL,DAL,3100.000,,3.010,0.000,9.300,0.828,2026-09-27T13:59:50+00:00
153769,Main,2026-09-27T17:00:00+00:00,2026,3,607864,00-0031236,Brandin Cooks,WR,SF,ARI,3500.000,,1.580,0.000,8.030,0.344,2026-09-27T13:59:50+00:00
153769,Main,2026-09-27T17:00:00+00:00,2026,3,691278,00-0032385,Sterling Shepard,WR,NYJ,DET,3000.000,,0.860,0.000,4.260,0.197,2026-09-27T13:59:50+00:00
153769,Main,2026-09-27T17:00:00+00:00,2026,3,694041,00-0031588,Stefon Diggs,WR,WAS,SEA,5500.000,,9.870,0.000,21.300,0.898,2026-09-27T13:59:50+00:00
153769,Main,2026-09-27T17:00:00+00:00,2026,3,698227,00-0033908,Cooper Kupp,WR,SEA,WAS,4000.000,,5.960,0.000,14.060,0.923,2026-09-27T13:59:50+00:00
153769,Main,2026-09-27T17:00:00+00:00,2026,3,702808,00-0033555,Mack Hollins,WR,NE,JAX,4200.000,,7.150,0.030,16.130,0.923,2026-09-27T13:59:50+00:00
153769,Main,2026-09-27T17:00:00+00:00,2026,3,727279,00-0032775,Demarcus Robinson,WR,SF,ARI,3800.000,IR,0.000,0.000,0.000,0.001,2026-09-27T13:59:50+00:00
153769,Main,2026-09-27T17:00:00+00:00,2026,3,742382,00-0034272,Marquez Valdes-Scantling,WR,LAC,BUF,3000.000,,1.680,0.000,8.200,0.395,2026-09-27T13:59:50+00:00
153769,Main,2026-09-27T17:00:00+00:00,2026,3,748554,00-0032951,Laquon Treadwell,WR,IND,HOU,3100.000,,2.490,0.000,8.290,0.831,2026-09-27T13:59:50+00:00
153769,Main,2026-09-27T17:00:00+00:00,2026,3,749681,00-0034054,River Cracraft,WR,WAS,SEA,3000.000,Q,1.030,0.000,5.890,0.406,2026-09-27T13:59:50+00:00
153769,Main,2026-09-27T17:00:00+00:00,2026,3,754412,00-0033307,Kendrick Bourne,WR,ARI,SF,3700.000,,3.910,0.000,10.690,0.882,2026-09-27T13:59:50+00:00
153769,Main,2026-09-27T17:00:00+00:00,2026,3,757521,00-0034854,KhaDarel Hodge,WR,SF,ARI,3000.000,,1.170,0.000,5.730,0.842,2026-09-27T13:59:50+00:00
153769,Main,2026-09-27T17:00:00+00:00,2026,3,820866,00-0034419,Braxton Berrios,WR,NYG,TEN,3000.000,,0.780,0.000,5.010,0.807,2026-09-27T13:59:50+00:00
153769,Main,2026-09-27T17:00:00+00:00,2026,3,835127,00-0033921,Chris Godwin Jr.,WR,TB,MIN,5300.000,,9.730,1.380,20.020,0.967,2026-09-27T13:59:50+00:00
153769,Main,2026-09-27T17:00:00+00:00,2026,3,835749,00-0035719,Deebo Samuel Sr.,WR,SF,ARI,5300.000,,8.580,0.390,18.610,0.926,2026-09-27T13:59:50+00:00
153769,Main,2026-09-27T17:00:00+00:00,2026,3,835861,00-0034487,Trent Sherfield Sr.,WR,BUF,LAC,3000.000,,0.480,0.000,3.670,0.321,2026-09-27T13:59:50+00:00
153769,Main,2026-09-27T17:00:00+00:00,2026,3,836116,00-0035659,Terry McLaurin,WR,WAS,SEA,5100.000,,9.500,1.320,19.620,0.967,2026-09-27T13:59:50+00:00
153769,Main,2026-09-27T17:00:00+00:00,2026,3,837087,00-0035544,Tom Kennedy,WR,DET,NYJ,3000.000,,1.040,0.000,5.510,0.820,2026-09-27T13:59:50+00:00
153769,Main,2026-09-27T17:00:00+00:00,2026,3,838179,00-0033375,Tim Patrick,WR,NYJ,DET,3000.000,IR,0.470,0.000,1.550,0.143,2026-09-27T13:59:50+00:00
153769,Main,2026-09-27T17:00:00+00:00,2026,3,865801,00-0034775,Christian Kirk,WR,SF,ARI,3000.000,IR,2.520,0.000,11.890,0.323,2026-09-27T13:59:50+00:00
153769,Main,2026-09-27T17:00:00+00:00,2026,3,865958,00-0037801,KaVontae Turpin,WR,DAL,BAL,3000.000,,3.250,0.000,9.810,0.820,2026-09-27T13:59:50+00:00
153769,Main,2026-09-27T17:00:00+00:00,2026,3,866973,00-0035359,David Sills V,WR,TB,MIN,3000.000,IR,0.300,0.000,0.000,0.070,2026-09-27T13:59:50+00:00
153769,Main,2026-09-27T17:00:00+00:00,2026,3,867009,00-0036259,Jauan Jennings,WR,MIN,TB,3600.000,,6.150,0.000,15.990,0.776,2026-09-27T13:59:50+00:00
153769,Main,2026-09-27T17:00:00+00:00,2026,3,877654,00-0035589,Gary Jennings,WR,LAC,BUF,3000.000,,0.990,0.000,5.610,0.269,2026-09-27T13:59:50+00:00
153769,Main,2026-09-27T17:00:00+00:00,2026,3,877790,00-0034827,DJ Moore,WR,BUF,LAC,5800.000,Q,8.160,0.000,20.450,0.755,2026-09-27T13:59:50+00:00
153769,Main,2026-09-27T17:00:00+00:00,2026,3,880151,00-0034960,Jakobi Meyers,WR,JAX,NE,4800.000,,7.480,0.290,16.590,0.935,2026-09-27T13:59:50+00:00
153769,Main,2026-09-27T17:00:00+00:00,2026,3,880557,00-0035535,Darius Slayton,WR,IND,HOU,3500.000,,4.400,0.000,13.660,0.650,2026-09-27T13:59:50+00:00
153769,Main,2026-09-27T17:00:00+00:00,2026,3,881058,00-0036345,K.J. Osborn,WR,TEN,NYG,3000.000,,0.970,0.000,5.550,0.273,2026-09-27T13:59:50+00:00
153769,Main,2026-09-27T17:00:00+00:00,2026,3,881670,00-0038181,Lucky Jackson,WR,DET,NYJ,3000.000,,0.970,0.000,5.530,0.269,2026-09-27T13:59:50+00:00
153769,Main,2026-09-27T17:00:00+00:00,2026,3,883259,00-0036182,Nick Westbrook-Ikhine,WR,IND,HOU,3000.000,,0.030,0.000,0.000,0.013,2026-09-27T13:59:50+00:00
153769,Main,2026-09-27T17:00:00+00:00,2026,3,883312,00-0037156,Irvin Charles,WR,SEA,WAS,3000.000,IR,0.100,0.000,1.420,0.252,2026-09-27T13:59:50+00:00
153769,Main,2026-09-27T17:00:00+00:00,2026,3,884013,00-0034837,Calvin Ridley,WR,TEN,NYG,4000.000,,5.670,0.000,13.920,0.882,2026-09-27T13:59:50+00:00
153769,Main,2026-09-27T17:00:00+00:00,2026,3,884080,00-0036415,Van Jefferson,WR,WAS,SEA,3000.000,,1.230,0.000,6.720,0.283,2026-09-27T13:59:50+00:00
153769,Main,2026-09-27T17:00:00+00:00,2026,3,910852,00-0035500,Greg Dortch,WR,BUF,LAC,3000.000,,3.660,0.000,10.630,0.816,2026-09-27T13:59:50+00:00
153769,Main,2026-09-27T17:00:00+00:00,2026,3,911236,00-0036427,Tyler Johnson,WR,NYJ,DET,3000.000,,1.460,0.000,7.570,0.342,2026-09-27T13:59:50+00:00
153769,Main,2026-09-27T17:00:00+00:00,2026,3,911348,00-0036252,Michael Pittman Jr.,WR,PIT,CIN,4700.000,Q,5.890,0.000,16.530,0.695,2026-09-27T13:59:50+00:00
153769,Main,2026-09-27T17:00:00+00:00,2026,3,912027,00-0036309,Darnell Mooney,WR,NYG,TEN,4100.000,,4.540,0.000,11.520,0.930,2026-09-27T13:59:50+00:00
153769,Main,2026-09-27T17:00:00+00:00,2026,3,920756,00-0036331,Devin Duvernay,WR,ARI,SF,3000.000,,0.310,0.000,4.100,0.841,2026-09-27T13:59:50+00:00
153769,Main,2026-09-27T17:00:00+00:00,2026,3,920944,00-0036862,Ben Skowronek,WR,PIT,CIN,3000.000,,0.660,0.000,4.770,0.830,2026-09-27T13:59:50+00:00
153769,Main,2026-09-27T17:00:00+00:00,2026,3,921460,00-0037382,Brandon Johnson,WR,PIT,CIN,3000.000,,1.320,0.000,6.970,0.234,2026-09-27T13:59:50+00:00
153769,Main,2026-09-27T17:00:00+00:00,2026,3,923412,00-0037545,Rashid Shaheed,WR,SEA,WAS,4200.000,,4.860,0.000,12.320,0.897,2026-09-27T13:59:50+00:00
153769,Main,2026-09-27T17:00:00+00:00,2026,3,944826,00-0035676,A.J. Brown,WR,NE,JAX,3000.000,IR,5.020,0.000,19.540,0.411,2026-09-27T13:59:50+00:00
153769,Main,2026-09-27T17:00:00+00:00,2026,3,945633,00-0035640,DK Metcalf,WR,PIT,CIN,5400.000,,10.550,1.840,21.200,0.980,2026-09-27T13:59:50+00:00
153769,Main,2026-09-27T17:00:00+00:00,2026,3,973935,00-0036407,Jerry Jeudy,WR,CLE,CAR,3800.000,,4.820,0.000,11.960,0.937,2026-09-27T13:59:50+00:00
153769,Main,2026-09-27T17:00:00+00:00,2026,3,973949,00-0038679,Tyrell Shavers,WR,BUF,LAC,3000.000,OUT,0.260,0.000,0.000,0.063,2026-09-27T13:59:50+00:00
153769,Main,2026-09-27T17:00:00+00:00,2026,3,975387,00-0036165,Isaiah Hodgins,WR,PIT,CIN,3000.000,,0.910,0.000,5.170,0.256,2026-09-27T13:59:50+00:00
153769,Main,2026-09-27T17:00:00+00:00,2026,3,976066,00-0036387,Jalen Reagor,WR,MIA,KC,3000.000,,0.940,0.000,5.440,0.280,2026-09-27T13:59:50+00:00
153769,Main,2026-09-27T17:00:00+00:00,2026,3,978579,00-0036410,Tee Higgins,WR,CIN,PIT,6100.000,,12.850,1.900,25.600,0.950,2026-09-27T13:59:50+00:00
153769,Main,2026-09-27T17:00:00+00:00,2026,3,1049915,00-0033589,David Moore,WR,CAR,CLE,3000.000,,0.740,0.000,3.610,0.187,2026-09-27T13:59:50+00:00
153769,Main,2026-09-27T17:00:00+00:00,2026,3,1056660,00-0036841,Austin Trammell,WR,JAX,NE,3000.000,,0.430,0.000,3.400,0.305,2026-09-27T13:59:50+00:00
153769,Main,2026-09-27T17:00:00+00:00,2026,3,1056747,00-0036497,Tim Jones,WR,JAX,NE,3000.000,,0.400,0.000,3.030,0.277,2026-09-27T13:59:50+00:00
153769,Main,2026-09-27T17:00:00+00:00,2026,3,1057484,00-0035891,Cody White,WR,LV,NO,3200.000,,3.700,0.000,10.520,0.846,2026-09-27T13:59:50+00:00
153769,Main,2026-09-27T17:00:00+00:00,2026,3,1058726,00-0039329,Julian Hicks,WR,SEA,WAS,3000.000,,0.950,0.000,5.410,0.269,2026-09-27T13:59:50+00:00
153769,Main,2026-09-27T17:00:00+00:00,2026,3,1059220,00-0036775,Brandon Smith,WR,PIT,CIN,3000.000,,0.950,0.000,5.430,0.269,2026-09-27T13:59:50+00:00
153769,Main,2026-09-27T17:00:00+00:00,2026,3,1059221,00-0036635,Ihmir Smith-Marsette,WR,ARI,SF,3000.000,,0.470,0.000,3.870,0.381,2026-09-27T13:59:50+00:00
153769,Main,2026-09-27T17:00:00+00:00,2026,3,1059612,DK-1059612,Joshua Palmer,WR,BUF,LAC,3500.000,,0.950,0.000,5.410,0.269,2026-09-27T13:59:50+00:00
153769,Main,2026-09-27T17:00:00+00:00,2026,3,1062020,00-0036358,CeeDee Lamb,WR,DAL,BAL,7800.000,,16.820,3.410,31.930,0.967,2026-09-27T13:59:50+00:00
153769,Main,2026-09-27T17:00:00+00:00,2026,3,1062546,00-0036630,Tylan Wallace,WR,CLE,CAR,3000.000,,0.340,0.000,2.890,0.290,2026-09-27T13:59:50+00:00
153769,Main,2026-09-27T17:00:00+00:00,2026,3,1062765,00-0037837,Calvin Austin III,WR,NYG,TEN,3000.000,IR,1.410,0.000,7.440,0.323,2026-09-27T13:59:50+00:00
153769,Main,2026-09-27T17:00:00+00:00,2026,3,1063397,00-0035045,D.J. Montgomery,WR,IND,HOU,3000.000,IR,0.050,0.000,0.000,0.009,2026-09-27T13:59:50+00:00
153769,Main,2026-09-27T17:00:00+00:00,2026,3,1065052,00-0037524,Tay Martin,WR,DET,NYJ,3000.000,,1.960,0.000,7.410,0.784,2026-09-27T13:59:50+00:00
153769,Main,2026-09-27T17:00:00+00:00,2026,3,1066424,00-0037666,Jalen Tolbert,WR,MIA,KC,3000.000,,1.790,0.000,8.550,0.399,2026-09-27T13:59:50+00:00
153769,Main,2026-09-27T17:00:00+00:00,2026,3,1067132,00-0038576,Charlie Jones,WR,NYG,TEN,3000.000,,0.320,0.000,3.420,0.402,2026-09-27T13:59:50+00:00
153769,Main,2026-09-27T17:00:00+00:00,2026,3,1069535,00-0036322,Justin Jefferson,WR,MIN,TB,7500.000,,13.230,2.720,25.590,0.983,2026-09-27T13:59:50+00:00
153769,Main,2026-09-27T17:00:00+00:00,2026,3,1074698,00-0036554,Nico Collins,WR,HOU,IND,7000.000,OUT,0.010,0.000,0.000,0.001,2026-09-27T13:59:50+00:00
153769,Main,2026-09-27T17:00:00+00:00,2026,3,1106382,00-0039710,Jeshaun Jones,WR,MIN,TB,3000.000,OUT,0.120,0.000,1.880,0.285,2026-09-27T13:59:50+00:00
153769,Main,2026-09-27T17:00:00+00:00,2026,3,1107027,00-0037664,Alec Pierce,WR,IND,HOU,5600.000,IR,0.010,0.000,0.000,0.001,2026-09-27T13:59:50+00:00
153769,Main,2026-09-27T17:00:00+00:00,2026,3,1107034,00-0036261,Brandon Aiyuk,WR,SF,ARI,3000.000,OUT,0.070,0.000,0.000,0.008,2026-09-27T13:59:50+00:00
153769,Main,2026-09-27T17:00:00+00:00,2026,3,1107878,00-0036626,Dyami Brown,WR,WAS,SEA,3200.000,,2.800,0.000,8.880,0.833,2026-09-27T13:59:50+00:00
153769,Main,2026-09-27T17:00:00+00:00,2026,3,1108208,00-0036550,Rashod Bateman,WR,BAL,DAL,4700.000,,5.620,0.000,13.280,0.946,2026-09-27T13:59:50+00:00
153769,Main,2026-09-27T17:00:00+00:00,2026,3,1109979,00-0036900,Ja'Marr Chase,WR,CIN,PIT,8100.000,,18.500,4.320,34.320,0.983,2026-09-27T13:59:50+00:00
153769,Main,2026-09-27T17:00:00+00:00,2026,3,1110301,00-0038104,Tyquan Thornton,WR,KC,MIA,3300.000,,3.860,0.000,10.850,0.841,2026-09-27T13:59:50+00:00
153769,Main,2026-09-27T17:00:00+00:00,2026,3,1113398,00-0039650,Bryce Oliver,WR,HOU,IND,3000.000,,0.730,0.000,4.490,0.272,2026-09-27T13:59:50+00:00
153769,Main,2026-09-27T17:00:00+00:00,2026,3,1113477,00-0038573,Derius Davis,WR,LAC,BUF,3000.000,,0.650,0.000,4.760,0.835,2026-09-27T13:59:50+00:00
153769,Main,2026-09-27T17:00:00+00:00,2026,3,1114364,00-0038891,Shedrick Jackson,WR,BAL,DAL,3000.000,,1.480,0.000,7.400,0.415,2026-09-27T13:59:50+00:00
153769,Main,2026-09-27T17:00:00+00:00,2026,3,1118668,00-0038824,Ryan Miller,WR,MIA,KC,3200.000,Q,2.670,0.000,9.740,0.616,2026-09-27T13:59:50+00:00
153769,Main,2026-09-27T17:00:00+00:00,2026,3,1121050,00-0038752,Jake Bobo,WR,SEA,WAS,3000.000,IR,0.300,0.000,0.030,0.120,2026-09-27T13:59:50+00:00
153769,Main,2026-09-27T17:00:00+00:00,2026,3,1121887,00-0038590,Justin Shorter,WR,LV,NO,3000.000,IR,0.010,0.000,0.000,0.017,2026-09-27T13:59:50+00:00
153769,Main,2026-09-27T17:00:00+00:00,2026,3,1122592,00-0037239,Chris Olave,WR,NO,LV,7200.000,,18.990,4.340,35.260,0.978,2026-09-27T13:59:50+00:00
153769,Main,2026-09-27T17:00:00+00:00,2026,3,1122653,00-0037816,Romeo Doubs,WR,NE,JAX,5100.000,,10.200,1.480,20.840,0.965,2026-09-27T13:59:50+00:00
153769,Main,2026-09-27T17:00:00+00:00,2026,3,1123496,00-0036646,Simi Fehoko,WR,ARI,SF,3000.000,,0.680,0.000,4.810,0.684,2026-09-27T13:59:50+00:00
153769,Main,2026-09-27T17:00:00+00:00,2026,3,1123525,00-0038840,Brycen Tremayne,WR,CAR,CLE,3000.000,,1.030,0.000,5.480,0.821,2026-09-27T13:59:50+00:00
153769,Main,2026-09-27T17:00:00+00:00,2026,3,1123529,00-0038559,Michael Wilson,WR,ARI,SF,5200.000,,12.950,2.540,25.210,0.979,2026-09-27T13:59:50+00:00
153769,Main,2026-09-27T17:00:00+00:00,2026,3,1124664,00-0038979,Cedric Tillman,WR,NO,LV,3000.000,,1.270,0.000,6.840,0.335,2026-09-27T13:59:50+00:00
153769,Main,2026-09-27T17:00:00+00:00,2026,3,1124851,00-0038619,Andrei Iosivas,WR,CIN,PIT,3000.000,IR,0.000,0.000,0.000,0.001,2026-09-27T13:59:50+00:00
153769,Main,2026-09-27T17:00:00+00:00,2026,3,1126817,00-0037291,Jalen Nailor,WR,LV,NO,3700.000,,4.530,0.000,11.600,0.917,2026-09-27T13:59:50+00:00
153769,Main,2026-09-27T17:00:00+00:00,2026,3,1127080,00-0038519,Nikko Remigio,WR,KC,MIA,3000.000,,0.430,0.000,4.310,0.824,2026-09-27T13:59:50+00:00
153769,Main,2026-09-27T17:00:00+00:00,2026,3,1127106,00-0036963,Amon-Ra St. Brown,WR,DET,NYJ,7900.000,,20.330,4.780,37.460,0.980,2026-09-27T13:59:50+00:00
153769,Main,2026-09-27T17:00:00+00:00,2026,3,1128222,00-0038977,Tank Dell,WR,HOU,IND,3000.000,IR,0.400,0.000,0.000,0.035,2026-09-27T13:59:50+00:00
153769,Main,2026-09-27T17:00:00+00:00,2026,3,1130213,00-0038647,Ronnie Bell,WR,LV,NO,3000.000,,1.360,0.000,7.010,0.409,2026-09-27T13:59:50+00:00
153769,Main,2026-09-27T17:00:00+00:00,2026,3,1130526,00-0037231,Kevin Austin Jr.,WR,NO,LV,3000.000,,4.000,0.000,11.150,0.839,2026-09-27T13:59:50+00:00
153769,Main,2026-09-27T17:00:00+00:00,2026,3,1130603,00-0037261,Khalil Shakir,WR,BUF,LAC,4800.000,,8.770,0.190,19.130,0.913,2026-09-27T13:59:50+00:00
153769,Main,2026-09-27T17:00:00+00:00,2026,3,1130833,00-0037487,Deven Thompkins,WR,LV,NO,3000.000,,0.500,0.000,4.230,0.487,2026-09-27T13:59:50+00:00
153769,Main,2026-09-27T17:00:00+00:00,2026,3,1133320,00-0040785,Dohnte Meyers,WR,CIN,PIT,3000.000,,1.530,0.000,6.680,0.710,2026-09-27T13:59:50+00:00
153769,Main,2026-09-27T17:00:00+00:00,2026,3,1160348,00-0037614,John Metchie III,WR,CAR,CLE,3000.000,,3.600,0.000,10.480,0.821,2026-09-27T13:59:50+00:00
153769,Main,2026-09-27T17:00:00+00:00,2026,3,1161416,00-0039916,Ricky Pearsall,WR,SF,ARI,3000.000,IR,0.070,0.000,0.000,0.009,2026-09-27T13:59:50+00:00
153769,Main,2026-09-27T17:00:00+00:00,2026,3,1161661,00-0039816,Anthony Gould,WR,IND,HOU,3000.000,,0.750,0.000,4.990,0.575,2026-09-27T13:59:50+00:00
153769,Main,2026-09-27T17:00:00+00:00,2026,3,1161739,00-0039052,Trey Palmer,WR,NO,LV,3000.000,,0.520,0.000,3.320,0.249,2026-09-27T13:59:50+00:00
153769,Main,2026-09-27T17:00:00+00:00,2026,3,1162602,00-0040311,Theo Wease Jr.,WR,LAC,BUF,3000.000,,2.440,0.000,11.540,0.327,2026-09-27T13:59:50+00:00
153769,Main,2026-09-27T17:00:00+00:00,2026,3,1163445,00-0040337,Eli Pancol,WR,IND,HOU,3000.000,,1.010,0.000,5.700,0.269,2026-09-27T13:59:50+00:00
153769,Main,2026-09-27T17:00:00+00:00,2026,3,1164788,00-0039424,Devaughn Vele,WR,NO,LV,4400.000,,9.700,1.060,20.230,0.949,2026-09-27T13:59:50+00:00
153769,Main,2026-09-27T17:00:00+00:00,2026,3,1164846,00-0039355,Luke McCaffrey,WR,WAS,SEA,3000.000,,0.360,0.000,0.000,0.082,2026-09-27T13:59:50+00:00
153769,Main,2026-09-27T17:00:00+00:00,2026,3,1164875,00-0038117,Wan'Dale Robinson,WR,TEN,NYG,4500.000,,10.990,1.740,22.150,0.966,2026-09-27T13:59:50+00:00
153769,Main,2026-09-27T17:00:00+00:00,2026,3,1164889,00-0037740,Garrett Wilson,WR,NYJ,DET,6300.000,,13.670,2.750,26.410,0.978,2026-09-27T13:59:50+00:00
153769,Main,2026-09-27T17:00:00+00:00,2026,3,1164979,00-0038563,Tre Tucker,WR,LV,NO,5000.000,,10.690,1.870,21.430,0.979,2026-09-27T13:59:50+00:00
153769,Main,2026-09-27T17:00:00+00:00,2026,3,1166036,00-0035021,Ashton Dulin,WR,IND,HOU,3200.000,OUT,0.000,0.000,0.000,0.001,2026-09-27T13:59:50+00:00
153769,Main,2026-09-27T17:00:00+00:00,2026,3,1168410,00-0035645,Gunner Olszewski,WR,NYG,TEN,3000.000,IR,0.580,0.000,2.180,0.147,2026-09-27T13:59:50+00:00
153769,Main,2026-09-27T17:00:00+00:00,2026,3,1169263,00-0040323,Chandler Brayboy,WR,NE,JAX,3000.000,,0.950,0.000,5.440,0.269,2026-09-27T13:59:50+00:00
153769,Main,2026-09-27T17:00:00+00:00,2026,3,1170916,00-0038740,Jalen Moreno-Cropper,WR,NO,LV,3000.000,,0.100,0.000,0.850,0.218,2026-09-27T13:59:50+00:00
153769,Main,2026-09-27T17:00:00+00:00,2026,3,1170921,00-0040049,Josh Kelly,WR,HOU,IND,3000.000,,1.010,0.000,5.700,0.269,2026-09-27T13:59:50+00:00
153769,Main,2026-09-27T17:00:00+00:00,2026,3,1172024,00-0037742,Treylon Burks,WR,WAS,SEA,3000.000,,2.240,0.000,7.840,0.821,2026-09-27T13:59:50+00:00
153769,Main,2026-09-27T17:00:00+00:00,2026,3,1172053,00-0037247,George Pickens,WR,DAL,BAL,6600.000,,11.640,1.900,23.260,0.965,2026-09-27T13:59:50+00:00
153769,Main,2026-09-27T17:00:00+00:00,2026,3,1172080,00-0039386,Bub Means,WR,CLE,CAR,3000.000,,1.260,0.000,6.610,0.223,2026-09-27T13:59:50+00:00
153769,Main,2026-09-27T17:00:00+00:00,2026,3,1173255,00-0039880,Malik Washington,WR,MIA,KC,4200.000,,7.480,0.500,16.430,0.949,2026-09-27T13:59:50+00:00
153769,Main,2026-09-27T17:00:00+00:00,2026,3,1173538,00-0039067,Rashee Rice,WR,KC,MIA,6400.000,,15.130,3.000,29.030,0.970,2026-09-27T13:59:50+00:00
153769,Main,2026-09-27T17:00:00+00:00,2026,3,1175184,00-0037240,Jameson Williams,WR,DET,NYJ,5400.000,,12.410,2.170,24.490,0.968,2026-09-27T13:59:50+00:00
153769,Main,2026-09-27T17:00:00+00:00,2026,3,1175693,00-0038621,DeMario Douglas,WR,NE,JAX,3700.000,,4.060,0.000,11.110,0.861,2026-09-27T13:59:50+00:00
153769,Main,2026-09-27T17:00:00+00:00,2026,3,1176431,00-0039394,Casey Washington,WR,CAR,CLE,3000.000,,0.730,0.000,4.240,0.245,2026-09-27T13:59:50+00:00
153769,Main,2026-09-27T17:00:00+00:00,2026,3,1176432,00-0039451,Isaiah Williams,WR,NYJ,DET,3300.000,,4.840,0.000,12.590,0.858,2026-09-27T13:59:50+00:00
153769,Main,2026-09-27T17:00:00+00:00,2026,3,1176733,00-0038728,Jared Wayne,WR,HOU,IND,3100.000,,3.310,0.000,10.100,0.790,2026-09-27T13:59:50+00:00
153769,Main,2026-09-27T17:00:00+00:00,2026,3,1176782,00-0039062,Jonathan Mingo,WR,DAL,BAL,3000.000,,1.000,0.000,5.620,0.610,2026-09-27T13:59:50+00:00
153769,Main,2026-09-27T17:00:00+00:00,2026,3,1177053,00-0039064,Zay Flowers,WR,BAL,DAL,6900.000,Q,11.800,0.000,28.420,0.742,2026-09-27T13:59:50+00:00
153769,Main,2026-09-27T17:00:00+00:00,2026,3,1180321,00-0039342,Xavier Legette,WR,CAR,CLE,3500.000,Q,2.540,0.000,8.930,0.705,2026-09-27T13:59:50+00:00
153769,Main,2026-09-27T17:00:00+00:00,2026,3,1180329,00-0040431,Dalen Cambre,WR,NYG,TEN,3000.000,,0.140,0.000,2.510,0.347,2026-09-27T13:59:50+00:00
153769,Main,2026-09-27T17:00:00+00:00,2026,3,1180557,00-0040633,Kyrese Rowan,WR,NO,LV,3000.000,,0.980,0.000,5.570,0.269,2026-09-27T13:59:50+00:00
153769,Main,2026-09-27T17:00:00+00:00,2026,3,1181861,00-0039365,Jacob Cowing,WR,SF,ARI,3300.000,,1.070,0.000,5.570,0.810,2026-09-27T13:59:50+00:00
153769,Main,2026-09-27T17:00:00+00:00,2026,3,1182695,00-0039623,Mason Tipton,WR,NO,LV,3000.000,OUT,0.030,0.000,0.000,0.010,2026-09-27T13:59:50+00:00
153769,Main,2026-09-27T17:00:00+00:00,2026,3,1183008,00-0040570,Jeremiah Webb,WR,NE,JAX,3000.000,IR,0.270,0.000,0.000,0.076,2026-09-27T13:59:50+00:00
153769,Main,2026-09-27T17:00:00+00:00,2026,3,1213362,00-0038608,Kayshon Boutte,WR,HOU,IND,4500.000,,5.790,0.000,13.970,0.899,2026-09-27T13:59:50+00:00
153769,Main,2026-09-27T17:00:00+00:00,2026,3,1213388,00-0041272,Ja'Mori Maclin,WR,BUF,LAC,3000.000,,0.950,0.000,5.410,0.269,2026-09-27T13:59:50+00:00
153769,Main,2026-09-27T17:00:00+00:00,2026,3,1213442,00-0040120,Jimmy Holiday,WR,KC,MIA,3000.000,IR,0.040,0.000,0.000,0.013,2026-09-27T13:59:50+00:00
153769,Main,2026-09-27T17:00:00+00:00,2026,3,1213636,00-0038618,Xavier Hutchinson,WR,HOU,IND,4000.000,,6.550,0.000,15.160,0.916,2026-09-27T13:59:50+00:00
153769,Main,2026-09-27T17:00:00+00:00,2026,3,1213726,00-0039855,Jalen McMillan,WR,TB,MIN,4100.000,,4.950,0.000,16.360,0.556,2026-09-27T13:59:50+00:00
153769,Main,2026-09-27T17:00:00+00:00,2026,3,1213865,00-0038544,Quentin Johnston,WR,LAC,BUF,4900.000,,7.990,0.690,17.250,0.953,2026-09-27T13:59:50+00:00
153769,Main,2026-09-27T17:00:00+00:00,2026,3,1213897,00-0040419,Garrett Greene,WR,TB,MIN,3000.000,,0.950,0.000,5.440,0.269,2026-09-27T13:59:50+00:00
153769,Main,2026-09-27T17:00:00+00:00,2026,3,1213929,00-0041011,E.J. Williams Jr.,WR,CAR,CLE,3000.000,,0.950,0.000,5.440,0.269,2026-09-27T13:59:50+00:00
153769,Main,2026-09-27T17:00:00+00:00,2026,3,1214087,00-0038543,Jaxon Smith-Njigba,WR,SEA,WAS,8600.000,,20.560,4.810,37.880,0.978,2026-09-27T13:59:50+00:00
153769,Main,2026-09-27T17:00:00+00:00,2026,3,1214183,00-0040522,Xavier Restrepo,WR,TEN,NYG,3000.000,,0.920,0.000,5.190,0.255,2026-09-27T13:59:50+00:00
153769,Main,2026-09-27T17:00:00+00:00,2026,3,1214250,00-0038994,Jordan Addison,WR,MIN,TB,4900.000,,5.930,0.300,13.630,0.966,2026-09-27T13:59:50+00:00
153769,Main,2026-09-27T17:00:00+00:00,2026,3,1214405,00-0040184,KeAndre Lambert-Smith,WR,LAC,BUF,3000.000,IR,0.450,0.000,1.960,0.169,2026-09-27T13:59:50+00:00
153769,Main,2026-09-27T17:00:00+00:00,2026,3,1214633,00-0040727,Tre' Harris,WR,LAC,BUF,3900.000,,4.260,0.000,11.230,0.900,2026-09-27T13:59:50+00:00
153769,Main,2026-09-27T17:00:00+00:00,2026,3,1214689,00-0040164,Jaylin Lane,WR,WAS,SEA,3000.000,,2.000,0.000,7.350,0.828,2026-09-27T13:59:50+00:00
153769,Main,2026-09-27T17:00:00+00:00,2026,3,1214733,00-0041005,Corey Rucker,WR,LV,NO,3000.000,IR,0.050,0.000,0.000,0.013,2026-09-27T13:59:50+00:00
153769,Main,2026-09-27T17:00:00+00:00,2026,3,1214837,00-0040237,Tez Johnson,WR,TB,MIN,3000.000,,3.230,0.000,9.730,0.827,2026-09-27T13:59:50+00:00
153769,Main,2026-09-27T17:00:00+00:00,2026,3,1215077,00-0038997,Josh Downs,WR,IND,HOU,5700.000,,9.400,1.270,19.470,0.966,2026-09-27T13:59:50+00:00
153769,Main,2026-09-27T17:00:00+00:00,2026,3,1215078,00-0040361,Stephen Gosnell,WR,BUF,LAC,3000.000,,0.950,0.000,5.410,0.269,2026-09-27T13:59:50+00:00
153769,Main,2026-09-27T17:00:00+00:00,2026,3,1215102,00-0040705,Chimere Dike,WR,TEN,NYG,3000.000,,4.380,0.000,12.070,0.814,2026-09-27T13:59:50+00:00
153769,Main,2026-09-27T17:00:00+00:00,2026,3,1215291,00-0039920,Malachi Corley,WR,CLE,CAR,3000.000,,1.870,0.000,7.160,0.807,2026-09-27T13:59:50+00:00
153769,Main,2026-09-27T17:00:00+00:00,2026,3,1215305,DK-1215305,Mitch Tinsley,WR,HOU,IND,3000.000,,1.010,0.000,5.700,0.269,2026-09-27T13:59:50+00:00
153769,Main,2026-09-27T17:00:00+00:00,2026,3,1215329,00-0040753,Will Sheppard,WR,MIA,KC,3000.000,,0.960,0.000,5.470,0.269,2026-09-27T13:59:50+00:00
153769,Main,2026-09-27T17:00:00+00:00,2026,3,1215379,00-0040099,Xavier Guillory,WR,BAL,DAL,3000.000,,0.950,0.000,5.410,0.269,2026-09-27T13:59:50+00:00
153769,Main,2026-09-27T17:00:00+00:00,2026,3,1216288,00-0040563,Efton Chism III,WR,NE,JAX,3000.000,,2.030,0.000,7.450,0.814,2026-09-27T13:59:50+00:00
153769,Main,2026-09-27T17:00:00+00:00,2026,3,1218643,00-0039915,Ladd McConkey,WR,LAC,BUF,5900.000,,10.060,1.460,20.590,0.966,2026-09-27T13:59:50+00:00
153769,Main,2026-09-27T17:00:00+00:00,2026,3,1218653,00-0040582,Arian Smith,WR,NYJ,DET,3000.000,IR,0.300,0.000,2.340,0.252,2026-09-27T13:59:50+00:00
153769,Main,2026-09-27T17:00:00+00:00,2026,3,1218753,00-0039491,Jalen Coker,WR,CAR,CLE,5500.000,Q,9.640,0.000,23.370,0.764,2026-09-27T13:59:50+00:00
153769,Main,2026-09-27T17:00:00+00:00,2026,3,1222614,00-0040900,Anthony Smith,WR,DAL,BAL,3000.000,,0.950,0.000,5.410,0.269,2026-09-27T13:59:50+00:00
153769,Main,2026-09-27T17:00:00+00:00,2026,3,1222835,00-0040172,Jordan Watkins,WR,SF,ARI,3100.000,,0.660,0.000,3.850,0.238,2026-09-27T13:59:50+00:00
153769,Main,2026-09-27T17:00:00+00:00,2026,3,1223301,00-0038640,Jalen Brooks,WR,ARI,SF,3000.000,,1.720,0.000,6.810,0.826,2026-09-27T13:59:50+00:00
153769,Main,2026-09-27T17:00:00+00:00,2026,3,1223393,00-0040648,Tory Horton,WR,SEA,WAS,3000.000,,1.750,0.000,9.020,0.239,2026-09-27T13:59:50+00:00
153769,Main,2026-09-27T17:00:00+00:00,2026,3,1226657,00-0041475,Trayvon Rudolph,WR,MIN,TB,3000.000,,0.950,0.000,5.440,0.269,2026-09-27T13:59:50+00:00
153769,Main,2026-09-27T17:00:00+00:00,2026,3,1227157,00-0040131,Kyle Williams,WR,NE,JAX,3400.000,,2.120,0.000,7.590,0.828,2026-09-27T13:59:50+00:00
153769,Main,2026-09-27T17:00:00+00:00,2026,3,1228631,00-0041216,Trebor Pena,WR,JAX,NE,3000.000,,0.950,0.000,5.410,0.269,2026-09-27T13:59:50+00:00
153769,Main,2026-09-27T17:00:00+00:00,2026,3,1228728,00-0040506,Myles Price,WR,MIN,TB,3000.000,,0.260,0.000,4.000,0.825,2026-09-27T13:59:50+00:00
153769,Main,2026-09-27T17:00:00+00:00,2026,3,1229074,00-0038606,Parker Washington,WR,JAX,NE,6000.000,,14.980,2.850,28.870,0.966,2026-09-27T13:59:50+00:00
153769,Main,2026-09-27T17:00:00+00:00,2026,3,1229669,00-0039739,Roman Wilson,WR,PIT,CIN,3400.000,,3.650,0.000,10.480,0.839,2026-09-27T13:59:50+00:00
153769,Main,2026-09-27T17:00:00+00:00,2026,3,1229846,00-0040653,Ricky White III,WR,SEA,WAS,3000.000,,0.950,0.000,5.410,0.269,2026-09-27T13:59:50+00:00
153769,Main,2026-09-27T17:00:00+00:00,2026,3,1229869,00-0040621,Montorie Foster Jr.,WR,SEA,WAS,3000.000,,0.220,0.000,3.490,0.531,2026-09-27T13:59:50+00:00
153769,Main,2026-09-27T17:00:00+00:00,2026,3,1231033,00-0040075,LaJohntay Wester,WR,BAL,DAL,3000.000,,1.020,0.000,5.480,0.797,2026-09-27T13:59:50+00:00
153769,Main,2026-09-27T17:00:00+00:00,2026,3,1232057,00-0040534,Ke'Shawn Williams,WR,CIN,PIT,3000.000,,0.370,0.000,3.670,0.429,2026-09-27T13:59:50+00:00
153769,Main,2026-09-27T17:00:00+00:00,2026,3,1232892,00-0038938,Jalin Hyatt,WR,NYG,TEN,3000.000,,0.520,0.000,3.670,0.288,2026-09-27T13:59:50+00:00
153769,Main,2026-09-27T17:00:00+00:00,2026,3,1272873,00-0040970,Michael Briscoe,WR,MIN,TB,3000.000,,0.950,0.000,5.440,0.269,2026-09-27T13:59:50+00:00
153769,Main,2026-09-27T17:00:00+00:00,2026,3,1274492,00-0040130,Jayden Higgins,WR,HOU,IND,3000.000,IR,0.110,0.000,0.000,0.012,2026-09-27T13:59:50+00:00
153769,Main,2026-09-27T17:00:00+00:00,2026,3,1277914,00-0039792,Devontez Walker,WR,BAL,DAL,3500.000,,3.380,0.000,10.020,0.827,2026-09-27T13:59:50+00:00
153769,Main,2026-09-27T17:00:00+00:00,2026,3,1285908,00-0039890,Adonai Mitchell,WR,NYJ,DET,4300.000,Q,5.370,0.000,14.730,0.746,2026-09-27T13:59:50+00:00
153769,Main,2026-09-27T17:00:00+00:00,2026,3,1286046,00-0040729,Jack Bech,WR,LV,NO,3500.000,,3.760,0.000,10.630,0.846,2026-09-27T13:59:50+00:00
153769,Main,2026-09-27T17:00:00+00:00,2026,3,1286059,00-0039337,Malik Nabers,WR,NYG,TEN,6500.000,,12.850,2.360,25.170,0.971,2026-09-27T13:59:50+00:00
153769,Main,2026-09-27T17:00:00+00:00,2026,3,1286064,00-0039893,Brian Thomas Jr.,WR,JAX,NE,4600.000,,7.700,0.190,17.070,0.926,2026-09-27T13:59:50+00:00
153769,Main,2026-09-27T17:00:00+00:00,2026,3,1286164,00-0040581,Dont'e Thornton Jr.,WR,LV,NO,3000.000,IR,0.190,0.000,0.000,0.087,2026-09-27T13:59:50+00:00
153769,Main,2026-09-27T17:00:00+00:00,2026,3,1286370,00-0040138,Jaylin Noel,WR,HOU,IND,3600.000,,4.060,0.000,11.340,0.826,2026-09-27T13:59:50+00:00
153769,Main,2026-09-27T17:00:00+00:00,2026,3,1286480,00-0040241,Dominic Lovett,WR,DET,NYJ,3000.000,,0.110,0.000,1.440,0.250,2026-09-27T13:59:50+00:00
153769,Main,2026-09-27T17:00:00+00:00,2026,3,1286652,00-0041467,Lewis Bond,WR,HOU,IND,3000.000,,0.830,0.000,4.490,0.223,2026-09-27T13:59:50+00:00
153769,Main,2026-09-27T17:00:00+00:00,2026,3,1286662,00-0040375,Jordan Moore,WR,CIN,PIT,3000.000,,0.970,0.000,5.510,0.269,2026-09-27T13:59:50+00:00
153769,Main,2026-09-27T17:00:00+00:00,2026,3,1286818,00-0041035,De'Zhaun Stribling,WR,SF,ARI,3000.000,IR,0.270,0.000,0.000,0.076,2026-09-27T13:59:50+00:00
153769,Main,2026-09-27T17:00:00+00:00,2026,3,1286854,00-0041267,Malik McClain,WR,NYJ,DET,3000.000,,0.970,0.000,5.480,0.264,2026-09-27T13:59:50+00:00
153769,Main,2026-09-27T17:00:00+00:00,2026,3,1287587,00-0040154,Tai Felton,WR,MIN,TB,3000.000,,0.410,0.000,3.810,0.423,2026-09-27T13:59:50+00:00
153769,Main,2026-09-27T17:00:00+00:00,2026,3,1287798,00-0041132,Deion Burks,WR,IND,HOU,3300.000,,1.630,0.000,6.940,0.696,2026-09-27T13:59:50+00:00
153769,Main,2026-09-27T17:00:00+00:00,2026,3,1287810,00-0041368,Harrison Wallace III,WR,ARI,SF,3000.000,,0.950,0.000,5.440,0.269,2026-09-27T13:59:50+00:00
153769,Main,2026-09-27T17:00:00+00:00,2026,3,1287825,00-0040129,Emeka Egbuka,WR,TB,MIN,6200.000,,8.680,1.150,18.190,0.971,2026-09-27T13:59:50+00:00
153769,Main,2026-09-27T17:00:00+00:00,2026,3,1287828,00-0039849,Marvin Harrison Jr.,WR,ARI,SF,4700.000,,6.100,0.100,14.090,0.946,2026-09-27T13:59:50+00:00
153769,Main,2026-09-27T17:00:00+00:00,2026,3,1288045,00-0041361,Will Pauling,WR,SF,ARI,3000.000,,0.960,0.000,5.470,0.269,2026-09-27T13:59:50+00:00
153769,Main,2026-09-27T17:00:00+00:00,2026,3,1290418,00-0041435,Dean Patterson IV,WR,TB,MIN,3000.000,,0.950,0.000,5.440,0.269,2026-09-27T13:59:50+00:00
153769,Main,2026-09-27T17:00:00+00:00,2026,3,1319589,00-0041042,Malachi Fields,WR,NYG,TEN,4400.000,,4.520,0.000,11.380,0.947,2026-09-27T13:59:50+00:00
153769,Main,2026-09-27T17:00:00+00:00,2026,3,1321260,00-0041176,Jaden Bradley,WR,WAS,SEA,3000.000,,0.900,0.000,5.190,0.269,2026-09-27T13:59:50+00:00
153769,Main,2026-09-27T17:00:00+00:00,2026,3,1322238,00-0041309,Daniel Sobkowicz,WR,HOU,IND,3000.000,,1.010,0.000,5.700,0.269,2026-09-27T13:59:50+00:00
153769,Main,2026-09-27T17:00:00+00:00,2026,3,1322393,00-0040218,Jimmy Horn Jr.,WR,CLE,CAR,3000.000,,1.160,0.000,6.000,0.617,2026-09-27T13:59:50+00:00
153769,Main,2026-09-27T17:00:00+00:00,2026,3,1322431,00-0039901,Keon Coleman,WR,BUF,LAC,4300.000,Q,4.100,0.000,12.330,0.713,2026-09-27T13:59:50+00:00
153769,Main,2026-09-27T17:00:00+00:00,2026,3,1322612,00-0040265,Ja'seem Reed,WR,CAR,CLE,3000.000,,0.950,0.000,5.440,0.269,2026-09-27T13:59:50+00:00
153769,Main,2026-09-27T17:00:00+00:00,2026,3,1323007,00-0040259,Gage Larvadain,WR,BAL,DAL,3000.000,,0.530,0.000,4.170,0.405,2026-09-27T13:59:50+00:00
153769,Main,2026-09-27T17:00:00+00:00,2026,3,1325016,00-0041067,Bryce Lance,WR,NO,LV,3000.000,,4.010,0.000,10.670,0.918,2026-09-27T13:59:50+00:00
153769,Main,2026-09-27T17:00:00+00:00,2026,3,1325234,00-0041443,Skyler Bell,WR,BUF,LAC,3000.000,,0.930,0.000,5.350,0.269,2026-09-27T13:59:50+00:00
153769,Main,2026-09-27T17:00:00+00:00,2026,3,1325475,00-0041100,Josh Cameron,WR,JAX,NE,3000.000,,2.990,0.000,9.620,0.759,2026-09-27T13:59:50+00:00
153769,Main,2026-09-27T17:00:00+00:00,2026,3,1326638,00-0039894,Xavier Worthy,WR,KC,MIA,4400.000,,7.230,0.670,15.810,0.966,2026-09-27T13:59:50+00:00
153769,Main,2026-09-27T17:00:00+00:00,2026,3,1339352,00-0040953,Jeff Caldwell,WR,KC,MIA,3000.000,IR,0.260,0.000,0.000,0.076,2026-09-27T13:59:50+00:00
153769,Main,2026-09-27T17:00:00+00:00,2026,3,1378290,00-0041040,Antonio Williams,WR,WAS,SEA,4100.000,,6.870,0.000,17.300,0.788,2026-09-27T13:59:50+00:00
153769,Main,2026-09-27T17:00:00+00:00,2026,3,1378910,00-0041446,Kendrick Law,WR,DET,NYJ,3000.000,IR,0.800,0.000,4.350,0.223,2026-09-27T13:59:50+00:00
153769,Main,2026-09-27T17:00:00+00:00,2026,3,1379261,00-0040954,Omari Evans,WR,KC,MIA,3000.000,,0.950,0.000,5.410,0.269,2026-09-27T13:59:50+00:00
153769,Main,2026-09-27T17:00:00+00:00,2026,3,1379331,00-0040934,Jordan Hudson,WR,DAL,BAL,3000.000,,0.950,0.000,5.410,0.269,2026-09-27T13:59:50+00:00
153769,Main,2026-09-27T17:00:00+00:00,2026,3,1379904,00-0041037,Denzel Boston,WR,CLE,CAR,4500.000,,14.040,2.860,27.040,0.978,2026-09-27T13:59:50+00:00
153769,Main,2026-09-27T17:00:00+00:00,2026,3,1380576,00-0040124,Tetairoa McMillan,WR,CAR,CLE,6000.000,,12.750,2.500,24.860,0.979,2026-09-27T13:59:50+00:00
153769,Main,2026-09-27T17:00:00+00:00,2026,3,1380613,00-0041489,Germie Bernard,WR,PIT,CIN,3900.000,,5.440,0.000,14.470,0.782,2026-09-27T13:59:50+00:00
153769,Main,2026-09-27T17:00:00+00:00,2026,3,1381092,00-0041106,CJ Williams,WR,JAX,NE,3000.000,,0.770,0.000,4.230,0.223,2026-09-27T13:59:50+00:00
153769,Main,2026-09-27T17:00:00+00:00,2026,3,1382670,00-0040890,Cyrus Allen,WR,KC,MIA,3600.000,,0.190,0.000,3.240,0.468,2026-09-27T13:59:50+00:00
153769,Main,2026-09-27T17:00:00+00:00,2026,3,1382993,00-0040405,Jamaal Pritchett,WR,NYJ,DET,3000.000,,0.990,0.000,5.580,0.269,2026-09-27T13:59:50+00:00
153769,Main,2026-09-27T17:00:00+00:00,2026,3,1383993,00-0041397,Kaden Wetjen,WR,PIT,CIN,3000.000,,0.380,0.000,4.150,0.726,2026-09-27T13:59:50+00:00
153769,Main,2026-09-27T17:00:00+00:00,2026,3,1384869,00-0037093,Dareke Young,WR,LV,NO,3000.000,,0.980,0.000,5.390,0.825,2026-09-27T13:59:50+00:00
153769,Main,2026-09-27T17:00:00+00:00,2026,3,1389217,00-0040930,Camden Brown,WR,DAL,BAL,3000.000,,0.770,0.000,4.230,0.223,2026-09-27T13:59:50+00:00
153769,Main,2026-09-27T17:00:00+00:00,2026,3,1389700,00-0041525,Chris Bell,WR,MIA,KC,3400.000,,2.140,0.000,7.750,0.788,2026-09-27T13:59:50+00:00
153769,Main,2026-09-27T17:00:00+00:00,2026,3,1390913,00-0041359,Wesley Grimes,WR,SF,ARI,3000.000,,0.960,0.000,5.470,0.269,2026-09-27T13:59:50+00:00
153769,Main,2026-09-27T17:00:00+00:00,2026,3,1390939,00-0041070,Reggie Virgil,WR,ARI,SF,3000.000,,0.270,0.000,0.000,0.076,2026-09-27T13:59:50+00:00
153769,Main,2026-09-27T17:00:00+00:00,2026,3,1392584,00-0040876,Elijah Sarratt,WR,BAL,DAL,3400.000,,0.930,0.000,5.350,0.269,2026-09-27T13:59:50+00:00
153769,Main,2026-09-27T17:00:00+00:00,2026,3,1393832,00-0039410,Ryan Flournoy,WR,DAL,BAL,3800.000,,6.280,0.000,15.010,0.883,2026-09-27T13:59:50+00:00
153769,Main,2026-09-27T17:00:00+00:00,2026,3,1394692,00-0041029,Jordyn Tyson,WR,NO,LV,3000.000,IR,0.270,0.000,0.000,0.076,2026-09-27T13:59:50+00:00
153769,Main,2026-09-27T17:00:00+00:00,2026,3,1394798,00-0041523,Caleb Douglas,WR,MIA,KC,3900.000,OUT,0.010,0.000,0.000,0.001,2026-09-27T13:59:50+00:00
153769,Main,2026-09-27T17:00:00+00:00,2026,3,1394825,00-0041511,Omar Cooper Jr.,WR,NYJ,DET,3000.000,IR,0.220,0.000,0.000,0.052,2026-09-27T13:59:50+00:00
153769,Main,2026-09-27T17:00:00+00:00,2026,3,1395319,00-0040170,Elic Ayomanor,WR,TEN,NYG,3300.000,,5.560,0.000,14.590,0.793,2026-09-27T13:59:50+00:00
153769,Main,2026-09-27T17:00:00+00:00,2026,3,1395843,00-0041099,Barion Brown,WR,NO,LV,3000.000,OUT,0.000,0.000,0.000,0.001,2026-09-27T13:59:50+00:00
153769,Main,2026-09-27T17:00:00+00:00,2026,3,1396942,00-0041342,Dillon Bell,WR,MIN,TB,3000.000,,0.950,0.000,5.440,0.269,2026-09-27T13:59:50+00:00
153769,Main,2026-09-27T17:00:00+00:00,2026,3,1398503,00-0040782,Isaiah Bond,WR,CLE,CAR,3000.000,,2.890,0.000,9.070,0.830,2026-09-27T13:59:50+00:00
153769,Main,2026-09-27T17:00:00+00:00,2026,3,1398511,00-0040895,Emmanuel Henderson Jr.,WR,SEA,WAS,3000.000,,0.950,0.000,5.410,0.269,2026-09-27T13:59:50+00:00
153769,Main,2026-09-27T17:00:00+00:00,2026,3,1399132,00-0041550,Brenen Thompson,WR,LAC,BUF,3000.000,OUT,0.000,0.000,0.000,0.001,2026-09-27T13:59:50+00:00
153769,Main,2026-09-27T17:00:00+00:00,2026,3,1399272,00-0041529,Kevin Coleman Jr.,WR,MIA,KC,3000.000,,0.570,0.000,4.440,0.501,2026-09-27T13:59:50+00:00
153769,Main,2026-09-27T17:00:00+00:00,2026,3,1399275,00-0040718,Travis Hunter,WR,JAX,NE,3100.000,,0.930,0.000,5.350,0.269,2026-09-27T13:59:50+00:00
153769,Main,2026-09-27T17:00:00+00:00,2026,3,1400788,00-0041047,Chris Brazzell II,WR,CAR,CLE,3000.000,IR,0.270,0.000,0.000,0.076,2026-09-27T13:59:50+00:00
153769,Main,2026-09-27T17:00:00+00:00,2026,3,1402692,00-0041248,Noah Thomas,WR,CIN,PIT,3000.000,,0.970,0.000,5.510,0.269,2026-09-27T13:59:50+00:00
153769,Main,2026-09-27T17:00:00+00:00,2026,3,1403491,00-0040646,Jalen Royals,WR,KC,MIA,3000.000,,2.770,0.000,9.060,0.781,2026-09-27T13:59:50+00:00
153769,Main,2026-09-27T17:00:00+00:00,2026,3,1405106,00-0040298,Andrew Armstrong,WR,KC,MIA,3000.000,,0.950,0.000,5.410,0.269,2026-09-27T13:59:50+00:00
153769,Main,2026-09-27T17:00:00+00:00,2026,3,1406878,00-0041069,Colbie Young,WR,CIN,PIT,3000.000,,1.400,0.000,6.490,0.660,2026-09-27T13:59:50+00:00
153769,Main,2026-09-27T17:00:00+00:00,2026,3,1407491,00-0040919,Tyren Montgomery,WR,TEN,NYG,3000.000,,0.920,0.000,5.280,0.269,2026-09-27T13:59:50+00:00
153769,Main,2026-09-27T17:00:00+00:00,2026,3,1412326,00-0039589,Kameron Johnson,WR,TB,MIN,3000.000,,0.610,0.000,4.670,0.829,2026-09-27T13:59:50+00:00
153769,Main,2026-09-27T17:00:00+00:00,2026,3,1441191,00-0040894,Malik Benson,WR,LV,NO,3000.000,,0.610,0.000,4.660,0.710,2026-09-27T13:59:50+00:00
153769,Main,2026-09-27T17:00:00+00:00,2026,3,1441362,00-0040669,Isaac TeSlaa,WR,DET,NYJ,3400.000,,4.290,0.000,11.380,0.883,2026-09-27T13:59:50+00:00
153769,Main,2026-09-27T17:00:00+00:00,2026,3,1441576,00-0041547,KC Concepcion Jr.,WR,CLE,CAR,4300.000,,7.340,0.250,16.330,0.935,2026-09-27T13:59:50+00:00
153769,Main,2026-09-27T17:00:00+00:00,2026,3,1441839,00-0041438,Carnell Tate,WR,TEN,NYG,5000.000,,6.900,0.700,15.170,0.976,2026-09-27T13:59:50+00:00
153769,Main,2026-09-27T17:00:00+00:00,2026,3,1446502,00-0041257,Eric Rivers Jr.,WR,TB,MIN,3000.000,,0.950,0.000,5.440,0.269,2026-09-27T13:59:50+00:00
153769,Main,2026-09-27T17:00:00+00:00,2026,3,1452585,00-0041220,Michael Wortham,WR,JAX,NE,3000.000,,0.950,0.000,5.410,0.269,2026-09-27T13:59:50+00:00
153769,Main,2026-09-27T17:00:00+00:00,2026,3,1458888,00-0040870,Ja'Kobi Lane,WR,BAL,DAL,3000.000,IR,0.640,0.000,3.990,0.261,2026-09-27T13:59:50+00:00
153769,Main,2026-09-27T17:00:00+00:00,2026,3,1510975,00-0039626,Cole Burgess,WR,PIT,CIN,3000.000,IR,0.270,0.000,0.000,0.076,2026-09-27T13:59:50+00:00
153769,Main,2026-09-27T17:00:00+00:00,2026,3,1521285,00-0041048,Ted Hurst III,WR,TB,MIN,3000.000,,4.000,0.000,11.530,0.783,2026-09-27T13:59:50+00:00
153769,Main,2026-09-27T17:00:00+00:00,2026,3,1585808,00-0041319,Cameron Dorner,WR,NE,JAX,3000.000,,0.950,0.000,5.440,0.269,2026-09-27T13:59:50+00:00
153769,Main,2026-09-27T17:00:00+00:00,2026,3,1637701,00-0041318,Kyle Dixon,WR,NE,JAX,3000.000,,0.950,0.000,5.440,0.269,2026-09-27T13:59:50+00:00
