draft_group_id,sport,label,game_count,starts_at,captured_at,game_type
153839,cfb,LIB @ C-C,1,2026-09-24T23:30:00+00:00,2026-09-24T22:45:30+00:00,Showdown
153768,nfl,Thu-Mon,16,2026-09-25T00:15:00+00:00,2026-09-24T22:45:30+00:00,Classic
153775,nfl,ATL @ GB,1,2026-09-25T00:15:00+00:00,2026-09-24T22:45:30+00:00,Showdown
153841,cfb,ARMY @ TEMP,1,2026-09-25T20:00:00+00:00,2026-09-25T13:15:54+00:00,Showdown
153843,cfb,Main,3,2026-09-25T23:00:00+00:00,2026-09-25T21:13:08+00:00,Classic
153947,cfb,NAVY @ UAB,1,2026-09-25T23:00:00+00:00,2026-09-25T21:13:08+00:00,Showdown
153948,cfb,Night,2,2026-09-26T00:00:00+00:00,2026-09-25T21:13:08+00:00,Classic
153846,cfb,CLEM @ CAL,1,2026-09-26T02:30:00+00:00,2026-09-25T21:13:08+00:00,Showdown
153831,cfb,Main,12,2026-09-26T16:00:00+00:00,2026-09-26T15:07:52+00:00,Classic
153949,cfb,TEX @ TENN,1,2026-09-26T16:00:00+00:00,2026-09-26T15:07:52+00:00,Showdown
153950,cfb,MISS @ UF,1,2026-09-26T19:30:00+00:00,2026-09-26T15:07:52+00:00,Showdown
153967,cfb,Afternoon,6,2026-09-26T19:30:00+00:00,2026-09-26T15:07:52+00:00,Classic
153951,cfb,Night,7,2026-09-26T23:00:00+00:00,2026-09-26T15:07:52+00:00,Classic
153952,cfb,TA&M @ LSU,1,2026-09-26T23:30:00+00:00,2026-09-26T15:07:52+00:00,Showdown
153953,cfb,ORE @ USC,1,2026-09-26T23:30:00+00:00,2026-09-26T15:07:52+00:00,Showdown
153954,cfb,Late Night,3,2026-09-27T02:30:00+00:00,2026-09-26T15:07:52+00:00,Classic
153955,cfb,MINN @ UW,1,2026-09-27T03:00:00+00:00,2026-09-26T15:07:52+00:00,Showdown
153769,nfl,Main,13,2026-09-27T17:00:00+00:00,2026-09-27T13:55:53+00:00,Classic
153770,nfl,Early Only,9,2026-09-27T17:00:00+00:00,2026-09-27T13:55:53+00:00,Classic
153771,nfl,Sun-Mon,15,2026-09-27T17:00:00+00:00,2026-09-27T13:55:53+00:00,Classic
153776,nfl,NE @ JAX,1,2026-09-27T17:00:00+00:00,2026-09-27T13:55:53+00:00,Showdown
153777,nfl,LAC @ BUF,1,2026-09-27T17:00:00+00:00,2026-09-27T13:55:53+00:00,Showdown
153778,nfl,CIN @ PIT,1,2026-09-27T17:00:00+00:00,2026-09-27T13:55:53+00:00,Showdown
153779,nfl,HOU @ IND,1,2026-09-27T17:00:00+00:00,2026-09-27T13:55:53+00:00,Showdown
153780,nfl,KC @ MIA,1,2026-09-27T17:00:00+00:00,2026-09-27T13:55:53+00:00,Showdown
153781,nfl,SEA @ WAS,1,2026-09-27T17:00:00+00:00,2026-09-27T13:55:53+00:00,Showdown
153782,nfl,TEN @ NYG,1,2026-09-27T17:00:00+00:00,2026-09-27T13:55:53+00:00,Showdown
153783,nfl,NYJ @ DET,1,2026-09-27T17:00:00+00:00,2026-09-27T13:55:53+00:00,Showdown
153784,nfl,CAR @ CLE,1,2026-09-27T17:00:00+00:00,2026-09-27T13:55:53+00:00,Showdown
153803,nfl,Tiers,13,2026-09-27T17:00:00+00:00,2026-09-27T13:55:53+00:00,Tiers
153772,nfl,Afternoon Only,4,2026-09-27T20:05:00+00:00,2026-09-27T13:55:53+00:00,Classic
153785,nfl,ARI @ SF,1,2026-09-27T20:05:00+00:00,2026-09-27T13:55:53+00:00,Showdown
153786,nfl,MIN @ TB,1,2026-09-27T20:05:00+00:00,2026-09-27T13:55:53+00:00,Showdown
153804,nfl,Tiers,4,2026-09-27T20:05:00+00:00,2026-09-27T13:55:53+00:00,Tiers
153773,nfl,Afternoon Turbo,2,2026-09-27T20:25:00+00:00,2026-09-27T13:55:53+00:00,Classic
153787,nfl,LV @ NO,1,2026-09-27T20:25:00+00:00,2026-09-27T13:55:53+00:00,Showdown
153788,nfl,BAL vs DAL,1,2026-09-27T20:25:00+00:00,2026-09-27T13:55:53+00:00,Showdown
153774,nfl,Primetime,2,2026-09-28T00:20:00+00:00,2026-09-27T13:55:53+00:00,Classic
153789,nfl,LAR @ DEN,1,2026-09-28T00:20:00+00:00,2026-09-27T13:55:53+00:00,Showdown
153790,nfl,PHI @ CHI,1,2026-09-29T00:15:00+00:00,2026-09-28T16:45:34+00:00,Showdown
153809,nfl,Mon-Thu,2,2026-09-29T00:15:00+00:00,2026-09-28T16:45:34+00:00,Classic
154206,cfb,Main,2,2026-10-02T00:00:00+00:00,2026-10-01T15:29:43+00:00,Classic
154077,nfl,Thu-Mon,16,2026-10-02T00:15:00+00:00,2026-10-01T15:29:43+00:00,Classic
154084,nfl,PIT @ CLE,1,2026-10-02T00:15:00+00:00,2026-10-01T15:29:43+00:00,Showdown
154207,cfb,UNT @ TLSA,1,2026-10-02T01:00:00+00:00,2026-10-01T15:29:43+00:00,Showdown
154272,cfb,Main,2,2026-10-02T23:00:00+00:00,2026-10-01T15:29:43+00:00,Classic
154274,cfb,PITT @ VT,1,2026-10-02T23:00:00+00:00,2026-10-01T15:29:43+00:00,Showdown
154275,cfb,PSU @ NW,1,2026-10-03T00:00:00+00:00,2026-10-01T15:29:43+00:00,Showdown
154161,cfb,Main,12,2026-10-03T16:00:00+00:00,2026-10-01T15:29:43+00:00,Classic
154366,cfb,BAMA @ MSST,1,2026-10-03T16:00:00+00:00,2026-10-01T15:29:43+00:00,Showdown
154367,cfb,Afternoon,5,2026-10-03T19:30:00+00:00,2026-10-01T15:29:43+00:00,Classic
154368,cfb,UF @ MIZZ,1,2026-10-03T19:30:00+00:00,2026-10-01T15:29:43+00:00,Showdown
154369,cfb,Night,7,2026-10-03T23:00:00+00:00,2026-10-01T15:29:43+00:00,Classic
154370,cfb,BYU @ TCU,1,2026-10-03T23:00:00+00:00,2026-10-01T15:29:43+00:00,Showdown
154371,cfb,UW @ USC,1,2026-10-03T23:30:00+00:00,2026-10-01T15:29:43+00:00,Showdown
154372,cfb,Late Night,4,2026-10-04T02:30:00+00:00,2026-10-01T15:29:43+00:00,Classic
154373,cfb,CINCY @ ARIZ,1,2026-10-04T03:00:00+00:00,2026-10-01T15:29:43+00:00,Showdown
154374,cfb,SJSU @ HAW,1,2026-10-04T04:00:00+00:00,2026-10-01T15:29:43+00:00,Showdown
154085,nfl,IND vs WAS,1,2026-10-04T13:30:00+00:00,2026-10-01T15:29:43+00:00,Showdown
154078,nfl,Main,12,2026-10-04T17:00:00+00:00,2026-10-01T15:29:43+00:00,Classic
154079,nfl,Early Only,8,2026-10-04T17:00:00+00:00,2026-10-01T15:29:43+00:00,Classic
154080,nfl,Sun-Mon,14,2026-10-04T17:00:00+00:00,2026-10-01T15:29:43+00:00,Classic
154086,nfl,DAL @ HOU,1,2026-10-04T17:00:00+00:00,2026-10-01T15:29:43+00:00,Showdown
154087,nfl,TEN @ BAL,1,2026-10-04T17:00:00+00:00,2026-10-01T15:29:43+00:00,Showdown
154088,nfl,NYJ @ CHI,1,2026-10-04T17:00:00+00:00,2026-10-01T15:29:43+00:00,Showdown
154089,nfl,JAX @ CIN,1,2026-10-04T17:00:00+00:00,2026-10-01T15:29:43+00:00,Showdown
154090,nfl,ARI @ NYG,1,2026-10-04T17:00:00+00:00,2026-10-01T15:29:43+00:00,Showdown
154091,nfl,NE @ BUF,1,2026-10-04T17:00:00+00:00,2026-10-01T15:29:43+00:00,Showdown
154092,nfl,GB @ TB,1,2026-10-04T17:00:00+00:00,2026-10-01T15:29:43+00:00,Showdown
154093,nfl,LAR @ PHI,1,2026-10-04T17:00:00+00:00,2026-10-01T15:29:43+00:00,Showdown
154112,nfl,Tiers,12,2026-10-04T17:00:00+00:00,2026-10-01T15:29:43+00:00,Tiers
154081,nfl,Afternoon Only,4,2026-10-04T20:05:00+00:00,2026-10-01T15:29:43+00:00,Classic
154094,nfl,MIA @ MIN,1,2026-10-04T20:05:00+00:00,2026-10-01T15:29:43+00:00,Showdown
154113,nfl,Tiers,4,2026-10-04T20:05:00+00:00,2026-10-01T15:29:43+00:00,Tiers
154082,nfl,Afternoon Turbo,3,2026-10-04T20:25:00+00:00,2026-10-01T15:29:43+00:00,Classic
154095,nfl,DEN @ SF,1,2026-10-04T20:25:00+00:00,2026-10-01T15:29:43+00:00,Showdown
154096,nfl,LAC @ SEA,1,2026-10-04T20:25:00+00:00,2026-10-01T15:29:43+00:00,Showdown
154097,nfl,KC @ LV,1,2026-10-04T20:25:00+00:00,2026-10-01T15:29:43+00:00,Showdown
