game_id,season,week,kickoff,home_team,away_team,home_team_id,away_team_id,status,completed,home_score,away_score,first_seen_at,updated_at,sport
401869941,2026,4.0,2026-09-24T23:30Z,Coastal Carolina Chanticleers,Liberty Flames,324,2335,STATUS_SCHEDULED,False,0.000,0.000,2026-09-24T22:45:28+00:00,2026-09-24T22:45:28+00:00,
401872948,2026,3.0,2026-09-25T00:15Z,Green Bay Packers,Atlanta Falcons,9,1,STATUS_SCHEDULED,False,0.000,0.000,2026-09-24T22:45:28+00:00,2026-09-24T22:45:28+00:00,
401862779,2026,4.0,2026-09-25T20:00Z,Temple Owls,Army Black Knights,218,349,STATUS_SCHEDULED,False,0.000,0.000,2026-09-25T18:25:20+00:00,2026-09-25T18:25:20+00:00,
401858468,2026,4.0,2026-09-25T23:00Z,Rutgers Scarlet Knights,Howard Bison,164,47,STATUS_SCHEDULED,False,0.000,0.000,2026-09-25T21:13:04+00:00,2026-09-25T21:13:04+00:00,
401862778,2026,4.0,2026-09-25T23:00Z,UAB Blazers,Navy Midshipmen,5,2426,STATUS_SCHEDULED,False,0.000,0.000,2026-09-25T21:13:04+00:00,2026-09-25T21:13:04+00:00,
401858461,2026,4.0,2026-09-26T00:00Z,Indiana Hoosiers,Northwestern Wildcats,84,77,STATUS_SCHEDULED,False,0.000,0.000,2026-09-25T23:25:33+00:00,2026-09-25T23:25:33+00:00,
401858234,2026,4.0,2026-09-26T02:30Z,California Golden Bears,Clemson Tigers,25,228,STATUS_SCHEDULED,False,0.000,0.000,2026-09-26T02:22:35+00:00,2026-09-26T02:22:35+00:00,
401856704,2026,4.0,2026-09-26T16:00Z,Tennessee Volunteers,Texas Longhorns,2633,251,STATUS_SCHEDULED,False,0.000,0.000,2026-09-26T16:07:41+00:00,2026-09-26T16:07:41+00:00,
401856805,2026,4.0,2026-09-26T16:00Z,Texas Tech Red Raiders,Sam Houston Bearkats,2641,2534,STATUS_SCHEDULED,False,0.000,0.000,2026-09-26T15:52:37+00:00,2026-09-26T15:52:37+00:00,
401856813,2026,4.0,2026-09-26T16:00Z,Baylor Bears,Colorado Buffaloes,239,38,STATUS_SCHEDULED,False,0.000,0.000,2026-09-26T15:52:37+00:00,2026-09-26T15:52:37+00:00,
401858236,2026,4.0,2026-09-26T16:00Z,Pittsburgh Panthers,Bucknell Bison,221,2083,STATUS_SCHEDULED,False,0.000,0.000,2026-09-26T15:52:37+00:00,2026-09-26T15:52:37+00:00,
401858242,2026,4.0,2026-09-26T16:00Z,Boston College Eagles,Virginia Tech Hokies,103,259,STATUS_SCHEDULED,False,0.000,0.000,2026-09-26T15:52:37+00:00,2026-09-26T15:52:37+00:00,
401858243,2026,4.0,2026-09-26T16:00Z,Louisville Cardinals,Wake Forest Demon Deacons,97,154,STATUS_SCHEDULED,False,0.000,0.000,2026-09-26T15:52:37+00:00,2026-09-26T15:52:37+00:00,
401858465,2026,4.0,2026-09-26T16:00Z,Ohio State Buckeyes,Illinois Fighting Illini,194,356,STATUS_SCHEDULED,False,0.000,0.000,2026-09-26T16:07:41+00:00,2026-09-26T16:07:41+00:00,
401860893,2026,4.0,2026-09-26T16:00Z,Toledo Rockets,San Diego State Aztecs,2649,21,STATUS_SCHEDULED,False,0.000,0.000,2026-09-26T15:52:37+00:00,2026-09-26T15:52:37+00:00,
401860896,2026,4.0,2026-09-26T16:00Z,UTSA Roadrunners,Colorado State Rams,2636,36,STATUS_SCHEDULED,False,0.000,0.000,2026-09-26T16:07:41+00:00,2026-09-26T16:07:41+00:00,
401864512,2026,4.0,2026-09-26T16:00Z,Akron Zips,UNLV Rebels,2006,2439,STATUS_SCHEDULED,False,0.000,0.000,2026-09-26T15:52:37+00:00,2026-09-26T15:52:37+00:00,
401866425,2026,4.0,2026-09-26T16:00Z,Kent State Golden Flashes,Ball State Cardinals,2309,2050,STATUS_SCHEDULED,False,0.000,0.000,2026-09-26T15:52:37+00:00,2026-09-26T15:52:37+00:00,
401864576,2026,4.0,2026-09-26T16:45Z,Kentucky Wildcats,South Alabama Jaguars,96,6,STATUS_SCHEDULED,False,0.000,0.000,2026-09-26T16:37:42+00:00,2026-09-26T16:37:42+00:00,
401866427,2026,4.0,2026-09-26T17:00Z,Eastern Michigan Eagles,Lindenwood Lions,2199,2815,STATUS_SCHEDULED,False,0.000,0.000,2026-09-26T16:52:37+00:00,2026-09-26T16:52:37+00:00,
401858462,2026,4.0,2026-09-26T17:30Z,Maryland Terrapins,UCLA Bruins,120,26,STATUS_SCHEDULED,False,0.000,0.000,2026-09-26T17:22:38+00:00,2026-09-26T17:22:38+00:00,
401858467,2026,4.0,2026-09-26T18:00Z,Purdue Boilermakers,Notre Dame Fighting Irish,2509,87,STATUS_SCHEDULED,False,0.000,0.000,2026-09-26T18:04:46+00:00,2026-09-26T18:04:46+00:00,
401864511,2026,4.0,2026-09-26T18:00Z,Georgia State Panthers,Northern Illinois Huskies,2247,2459,STATUS_SCHEDULED,False,0.000,0.000,2026-09-26T17:52:46+00:00,2026-09-26T17:52:46+00:00,
401858237,2026,4.0,2026-09-26T19:00Z,Florida State Seminoles,Central Arkansas Bears,52,2110,STATUS_SCHEDULED,False,0.000,0.000,2026-09-26T18:52:41+00:00,2026-09-26T18:52:41+00:00,
401864510,2026,4.0,2026-09-26T19:00Z,Wyoming Cowboys,Hawai'i Rainbow Warriors,2751,62,STATUS_SCHEDULED,False,0.000,0.000,2026-09-26T19:07:35+00:00,2026-09-26T19:07:35+00:00,
401856699,2026,4.0,2026-09-26T19:30Z,Florida Gators,Ole Miss Rebels,57,145,STATUS_SCHEDULED,False,0.000,0.000,2026-09-26T19:37:49+00:00,2026-09-26T19:37:49+00:00,
401856700,2026,4.0,2026-09-26T19:30Z,Georgia Bulldogs,Oklahoma Sooners,61,201,STATUS_SCHEDULED,False,0.000,0.000,2026-09-26T19:37:49+00:00,2026-09-26T19:37:49+00:00,
401856815,2026,4.0,2026-09-26T19:30Z,UCF Knights,TCU Horned Frogs,2116,2628,STATUS_SCHEDULED,False,0.000,0.000,2026-09-26T19:22:38+00:00,2026-09-26T19:22:38+00:00,
401856816,2026,4.0,2026-09-26T19:30Z,Iowa State Cyclones,Utah Utes,66,254,STATUS_SCHEDULED,False,0.000,0.000,2026-09-26T19:22:38+00:00,2026-09-26T19:22:38+00:00,
401858244,2026,4.0,2026-09-26T19:30Z,Duke Blue Devils,William & Mary Tribe,150,2729,STATUS_SCHEDULED,False,0.000,0.000,2026-09-26T19:22:38+00:00,2026-09-26T19:22:38+00:00,
401858463,2026,4.0,2026-09-26T19:30Z,Michigan Wolverines,Iowa Hawkeyes,130,2294,STATUS_SCHEDULED,False,0.000,0.000,2026-09-26T19:37:49+00:00,2026-09-26T19:37:49+00:00,
401860897,2026,4.0,2026-09-26T19:30Z,Western Michigan Broncos,Boise State Broncos,2711,68,STATUS_SCHEDULED,False,0.000,0.000,2026-09-26T19:22:38+00:00,2026-09-26T19:22:38+00:00,
401861970,2026,4.0,2026-09-26T19:30Z,Miami (OH) RedHawks,UConn Huskies,193,41,STATUS_SCHEDULED,False,0.000,0.000,2026-09-26T19:22:38+00:00,2026-09-26T19:22:38+00:00,
401864579,2026,4.0,2026-09-26T19:30Z,New Mexico State Aggies,New Mexico Lobos,166,167,STATUS_SCHEDULED,False,0.000,0.000,2026-09-26T19:37:49+00:00,2026-09-26T19:37:49+00:00,
401866426,2026,4.0,2026-09-26T19:30Z,Buffalo Bulls,Robert Morris Colonials,2084,2523,STATUS_SCHEDULED,False,0.000,0.000,2026-09-26T19:22:38+00:00,2026-09-26T19:22:38+00:00,
401866428,2026,4.0,2026-09-26T19:30Z,Ohio Bobcats,Stonehill Skyhawks,195,284,STATUS_SCHEDULED,False,0.000,0.000,2026-09-26T19:22:38+00:00,2026-09-26T19:22:38+00:00,
401868188,2026,4.0,2026-09-26T19:30Z,Marshall Thundering Herd,Gardner-Webb Runnin' Bulldogs,276,2241,STATUS_SCHEDULED,False,0.000,0.000,2026-09-26T19:22:38+00:00,2026-09-26T19:22:38+00:00,
401856806,2026,4.0,2026-09-26T20:00Z,Georgia Southern Eagles,Houston Cougars,290,248,STATUS_SCHEDULED,False,0.000,0.000,2026-09-26T19:52:38+00:00,2026-09-26T19:52:38+00:00,
401862781,2026,4.0,2026-09-26T20:00Z,East Carolina Pirates,North Carolina Central Eagles,151,2428,STATUS_SCHEDULED,False,0.000,0.000,2026-09-26T19:52:38+00:00,2026-09-26T19:52:38+00:00,
401856698,2026,4.0,2026-09-26T20:15Z,Auburn Tigers,Vanderbilt Commodores,2,238,STATUS_SCHEDULED,False,0.000,0.000,2026-09-26T20:07:42+00:00,2026-09-26T20:07:42+00:00,
401858464,2026,4.0,2026-09-26T21:00Z,Michigan State Spartans,Nebraska Cornhuskers,127,158,STATUS_SCHEDULED,False,0.000,0.000,2026-09-26T20:52:44+00:00,2026-09-26T20:52:44+00:00,
401858466,2026,4.0,2026-09-26T21:00Z,Penn State Nittany Lions,Wisconsin Badgers,213,275,STATUS_SCHEDULED,False,0.000,0.000,2026-09-26T21:07:42+00:00,2026-09-26T21:07:42+00:00,
401862785,2026,4.0,2026-09-26T21:00Z,Bowling Green Falcons,South Florida Bulls,189,58,STATUS_SCHEDULED,False,0.000,0.000,2026-09-26T20:52:44+00:00,2026-09-26T20:52:44+00:00,
401858239,2026,4.0,2026-09-26T22:00Z,Virginia Cavaliers,Delaware Blue Hens,258,48,STATUS_SCHEDULED,False,0.000,0.000,2026-09-26T21:52:36+00:00,2026-09-26T21:52:36+00:00,
401860892,2026,4.0,2026-09-26T22:00Z,Texas State Bobcats,Incarnate Word Cardinals,326,2916,STATUS_SCHEDULED,False,0.000,0.000,2026-09-26T22:07:37+00:00,2026-09-26T22:07:37+00:00,
401867909,2026,4.0,2026-09-26T22:00Z,Florida International Panthers,Long Island University Sharks,2229,2341,STATUS_SCHEDULED,False,0.000,0.000,2026-09-26T21:52:36+00:00,2026-09-26T21:52:36+00:00,
401869961,2026,4.0,2026-09-26T22:00Z,Old Dominion Monarchs,James Madison Dukes,295,256,STATUS_SCHEDULED,False,0.000,0.000,2026-09-26T21:52:36+00:00,2026-09-26T21:52:36+00:00,
401858238,2026,4.0,2026-09-26T22:30Z,Miami Hurricanes,Central Michigan Chippewas,2390,2117,STATUS_SCHEDULED,False,0.000,0.000,2026-09-26T22:37:39+00:00,2026-09-26T22:37:39+00:00,
401862780,2026,4.0,2026-09-26T22:30Z,Charlotte 49ers,Louisiana Ragin' Cajuns,2429,309,STATUS_SCHEDULED,False,0.000,0.000,2026-09-26T22:22:36+00:00,2026-09-26T22:22:36+00:00,
401856814,2026,4.0,2026-09-26T23:00Z,Cincinnati Bearcats,Kansas State Wildcats,2132,2306,STATUS_SCHEDULED,False,0.000,0.000,2026-09-26T22:52:43+00:00,2026-09-26T22:52:43+00:00,
401856881,2026,4.0,2026-09-26T23:00Z,West Virginia Mountaineers,Oklahoma State Cowboys,277,197,STATUS_SCHEDULED,False,0.000,0.000,2026-09-26T22:52:43+00:00,2026-09-26T22:52:43+00:00,
401862784,2026,4.0,2026-09-26T23:00Z,Tulane Green Wave,Southern Miss Golden Eagles,2655,2572,STATUS_SCHEDULED,False,0.000,0.000,2026-09-26T22:52:43+00:00,2026-09-26T22:52:43+00:00,
401869931,2026,4.0,2026-09-26T23:00Z,Arkansas State Red Wolves,Kennesaw State Owls,2032,338,STATUS_SCHEDULED,False,0.000,0.000,2026-09-26T22:52:43+00:00,2026-09-26T22:52:43+00:00,
401870745,2026,4.0,2026-09-26T23:00Z,Western Kentucky Hilltoppers,Mercyhurst Lakers,98,2385,STATUS_SCHEDULED,False,0.000,0.000,2026-09-26T22:52:43+00:00,2026-09-26T22:52:43+00:00,
401871048,2026,4.0,2026-09-26T23:00Z,Jacksonville State Gamecocks,Middle Tennessee Blue Raiders,55,2393,STATUS_SCHEDULED,False,0.000,0.000,2026-09-26T22:52:43+00:00,2026-09-26T22:52:43+00:00,
401856696,2026,4.0,2026-09-26T23:10Z,Alabama Crimson Tide,South Carolina Gamecocks,333,2579,STATUS_SCHEDULED,False,0.000,0.000,2026-09-26T23:07:32+00:00,2026-09-26T23:07:32+00:00,
401856702,2026,4.0,2026-09-26T23:30Z,LSU Tigers,Texas A&M Aggies,99,245,STATUS_SCHEDULED,False,0.000,0.000,2026-09-26T23:37:37+00:00,2026-09-26T23:37:37+00:00,
401856804,2026,4.0,2026-09-26T23:30Z,Washington State Cougars,Arizona Wildcats,265,12,STATUS_SCHEDULED,False,0.000,0.000,2026-09-26T23:37:37+00:00,2026-09-26T23:37:37+00:00,
401858469,2026,4.0,2026-09-26T23:30Z,USC Trojans,Oregon Ducks,30,2483,STATUS_SCHEDULED,False,0.000,0.000,2026-09-26T23:22:39+00:00,2026-09-26T23:22:39+00:00,
401860894,2026,4.0,2026-09-26T23:30Z,Utah State Aggies,Troy Trojans,328,2653,STATUS_SCHEDULED,False,0.000,0.000,2026-09-26T23:22:39+00:00,2026-09-26T23:22:39+00:00,
401862783,2026,4.0,2026-09-26T23:30Z,North Texas Mean Green,Houston Christian Huskies,249,2277,STATUS_SCHEDULED,False,0.000,0.000,2026-09-26T23:22:39+00:00,2026-09-26T23:22:39+00:00,
401864572,2026,4.0,2026-09-26T23:30Z,NC State Wolfpack,App State Mountaineers,152,2026,STATUS_SCHEDULED,False,0.000,0.000,2026-09-26T23:22:39+00:00,2026-09-26T23:22:39+00:00,
401856703,2026,4.0,2026-09-26T23:45Z,Mississippi State Bulldogs,Missouri Tigers,344,142,STATUS_SCHEDULED,False,0.000,0.000,2026-09-26T23:52:42+00:00,2026-09-26T23:52:42+00:00,
401856697,2026,4.0,2026-09-27T00:00Z,Arkansas Razorbacks,Tulsa Golden Hurricane,8,202,STATUS_SCHEDULED,False,0.000,0.000,2026-09-26T23:52:42+00:00,2026-09-26T23:52:42+00:00,
401862782,2026,4.0,2026-09-27T00:00Z,UL Monroe Warhawks,Florida Atlantic Owls,2433,2226,STATUS_SCHEDULED,False,0.000,0.000,2026-09-26T23:52:42+00:00,2026-09-26T23:52:42+00:00,
401858241,2026,4.0,2026-09-27T01:00Z,SMU Mustangs,Missouri State Bears,2567,2623,STATUS_SCHEDULED,False,0.000,0.000,2026-09-27T00:52:45+00:00,2026-09-27T00:52:45+00:00,
401860895,2026,4.0,2026-09-27T01:00Z,UTEP Miners,Oregon State Beavers,2638,204,STATUS_SCHEDULED,False,0.000,0.000,2026-09-27T00:52:45+00:00,2026-09-27T00:52:45+00:00,
401866429,2026,4.0,2026-09-27T01:00Z,Sacramento State Hornets,Massachusetts Minutemen,16,113,STATUS_SCHEDULED,False,0.000,0.000,2026-09-27T00:52:45+00:00,2026-09-27T00:52:45+00:00,
401860891,2026,4.0,2026-09-27T02:00Z,Fresno State Bulldogs,Rice Owls,278,242,STATUS_SCHEDULED,False,0.000,0.000,2026-09-27T01:52:35+00:00,2026-09-27T01:52:35+00:00,
401858240,2026,4.0,2026-09-27T02:30Z,Stanford Cardinal,Georgia Tech Yellow Jackets,24,59,STATUS_SCHEDULED,False,0.000,0.000,2026-09-27T02:22:31+00:00,2026-09-27T02:22:31+00:00,
401864509,2026,4.0,2026-09-27T02:30Z,Nevada Wolf Pack,Air Force Falcons,2440,2005,STATUS_SCHEDULED,False,0.000,0.000,2026-09-27T02:22:31+00:00,2026-09-27T02:22:31+00:00,
401858470,2026,4.0,2026-09-27T03:00Z,Washington Huskies,Minnesota Golden Gophers,264,135,STATUS_SCHEDULED,False,0.000,0.000,2026-09-27T02:52:43+00:00,2026-09-27T02:52:43+00:00,
401872949,2026,3.0,2026-09-27T17:00Z,Cleveland Browns,Carolina Panthers,5,29,STATUS_SCHEDULED,False,0.000,0.000,2026-09-27T16:52:38+00:00,2026-09-27T16:52:38+00:00,
401872950,2026,3.0,2026-09-27T17:00Z,Pittsburgh Steelers,Cincinnati Bengals,23,4,STATUS_SCHEDULED,False,0.000,0.000,2026-09-27T16:52:38+00:00,2026-09-27T16:52:38+00:00,
401872951,2026,3.0,2026-09-27T17:00Z,Indianapolis Colts,Houston Texans,11,34,STATUS_SCHEDULED,False,0.000,0.000,2026-09-27T16:52:38+00:00,2026-09-27T16:52:38+00:00,
401872952,2026,3.0,2026-09-27T17:00Z,Miami Dolphins,Kansas City Chiefs,15,12,STATUS_SCHEDULED,False,0.000,0.000,2026-09-27T16:52:38+00:00,2026-09-27T16:52:38+00:00,
401872953,2026,3.0,2026-09-27T17:00Z,Buffalo Bills,Los Angeles Chargers,2,24,STATUS_SCHEDULED,False,0.000,0.000,2026-09-27T16:52:38+00:00,2026-09-27T16:52:38+00:00,
401872954,2026,3.0,2026-09-27T17:00Z,Detroit Lions,New York Jets,8,20,STATUS_SCHEDULED,False,0.000,0.000,2026-09-27T16:52:38+00:00,2026-09-27T16:52:38+00:00,
401872955,2026,3.0,2026-09-27T17:00Z,Washington Commanders,Seattle Seahawks,28,26,STATUS_SCHEDULED,False,0.000,0.000,2026-09-27T16:52:38+00:00,2026-09-27T16:52:38+00:00,
401872956,2026,3.0,2026-09-27T17:00Z,New York Giants,Tennessee Titans,19,10,STATUS_SCHEDULED,False,0.000,0.000,2026-09-27T16:52:38+00:00,2026-09-27T16:52:38+00:00,
401872957,2026,3.0,2026-09-27T17:00Z,Jacksonville Jaguars,New England Patriots,30,17,STATUS_SCHEDULED,False,0.000,0.000,2026-09-27T16:52:38+00:00,2026-09-27T16:52:38+00:00,
401872958,2026,3.0,2026-09-27T20:05Z,San Francisco 49ers,Arizona Cardinals,25,22,STATUS_SCHEDULED,False,0.000,0.000,2026-09-27T19:52:36+00:00,2026-09-27T19:52:36+00:00,
401872959,2026,3.0,2026-09-27T20:05Z,Tampa Bay Buccaneers,Minnesota Vikings,27,16,STATUS_SCHEDULED,False,0.000,0.000,2026-09-27T19:52:36+00:00,2026-09-27T19:52:36+00:00,
401872960,2026,3.0,2026-09-27T20:25Z,Dallas Cowboys,Baltimore Ravens,6,33,STATUS_SCHEDULED,False,0.000,0.000,2026-09-27T20:22:39+00:00,2026-09-27T20:22:39+00:00,
401872961,2026,3.0,2026-09-27T20:25Z,New Orleans Saints,Las Vegas Raiders,18,13,STATUS_SCHEDULED,False,0.000,0.000,2026-09-27T20:22:39+00:00,2026-09-27T20:22:39+00:00,
401872962,2026,3.0,2026-09-28T00:20Z,Denver Broncos,Los Angeles Rams,7,14,STATUS_SCHEDULED,False,0.000,0.000,2026-09-27T23:52:46+00:00,2026-09-27T23:52:46+00:00,
401872963,2026,3.0,2026-09-29T00:15Z,Chicago Bears,Philadelphia Eagles,3,21,STATUS_SCHEDULED,False,0.000,0.000,2026-09-29T00:07:39+00:00,2026-09-29T00:07:39+00:00,
401891821,2026,,2026-09-30T23:30Z,Philadelphia Flyers,Pittsburgh Penguins,15,16,STATUS_SCHEDULED,False,0.000,0.000,2026-09-30T23:07:40+00:00,2026-09-30T23:07:40+00:00,nhl
401892431,2026,,2026-09-30T23:30Z,Toronto Maple Leafs,New York Islanders,21,12,STATUS_SCHEDULED,False,0.000,0.000,2026-09-30T23:07:40+00:00,2026-09-30T23:07:40+00:00,nhl
401891780,2026,,2026-10-01T02:00Z,Colorado Avalanche,Los Angeles Kings,17,8,STATUS_SCHEDULED,False,0.000,0.000,2026-10-01T02:07:43+00:00,2026-10-01T02:07:43+00:00,nhl
401891781,2026,,2026-10-01T23:00Z,Columbus Blue Jackets,Buffalo Sabres,29,2,STATUS_SCHEDULED,False,0.000,0.000,2026-10-01T23:07:49+00:00,2026-10-01T23:07:49+00:00,nhl
401891817,2026,,2026-10-01T23:00Z,New Jersey Devils,Philadelphia Flyers,11,15,STATUS_SCHEDULED,False,0.000,0.000,2026-10-01T23:07:49+00:00,2026-10-01T23:07:49+00:00,nhl
401891819,2026,,2026-10-01T23:00Z,New York Rangers,Tampa Bay Lightning,13,20,STATUS_SCHEDULED,False,0.000,0.000,2026-10-01T23:07:49+00:00,2026-10-01T23:07:49+00:00,nhl
401871049,2026,5.0,2026-10-02T00:00Z,New Mexico State Aggies,Western Kentucky Hilltoppers,166,98,STATUS_SCHEDULED,False,0.000,0.000,2026-10-01T23:52:33+00:00,2026-10-01T23:52:33+00:00,ncaaf
401891816,2026,,2026-10-02T00:00Z,Nashville Predators,Minnesota Wild,27,30,STATUS_SCHEDULED,False,0.000,0.000,2026-10-02T00:07:39+00:00,2026-10-02T00:07:39+00:00,nhl
401872964,2026,4.0,2026-10-02T00:15Z,Cleveland Browns,Pittsburgh Steelers,5,23,STATUS_SCHEDULED,False,0.000,0.000,2026-10-02T00:07:39+00:00,2026-10-02T00:07:39+00:00,nfl
401862786,2026,5.0,2026-10-02T01:00Z,Tulsa Golden Hurricane,North Texas Mean Green,202,249,STATUS_SCHEDULED,False,0.000,0.000,2026-10-02T00:52:38+00:00,2026-10-02T00:52:38+00:00,ncaaf
401891777,2026,,2026-10-02T01:00Z,Calgary Flames,Seattle Kraken,3,124292,STATUS_SCHEDULED,False,0.000,0.000,2026-10-02T01:07:39+00:00,2026-10-02T01:07:39+00:00,nhl
401891828,2026,,2026-10-02T01:30Z,Utah Mammoth,Chicago Blackhawks,129764,4,STATUS_SCHEDULED,False,0.000,0.000,2026-10-02T01:37:41+00:00,2026-10-02T01:37:41+00:00,nhl
401891823,2026,,2026-10-02T02:00Z,San Jose Sharks,Florida Panthers,18,26,STATUS_SCHEDULED,False,0.000,0.000,2026-10-02T02:07:49+00:00,2026-10-02T02:07:49+00:00,nhl
401891829,2026,,2026-10-02T02:00Z,Vancouver Canucks,Edmonton Oilers,22,6,STATUS_SCHEDULED,False,0.000,0.000,2026-10-02T02:07:49+00:00,2026-10-02T02:07:49+00:00,nhl
401891803,2026,,2026-10-02T22:30Z,Detroit Red Wings,New York Rangers,5,13,STATUS_SCHEDULED,False,0.000,0.000,2026-10-02T02:22:39+00:00,2026-10-02T02:22:39+00:00,nhl
401858245,2026,5,2026-10-02T23:00Z,Virginia Tech Hokies,Pittsburgh Panthers,259,221,STATUS_SCHEDULED,False,0.000,0.000,2026-10-02T02:22:39+00:00,2026-10-02T02:22:39+00:00,ncaaf
401871050,2026,5,2026-10-02T23:00Z,Delaware Blue Hens,Liberty Flames,48,2335,STATUS_SCHEDULED,False,0.000,0.000,2026-10-02T02:22:39+00:00,2026-10-02T02:22:39+00:00,ncaaf
401892432,2026,,2026-10-02T23:00Z,Carolina Hurricanes,Washington Capitals,7,23,STATUS_SCHEDULED,False,0.000,0.000,2026-10-02T02:22:39+00:00,2026-10-02T02:22:39+00:00,nhl
401858476,2026,5,2026-10-03T00:00Z,Northwestern Wildcats,Penn State Nittany Lions,77,213,STATUS_SCHEDULED,False,0.000,0.000,2026-10-02T02:22:39+00:00,2026-10-02T02:22:39+00:00,ncaaf
401891831,2026,,2026-10-03T00:00Z,Winnipeg Jets,Boston Bruins,28,1,STATUS_SCHEDULED,False,0.000,0.000,2026-10-02T02:22:39+00:00,2026-10-02T02:22:39+00:00,nhl
401891782,2026,,2026-10-03T01:00Z,Dallas Stars,St. Louis Blues,9,19,STATUS_SCHEDULED,False,0.000,0.000,2026-10-02T02:22:39+00:00,2026-10-02T02:22:39+00:00,nhl
401892433,2026,,2026-10-03T02:00Z,Vegas Golden Knights,Anaheim Ducks,37,25,STATUS_SCHEDULED,False,0.000,0.000,2026-10-02T02:22:39+00:00,2026-10-02T02:22:39+00:00,nhl
401862787,2026,5,2026-10-03T15:00Z,Charlotte 49ers,Memphis Tigers,2429,235,STATUS_SCHEDULED,False,0.000,0.000,2026-10-02T02:22:39+00:00,2026-10-02T02:22:39+00:00,ncaaf
401856707,2026,5,2026-10-03T16:00Z,Mississippi State Bulldogs,Alabama Crimson Tide,344,333,STATUS_SCHEDULED,False,0.000,0.000,2026-10-02T02:22:39+00:00,2026-10-02T02:22:39+00:00,ncaaf
401856807,2026,5,2026-10-03T16:00Z,Kansas Jayhawks,Middle Tennessee Blue Raiders,2305,2393,STATUS_SCHEDULED,False,0.000,0.000,2026-10-02T02:22:39+00:00,2026-10-02T02:22:39+00:00,ncaaf
401856819,2026,5,2026-10-03T16:00Z,Houston Cougars,UCF Knights,248,2116,STATUS_SCHEDULED,False,0.000,0.000,2026-10-02T02:22:39+00:00,2026-10-02T02:22:39+00:00,ncaaf
401856822,2026,5,2026-10-03T16:00Z,Iowa State Cyclones,West Virginia Mountaineers,66,277,STATUS_SCHEDULED,False,0.000,0.000,2026-10-02T02:22:39+00:00,2026-10-02T02:22:39+00:00,ncaaf
401858246,2026,5,2026-10-03T16:00Z,SMU Mustangs,Boston College Eagles,2567,103,STATUS_SCHEDULED,False,0.000,0.000,2026-10-02T02:22:39+00:00,2026-10-02T02:22:39+00:00,ncaaf
401858250,2026,5,2026-10-03T16:00Z,North Carolina Tar Heels,Notre Dame Fighting Irish,153,87,STATUS_SCHEDULED,False,0.000,0.000,2026-10-02T02:22:39+00:00,2026-10-02T02:22:39+00:00,ncaaf
401858251,2026,5,2026-10-03T16:00Z,Wake Forest Demon Deacons,Stanford Cardinal,154,24,STATUS_SCHEDULED,False,0.000,0.000,2026-10-02T02:22:39+00:00,2026-10-02T02:22:39+00:00,ncaaf
401858252,2026,5,2026-10-03T16:00Z,UConn Huskies,Syracuse Orange,41,183,STATUS_SCHEDULED,False,0.000,0.000,2026-10-02T02:22:39+00:00,2026-10-02T02:22:39+00:00,ncaaf
401858474,2026,5,2026-10-03T16:00Z,Minnesota Golden Gophers,Michigan Wolverines,135,130,STATUS_SCHEDULED,False,0.000,0.000,2026-10-02T02:22:39+00:00,2026-10-02T02:22:39+00:00,ncaaf
401862791,2026,5,2026-10-03T16:00Z,Air Force Falcons,Navy Midshipmen,2005,2426,STATUS_SCHEDULED,False,0.000,0.000,2026-10-02T02:22:39+00:00,2026-10-02T02:22:39+00:00,ncaaf
401858479,2026,5,2026-10-03T16:30Z,Wisconsin Badgers,Michigan State Spartans,275,127,STATUS_SCHEDULED,False,0.000,0.000,2026-10-02T02:22:39+00:00,2026-10-02T02:22:39+00:00,ncaaf
401856705,2026,5,2026-10-03T16:45Z,Georgia Bulldogs,Vanderbilt Commodores,61,238,STATUS_SCHEDULED,False,0.000,0.000,2026-10-02T02:22:39+00:00,2026-10-02T02:22:39+00:00,ncaaf
401866432,2026,5,2026-10-03T17:00Z,Buffalo Bulls,Western Michigan Broncos,2084,2711,STATUS_SCHEDULED,False,0.000,0.000,2026-10-02T02:22:39+00:00,2026-10-02T02:22:39+00:00,ncaaf
401866431,2026,5,2026-10-03T18:00Z,Ball State Cardinals,Toledo Rockets,2050,2649,STATUS_SCHEDULED,False,0.000,0.000,2026-10-02T02:22:39+00:00,2026-10-02T02:22:39+00:00,ncaaf
401856708,2026,5,2026-10-03T19:30Z,Missouri Tigers,Florida Gators,142,57,STATUS_SCHEDULED,False,0.000,0.000,2026-10-02T02:22:39+00:00,2026-10-02T02:22:39+00:00,ncaaf
401856710,2026,5,2026-10-03T19:30Z,Tennessee Volunteers,Auburn Tigers,2633,2,STATUS_SCHEDULED,False,0.000,0.000,2026-10-02T02:22:39+00:00,2026-10-02T02:22:39+00:00,ncaaf
401858247,2026,5,2026-10-03T19:30Z,UNLV Rebels,California Golden Bears,2439,25,STATUS_SCHEDULED,False,0.000,0.000,2026-10-02T02:22:39+00:00,2026-10-02T02:22:39+00:00,ncaaf
401858248,2026,5,2026-10-03T19:30Z,NC State Wolfpack,Louisville Cardinals,152,97,STATUS_SCHEDULED,False,0.000,0.000,2026-10-02T02:22:39+00:00,2026-10-02T02:22:39+00:00,ncaaf
401858253,2026,5,2026-10-03T19:30Z,Florida State Seminoles,Virginia Cavaliers,52,258,STATUS_SCHEDULED,False,0.000,0.000,2026-10-02T02:22:39+00:00,2026-10-02T02:22:39+00:00,ncaaf
401858473,2026,5,2026-10-03T19:30Z,Iowa Hawkeyes,Ohio State Buckeyes,2294,194,STATUS_SCHEDULED,False,0.000,0.000,2026-10-02T02:22:39+00:00,2026-10-02T02:22:39+00:00,ncaaf
401862793,2026,5,2026-10-03T19:30Z,UAB Blazers,Samford Bulldogs,5,2535,STATUS_SCHEDULED,False,0.000,0.000,2026-10-02T02:22:39+00:00,2026-10-02T02:22:39+00:00,ncaaf
401864515,2026,5,2026-10-03T19:30Z,North Dakota State Bison,Wyoming Cowboys,2449,2751,STATUS_SCHEDULED,False,0.000,0.000,2026-10-02T02:22:39+00:00,2026-10-02T02:22:39+00:00,ncaaf
401866430,2026,5,2026-10-03T19:30Z,Central Michigan Chippewas,Akron Zips,2117,2006,STATUS_SCHEDULED,False,0.000,0.000,2026-10-02T02:22:39+00:00,2026-10-02T02:22:39+00:00,ncaaf
401866433,2026,5,2026-10-03T19:30Z,Massachusetts Minutemen,Eastern Michigan Eagles,113,2199,STATUS_SCHEDULED,False,0.000,0.000,2026-10-02T02:22:39+00:00,2026-10-02T02:22:39+00:00,ncaaf
401866434,2026,5,2026-10-03T19:30Z,Kent State Golden Flashes,Ohio Bobcats,2309,195,STATUS_SCHEDULED,False,0.000,0.000,2026-10-02T02:22:39+00:00,2026-10-02T02:22:39+00:00,ncaaf
401866477,2026,5,2026-10-03T19:30Z,Miami (OH) RedHawks,Bowling Green Falcons,193,189,STATUS_SCHEDULED,False,0.000,0.000,2026-10-02T02:22:39+00:00,2026-10-02T02:22:39+00:00,ncaaf
401869956,2026,5,2026-10-03T19:30Z,Georgia State Panthers,Old Dominion Monarchs,2247,295,STATUS_SCHEDULED,False,0.000,0.000,2026-10-02T02:22:39+00:00,2026-10-02T02:22:39+00:00,ncaaf
401869962,2026,5,2026-10-03T19:45Z,James Madison Dukes,Marshall Thundering Herd,256,276,STATUS_SCHEDULED,False,0.000,0.000,2026-10-02T02:22:39+00:00,2026-10-02T02:22:39+00:00,ncaaf
401858475,2026,5,2026-10-03T20:00Z,Nebraska Cornhuskers,Maryland Terrapins,158,120,STATUS_SCHEDULED,False,0.000,0.000,2026-10-02T02:22:39+00:00,2026-10-02T02:22:39+00:00,ncaaf
401864514,2026,5,2026-10-03T20:00Z,New Mexico Lobos,UTEP Miners,167,2638,STATUS_SCHEDULED,False,0.000,0.000,2026-10-02T02:22:39+00:00,2026-10-02T02:22:39+00:00,ncaaf
401856709,2026,5,2026-10-03T20:15Z,South Carolina Gamecocks,Kentucky Wildcats,2579,96,STATUS_SCHEDULED,False,0.000,0.000,2026-10-02T02:22:39+00:00,2026-10-02T02:22:39+00:00,ncaaf
401858472,2026,5,2026-10-03T20:15Z,Illinois Fighting Illini,Purdue Boilermakers,356,2509,STATUS_SCHEDULED,False,0.000,0.000,2026-10-02T02:22:39+00:00,2026-10-02T02:22:39+00:00,ncaaf
401860899,2026,5,2026-10-03T22:00Z,Colorado State Rams,Oregon State Beavers,36,204,STATUS_SCHEDULED,False,0.000,0.000,2026-10-02T02:22:39+00:00,2026-10-02T02:22:39+00:00,ncaaf
401862790,2026,5,2026-10-03T22:00Z,Florida Atlantic Owls,Texas Southern Tigers,2226,2640,STATUS_SCHEDULED,False,0.000,0.000,2026-10-02T02:22:39+00:00,2026-10-02T02:22:39+00:00,ncaaf
401856711,2026,5,2026-10-03T23:00Z,Texas A&M Aggies,Arkansas Razorbacks,245,8,STATUS_SCHEDULED,False,0.000,0.000,2026-10-02T02:22:39+00:00,2026-10-02T02:22:39+00:00,ncaaf
401856818,2026,5,2026-10-03T23:00Z,TCU Horned Frogs,BYU Cougars,2628,252,STATUS_SCHEDULED,False,0.000,0.000,2026-10-02T02:22:39+00:00,2026-10-02T02:22:39+00:00,ncaaf
401862788,2026,5,2026-10-03T23:00Z,Rice Owls,UTSA Roadrunners,242,2636,STATUS_SCHEDULED,False,0.000,0.000,2026-10-02T02:22:39+00:00,2026-10-02T02:22:39+00:00,ncaaf
401869942,2026,5,2026-10-03T23:00Z,Coastal Carolina Chanticleers,Georgia Southern Eagles,324,290,STATUS_SCHEDULED,False,0.000,0.000,2026-10-02T02:22:39+00:00,2026-10-02T02:22:39+00:00,ncaaf
401871089,2026,5,2026-10-03T23:00Z,South Alabama Jaguars,UL Monroe Warhawks,6,2433,STATUS_SCHEDULED,False,0.000,0.000,2026-10-02T02:22:39+00:00,2026-10-02T02:22:39+00:00,ncaaf
401891776,2026,,2026-10-03T23:00Z,Buffalo Sabres,Chicago Blackhawks,2,4,STATUS_SCHEDULED,False,0.000,0.000,2026-10-02T02:22:39+00:00,2026-10-02T02:22:39+00:00,nhl
401891822,2026,,2026-10-03T23:00Z,Pittsburgh Penguins,Montreal Canadiens,16,10,STATUS_SCHEDULED,False,0.000,0.000,2026-10-02T02:22:39+00:00,2026-10-02T02:22:39+00:00,nhl
401891826,2026,,2026-10-03T23:00Z,Tampa Bay Lightning,Washington Capitals,20,23,STATUS_SCHEDULED,False,0.000,0.000,2026-10-02T02:22:39+00:00,2026-10-02T02:22:39+00:00,nhl
401856821,2026,5,2026-10-03T23:30Z,Colorado Buffaloes,Texas Tech Red Raiders,38,2641,STATUS_SCHEDULED,False,0.000,0.000,2026-10-02T02:22:39+00:00,2026-10-02T02:22:39+00:00,ncaaf
401858249,2026,5,2026-10-03T23:30Z,Clemson Tigers,Miami Hurricanes,228,2390,STATUS_SCHEDULED,False,0.000,0.000,2026-10-02T02:22:39+00:00,2026-10-02T02:22:39+00:00,ncaaf
401858478,2026,5,2026-10-03T23:30Z,USC Trojans,Washington Huskies,30,264,STATUS_SCHEDULED,False,0.000,0.000,2026-10-02T02:22:39+00:00,2026-10-02T02:22:39+00:00,ncaaf
401860898,2026,5,2026-10-03T23:30Z,Boise State Broncos,Utah State Aggies,68,328,STATUS_SCHEDULED,False,0.000,0.000,2026-10-02T02:22:39+00:00,2026-10-02T02:22:39+00:00,ncaaf
401862792,2026,5,2026-10-03T23:30Z,South Florida Bulls,Temple Owls,58,218,STATUS_SCHEDULED,False,0.000,0.000,2026-10-02T02:22:39+00:00,2026-10-02T02:22:39+00:00,ncaaf
401869842,2026,5,2026-10-03T23:30Z,Louisiana Tech Bulldogs,Army Black Knights,2348,349,STATUS_SCHEDULED,False,0.000,0.000,2026-10-02T02:22:39+00:00,2026-10-02T02:22:39+00:00,ncaaf
401891818,2026,,2026-10-03T23:30Z,New York Islanders,New Jersey Devils,12,11,STATUS_SCHEDULED,False,0.000,0.000,2026-10-02T02:22:39+00:00,2026-10-02T02:22:39+00:00,nhl
401856706,2026,5,2026-10-03T23:45Z,LSU Tigers,McNeese Cowboys,99,2377,STATUS_SCHEDULED,False,0.000,0.000,2026-10-02T02:22:39+00:00,2026-10-02T02:22:39+00:00,ncaaf
401858477,2026,5,2026-10-04T00:00Z,Rutgers Scarlet Knights,Indiana Hoosiers,164,84,STATUS_SCHEDULED,False,0.000,0.000,2026-10-02T02:22:39+00:00,2026-10-02T02:22:39+00:00,ncaaf
401869932,2026,5,2026-10-04T00:00Z,Louisiana Ragin' Cajuns,Arkansas State Red Wolves,309,2032,STATUS_SCHEDULED,False,0.000,0.000,2026-10-02T02:22:39+00:00,2026-10-02T02:22:39+00:00,ncaaf
401891814,2026,,2026-10-04T00:00Z,Minnesota Wild,Boston Bruins,30,1,STATUS_SCHEDULED,False,0.000,0.000,2026-10-02T02:22:39+00:00,2026-10-02T02:22:39+00:00,nhl
401860921,2026,5,2026-10-04T01:30Z,Washington State Cougars,Fresno State Bulldogs,265,278,STATUS_SCHEDULED,False,0.000,0.000,2026-10-02T02:22:39+00:00,2026-10-02T02:22:39+00:00,ncaaf
401856817,2026,5,2026-10-04T02:30Z,Arizona State Sun Devils,Baylor Bears,9,239,STATUS_SCHEDULED,False,0.000,0.000,2026-10-02T02:22:39+00:00,2026-10-02T02:22:39+00:00,ncaaf
401860900,2026,5,2026-10-04T02:30Z,San Diego State Aztecs,Texas State Bobcats,21,326,STATUS_SCHEDULED,False,0.000,0.000,2026-10-02T02:22:39+00:00,2026-10-02T02:22:39+00:00,ncaaf
401856820,2026,5,2026-10-04T03:00Z,Arizona Wildcats,Cincinnati Bearcats,12,2132,STATUS_SCHEDULED,False,0.000,0.000,2026-10-02T02:22:39+00:00,2026-10-02T02:22:39+00:00,ncaaf
401864513,2026,5,2026-10-04T03:59Z,Hawai'i Rainbow Warriors,San José State Spartans,62,23,STATUS_SCHEDULED,False,0.000,0.000,2026-10-02T02:22:39+00:00,2026-10-02T02:22:39+00:00,ncaaf
401872965,2026,4,2026-10-04T13:30Z,Washington Commanders,Indianapolis Colts,28,11,STATUS_SCHEDULED,False,0.000,0.000,2026-10-02T02:22:39+00:00,2026-10-02T02:22:39+00:00,nfl
401872966,2026,4,2026-10-04T17:00Z,New York Giants,Arizona Cardinals,19,22,STATUS_SCHEDULED,False,0.000,0.000,2026-10-02T02:22:39+00:00,2026-10-02T02:22:39+00:00,nfl
401872967,2026,4,2026-10-04T17:00Z,Houston Texans,Dallas Cowboys,34,6,STATUS_SCHEDULED,False,0.000,0.000,2026-10-02T02:22:39+00:00,2026-10-02T02:22:39+00:00,nfl
401872968,2026,4,2026-10-04T17:00Z,Tampa Bay Buccaneers,Green Bay Packers,27,9,STATUS_SCHEDULED,False,0.000,0.000,2026-10-02T02:22:39+00:00,2026-10-02T02:22:39+00:00,nfl
401872969,2026,4,2026-10-04T17:00Z,Cincinnati Bengals,Jacksonville Jaguars,4,30,STATUS_SCHEDULED,False,0.000,0.000,2026-10-02T02:22:39+00:00,2026-10-02T02:22:39+00:00,nfl
401872970,2026,4,2026-10-04T17:00Z,Philadelphia Eagles,Los Angeles Rams,21,14,STATUS_SCHEDULED,False,0.000,0.000,2026-10-02T02:22:39+00:00,2026-10-02T02:22:39+00:00,nfl
401872971,2026,4,2026-10-04T17:00Z,Buffalo Bills,New England Patriots,2,17,STATUS_SCHEDULED,False,0.000,0.000,2026-10-02T02:22:39+00:00,2026-10-02T02:22:39+00:00,nfl
401872972,2026,4,2026-10-04T17:00Z,Chicago Bears,New York Jets,3,20,STATUS_SCHEDULED,False,0.000,0.000,2026-10-02T02:22:39+00:00,2026-10-02T02:22:39+00:00,nfl
401872973,2026,4,2026-10-04T17:00Z,Baltimore Ravens,Tennessee Titans,33,10,STATUS_SCHEDULED,False,0.000,0.000,2026-10-02T02:22:39+00:00,2026-10-02T02:22:39+00:00,nfl
401872974,2026,4,2026-10-04T20:05Z,Minnesota Vikings,Miami Dolphins,16,15,STATUS_SCHEDULED,False,0.000,0.000,2026-10-02T02:22:39+00:00,2026-10-02T02:22:39+00:00,nfl
401872975,2026,4,2026-10-04T20:25Z,San Francisco 49ers,Denver Broncos,25,7,STATUS_SCHEDULED,False,0.000,0.000,2026-10-02T02:22:39+00:00,2026-10-02T02:22:39+00:00,nfl
401872976,2026,4,2026-10-04T20:25Z,Las Vegas Raiders,Kansas City Chiefs,13,12,STATUS_SCHEDULED,False,0.000,0.000,2026-10-02T02:22:39+00:00,2026-10-02T02:22:39+00:00,nfl
401872977,2026,4,2026-10-04T20:25Z,Seattle Seahawks,Los Angeles Chargers,26,24,STATUS_SCHEDULED,False,0.000,0.000,2026-10-02T02:22:39+00:00,2026-10-02T02:22:39+00:00,nfl
401891778,2026,,2026-10-05T00:00Z,Anaheim Ducks,Florida Panthers,25,26,STATUS_SCHEDULED,False,0.000,0.000,2026-10-02T02:22:39+00:00,2026-10-02T02:22:39+00:00,nhl
401891824,2026,,2026-10-05T00:00Z,Seattle Kraken,Calgary Flames,124292,3,STATUS_SCHEDULED,False,0.000,0.000,2026-10-02T02:22:39+00:00,2026-10-02T02:22:39+00:00,nhl
401872978,2026,4,2026-10-05T00:20Z,Carolina Panthers,Detroit Lions,29,8,STATUS_SCHEDULED,False,0.000,0.000,2026-10-02T02:22:39+00:00,2026-10-02T02:22:39+00:00,nfl
401872979,2026,4,2026-10-06T00:15Z,New Orleans Saints,Atlanta Falcons,18,1,STATUS_SCHEDULED,False,0.000,0.000,2026-10-02T02:22:39+00:00,2026-10-02T02:22:39+00:00,nfl
401891815,2026,,2026-10-06T23:00Z,Montreal Canadiens,Carolina Hurricanes,10,7,STATUS_SCHEDULED,False,0.000,0.000,2026-10-02T02:22:39+00:00,2026-10-02T02:22:39+00:00,nhl
401871090,2026,6,2026-10-07T00:00Z,Troy Trojans,Southern Miss Golden Eagles,2653,2572,STATUS_SCHEDULED,False,0.000,0.000,2026-10-02T02:22:39+00:00,2026-10-02T02:22:39+00:00,ncaaf
401891779,2026,,2026-10-07T00:00Z,Chicago Blackhawks,St. Louis Blues,4,19,STATUS_SCHEDULED,False,0.000,0.000,2026-10-02T02:22:39+00:00,2026-10-02T02:22:39+00:00,nhl
401891806,2026,,2026-10-07T02:00Z,Los Angeles Kings,Florida Panthers,8,26,STATUS_SCHEDULED,False,0.000,0.000,2026-10-02T02:22:39+00:00,2026-10-02T02:22:39+00:00,nhl
401871051,2026,6,2026-10-07T23:00Z,Kennesaw State Owls,Jacksonville State Gamecocks,338,55,STATUS_SCHEDULED,False,0.000,0.000,2026-10-02T02:22:39+00:00,2026-10-02T02:22:39+00:00,ncaaf
401891830,2026,,2026-10-07T23:30Z,Washington Capitals,Pittsburgh Penguins,23,16,STATUS_SCHEDULED,False,0.000,0.000,2026-10-02T02:22:39+00:00,2026-10-02T02:22:39+00:00,nhl
401891820,2026,,2026-10-08T23:00Z,Ottawa Senators,Philadelphia Flyers,14,15,STATUS_SCHEDULED,False,0.000,0.000,2026-10-02T02:22:39+00:00,2026-10-02T02:22:39+00:00,nhl
401891825,2026,,2026-10-09T00:00Z,St. Louis Blues,San Jose Sharks,19,18,STATUS_SCHEDULED,False,0.000,0.000,2026-10-02T02:22:39+00:00,2026-10-02T02:22:39+00:00,nhl
401872980,2026,5,2026-10-09T00:15Z,Dallas Cowboys,Tampa Bay Buccaneers,6,27,STATUS_SCHEDULED,False,0.000,0.000,2026-10-02T02:22:39+00:00,2026-10-02T02:22:39+00:00,nfl
