signal_id,graded_at,close_line,clv_points,result,clv_from_open,result_from_open,total_move,pre_signal_move,execution_flagged,entry_prob,close_prob,clv_prob,prob_assumed
2f7ba39b-62c2-58d8-9cb2-7f2bb48cb0a1,2026-09-25T00:54:09+00:00,-2.500,0.000,push,-4.000,lost,-4.000,-4.000,False,0.496,0.511,0.015,True
8a8723ee-86d9-5420-939a-526eb22a031a,2026-09-25T00:54:09+00:00,49.500,-1.000,lost,-5.000,lost,-5.000,-4.000,False,0.517,0.479,-0.037,True
6fbf4c12-882c-5f4e-bcc8-b81b8e63ae75,2026-09-25T21:13:06+00:00,-3.500,-0.500,lost,-0.500,lost,-0.500,0.000,False,0.496,0.476,-0.020,True
b23c5a09-ff20-5c73-8017-e97062397da7,2026-09-25T21:13:06+00:00,48.500,0.000,push,-1.000,lost,-1.000,-1.000,False,0.489,0.511,0.022,True
73352a86-407c-58f0-8f39-f827053e7897,2026-09-25T23:25:35+00:00,50.500,-1.000,lost,-3.000,lost,-3.000,-2.000,False,0.496,0.492,-0.003,True
7773e6e6-3a2a-5c8c-b041-39ce98a96e77,2026-09-25T23:25:35+00:00,-6.500,0.500,beat,5.000,beat,5.000,4.500,True,0.500,0.513,0.013,True
1544d45a-1c2a-5882-9113-4f303146d1ea,2026-09-26T00:43:56+00:00,20.500,-0.500,lost,-3.000,lost,-3.000,-2.500,False,0.500,0.482,-0.018,True
8b60727d-078e-5e10-baa7-a6bd6cfe54c0,2026-09-26T00:43:56+00:00,49.500,-0.000,push,-2.000,lost,2.000,-2.000,False,0.504,0.496,-0.009,True
4bf04a35-0d90-5090-a864-455d2f396060,2026-09-26T02:37:40+00:00,52.500,-2.000,lost,-5.000,lost,5.000,-3.000,False,0.500,0.454,-0.046,True
856bd53e-b74b-5720-8594-1f0a0882f917,2026-09-26T02:37:40+00:00,-2.500,4.000,beat,1.000,beat,-1.000,-3.000,False,0.518,0.607,0.089,True
03bf5bff-c9e6-5842-8327-e435ae4b3b70,2026-09-26T16:07:45+00:00,-14.500,-0.500,lost,-0.500,lost,-0.500,0.000,False,0.511,0.491,-0.020,True
1f78c462-694b-514c-abda-f3f3b6f5801f,2026-09-26T16:07:45+00:00,14.500,1.000,beat,3.000,beat,3.000,2.000,True,0.496,0.515,0.020,True
34a37109-5c41-520e-8669-5b3313776768,2026-09-26T16:07:45+00:00,54.500,-1.000,lost,1.000,beat,1.000,2.000,True,0.500,0.475,-0.025,True
3a337e06-ae72-52c2-848d-3d9be83974eb,2026-09-26T16:07:45+00:00,56.500,-1.000,lost,-2.000,lost,2.000,-1.000,False,0.504,0.475,-0.029,True
451234e5-a493-56fa-952e-e906da1acf90,2026-09-26T16:07:45+00:00,53.500,-0.000,push,1.000,beat,-1.000,1.000,True,0.489,0.489,-0.000,True
758e1e7d-d259-5c4e-a62d-4a0fea0930dd,2026-09-26T16:07:45+00:00,8.500,1.500,beat,-0.000,push,0.000,-1.500,False,0.500,0.540,0.040,True
7ac5dc01-660f-58e4-9d57-2468af7a1862,2026-09-26T16:07:45+00:00,57.500,1.000,beat,1.000,beat,-1.000,-0.000,False,0.500,0.529,0.029,True
8296b804-f0e5-545d-a36c-e69aa2560cd4,2026-09-26T16:07:45+00:00,51.500,-1.000,lost,-0.000,push,0.000,1.000,True,0.483,0.475,-0.008,True
87ca4190-9730-58b2-98e9-794839b285ee,2026-09-26T16:07:45+00:00,-5.500,0.000,push,1.500,beat,1.500,1.500,True,0.500,0.500,0.000,True
8d9e2494-2dbb-576f-97f5-93e11e00e876,2026-09-26T16:07:45+00:00,34.500,-0.000,push,3.000,beat,-3.000,3.000,True,0.504,0.496,-0.009,True
9eeea5b9-32c3-5b6e-b33e-96f0ba3d3745,2026-09-26T16:07:45+00:00,46.500,-2.000,lost,-8.000,lost,-8.000,-6.000,False,0.504,0.461,-0.044,True
a10d2d6e-7268-5422-9b58-2374764c7683,2026-09-26T16:07:45+00:00,52.500,-0.000,push,-3.000,lost,3.000,-3.000,False,0.511,0.496,-0.015,True
ad0aab18-3c7d-5baf-9b11-a18a1995c17b,2026-09-26T16:07:45+00:00,50.500,2.000,beat,-2.000,lost,2.000,-4.000,False,0.511,0.550,0.039,True
b6dc21a7-0a6d-5cfb-b987-30945c386749,2026-09-26T16:07:45+00:00,-13.500,0.000,push,0.500,beat,0.500,0.500,True,0.496,0.504,0.009,True
bc548506-39d1-5bd1-ad9d-f240842c11db,2026-09-26T16:07:45+00:00,2.500,-0.500,lost,4.000,beat,4.000,4.500,True,0.500,0.504,0.004,True
c18c6301-c513-52d8-b26b-c47464250469,2026-09-26T16:07:45+00:00,54.500,1.000,beat,2.000,beat,-2.000,1.000,True,0.496,0.525,0.029,True
d624d8c7-40c3-52ad-bee3-278df0c4d6db,2026-09-26T16:07:45+00:00,25.500,2.000,beat,2.000,beat,-2.000,-0.000,False,0.504,0.548,0.043,True
deecc295-adbf-5406-87f4-2374cfb73c4f,2026-09-26T16:07:45+00:00,56.500,-2.000,lost,-1.000,lost,-1.000,1.000,True,0.500,0.461,-0.039,True
e842844e-c632-506d-b084-2aaa9a88d2c7,2026-09-26T16:07:45+00:00,2.500,1.000,beat,2.000,beat,-2.000,1.000,True,0.511,0.515,0.004,True
fe327a87-73fb-510e-8975-7bc4a91581f6,2026-09-26T16:07:45+00:00,11.500,-1.000,lost,-2.000,lost,-2.000,-1.000,False,0.500,0.474,-0.026,True
6c7b2bca-921b-5dd1-b965-a802cd8f7596,2026-09-26T16:52:39+00:00,54.500,-0.000,push,1.000,beat,-1.000,1.000,True,0.489,0.511,0.021,True
7bf2cb61-57ab-5ecd-86e1-f63217b05575,2026-09-26T16:52:39+00:00,21.000,-0.500,lost,-1.500,lost,1.500,-1.000,False,0.500,0.491,-0.009,True
a7845f12-dc8f-54d9-b8d3-e4353e50f2f9,2026-09-26T17:37:41+00:00,-2.500,-1.000,lost,-1.000,lost,-1.000,0.000,False,0.500,0.457,-0.043,True
d34a0090-9df9-5bbb-9ccc-c7a2f82f3bae,2026-09-26T17:37:41+00:00,55.500,-1.000,lost,4.000,beat,4.000,5.000,True,0.511,0.479,-0.031,True
0041e880-41bb-51d4-a16b-db879f7975c6,2026-09-26T18:04:47+00:00,-27.500,0.000,push,0.000,push,0.000,0.000,False,0.482,0.511,0.029,True
29622ed0-d01e-5e49-9b09-133f02503c3a,2026-09-26T18:04:47+00:00,56.500,-0.000,push,-2.000,lost,2.000,-2.000,False,0.511,0.500,-0.011,True
9f7ade04-efb4-5075-96c2-e3e0b5645aa3,2026-09-26T18:04:47+00:00,8.500,-1.500,lost,0.000,push,0.000,1.500,True,0.504,0.460,-0.044,True
e2b523b0-fb6f-5018-981c-5e5aa0da1dda,2026-09-26T18:04:47+00:00,56.500,-1.000,lost,0.000,push,0.000,1.000,True,0.504,0.486,-0.019,True
17541436-9e7a-5bc3-a1d7-f8ce06f4f2a0,2026-09-26T19:07:37+00:00,43.500,-1.000,lost,-1.000,lost,-1.000,0.000,False,0.500,0.486,-0.014,True
a548a392-f2c4-5f66-8fc9-1c98aa0485e0,2026-09-26T19:07:37+00:00,-2.500,0.500,beat,3.000,beat,3.000,2.500,True,0.496,0.524,0.029,True
093ce341-b81a-58b1-8a79-71c42dd7ec91,2026-09-26T19:37:51+00:00,5.500,-0.000,push,-1.000,lost,1.000,-1.000,False,0.500,0.511,0.011,True
11a42c30-4fbe-5d05-8190-aa85b5fea71f,2026-09-26T19:37:51+00:00,4.000,-0.500,lost,-2.500,lost,2.500,-2.000,False,0.504,0.487,-0.017,True
1870056f-99b7-51e5-9329-efb5f72331d9,2026-09-26T19:37:51+00:00,-8.500,-1.500,lost,-1.000,lost,-1.000,0.500,True,0.496,0.464,-0.031,True
3688bc9e-9f92-53f5-8128-f618297441e9,2026-09-26T19:37:51+00:00,58.500,0.000,push,1.000,beat,1.000,1.000,True,0.511,0.511,0.000,True
42e8330d-82d9-50f6-9024-9a76f94bfbcb,2026-09-26T19:37:51+00:00,50.500,-1.000,lost,-3.000,lost,3.000,-2.000,False,0.496,0.471,-0.025,True
46862b4f-acb6-5ac6-994b-be1ed4c4f1fd,2026-09-26T19:37:51+00:00,48.500,0.000,push,-2.000,lost,-2.000,-2.000,False,0.496,0.489,-0.006,True
5196db64-2666-5d5b-b1ed-f36f46dbba80,2026-09-26T19:37:51+00:00,46.500,-2.000,lost,-3.000,lost,-3.000,-1.000,False,0.489,0.454,-0.035,True
801d8f50-ee05-5acb-a5de-357bcc96f912,2026-09-26T19:37:51+00:00,-3.500,-0.500,lost,-0.500,lost,-0.500,0.000,False,0.496,0.491,-0.005,True
96bddcfd-1115-55cd-b4c9-08f08922bfa1,2026-09-26T19:37:51+00:00,39.500,1.000,beat,0.000,push,0.000,-1.000,False,0.504,0.542,0.038,True
a3bb86de-a282-5047-8068-5a8ade306110,2026-09-26T19:37:51+00:00,52.500,1.000,beat,2.000,beat,2.000,1.000,True,0.500,0.514,0.014,True
b08492b1-c893-567d-9bce-98da75f2b8b0,2026-09-26T19:37:51+00:00,2.500,1.000,beat,0.500,beat,-0.500,-0.500,False,0.500,0.526,0.026,True
c43812fd-6a0b-5f2a-a660-94af33382d48,2026-09-26T19:37:51+00:00,-11.500,0.000,push,1.000,beat,1.000,1.000,True,0.500,0.500,0.000,True
d6a4389b-899c-597e-8d97-c669991d0464,2026-09-26T19:37:51+00:00,12.500,-1.500,lost,2.500,beat,2.500,4.000,True,0.500,0.456,-0.044,True
d7a9f47a-e551-5361-b3bb-7226672947ff,2026-09-26T19:37:51+00:00,-7.500,0.000,push,4.000,beat,4.000,4.000,True,0.489,0.504,0.015,True
e8f7a441-3611-5789-a92d-215225299699,2026-09-26T19:37:51+00:00,47.500,1.000,beat,2.000,beat,-2.000,1.000,True,0.500,0.521,0.021,True
fdfab1c4-a9fd-57a5-af6e-236fce02f94a,2026-09-26T19:37:51+00:00,43.500,1.000,beat,9.000,beat,-9.000,8.000,True,0.489,0.508,0.018,True
eb8140db-9635-5037-98e4-030943e2b65f,2026-09-26T20:07:44+00:00,56.500,-0.000,push,-1.000,lost,1.000,-1.000,False,0.504,0.500,-0.004,True
eb858bbf-4d1d-55ed-9111-8af90f15abf7,2026-09-26T20:07:44+00:00,-17.500,1.000,beat,2.000,beat,2.000,1.000,True,0.500,0.530,0.030,True
989e80fc-82b2-51ce-8e1f-a8519bb58875,2026-09-26T20:22:49+00:00,10.000,-0.500,lost,-1.500,lost,1.500,-1.000,False,0.500,0.491,-0.009,True
baf896c9-56b5-5bbb-983f-d60507d499d4,2026-09-26T20:22:49+00:00,54.500,1.000,beat,-4.000,lost,4.000,-5.000,False,0.511,0.525,0.014,True
68384b7e-f7d0-5b8a-abb1-acf812106042,2026-09-26T21:07:44+00:00,48.500,0.000,push,-4.000,lost,-4.000,-4.000,False,0.504,0.511,0.007,True
70dde419-145e-5ff1-bbc3-fcb1c01e5609,2026-09-26T21:07:44+00:00,43.500,-1.000,lost,1.000,beat,1.000,2.000,True,0.504,0.486,-0.019,True
88e4edcd-b117-573c-81d1-995798b72d61,2026-09-26T21:07:44+00:00,-6.000,0.500,beat,0.500,beat,-0.500,-0.000,False,0.504,0.509,0.004,True
8ff3a12a-fe3c-5498-af6c-7df17f839c9f,2026-09-26T21:07:44+00:00,10.000,0.500,beat,-1.500,lost,-1.500,-2.000,False,0.504,0.513,0.009,True
dd89bb85-1462-52d0-b74c-67100c361f20,2026-09-26T21:07:44+00:00,-17.500,0.000,push,-2.000,lost,-2.000,-2.000,False,0.500,0.496,-0.004,True
f01a70f5-b82f-54a6-a905-07f2be6e9834,2026-09-26T21:07:44+00:00,49.500,1.000,beat,-2.000,lost,-2.000,-3.000,False,0.496,0.514,0.019,True
64f6a649-64dc-5aef-89ff-256fdca4c72f,2026-09-26T22:07:39+00:00,52.500,-0.000,push,2.000,beat,-2.000,2.000,True,0.504,0.496,-0.009,True
9547d1c6-4c46-5476-bdba-a07d57756459,2026-09-26T22:07:39+00:00,-7.000,-1.000,lost,-2.500,lost,-2.500,-1.500,False,0.500,0.478,-0.022,True
a97f8f93-0763-541a-b198-dfc49211368a,2026-09-26T22:07:39+00:00,19.500,-0.000,push,1.000,beat,-1.000,1.000,True,0.500,0.489,-0.011,True
eab4c177-eb14-544d-8824-51d2004e597e,2026-09-26T22:07:39+00:00,44.500,0.000,push,-6.000,lost,-6.000,-6.000,False,0.511,0.483,-0.028,True
2da90260-e4ac-5a8e-a5c8-45d9044724e1,2026-09-26T22:37:40+00:00,40.500,1.000,beat,2.000,beat,-2.000,1.000,True,0.511,0.515,0.004,True
2e367ffe-4ed8-5de2-8772-bfa985e7c916,2026-09-26T22:37:40+00:00,52.500,1.000,beat,2.000,beat,-2.000,1.000,True,0.489,0.536,0.046,True
3f98bce5-8c7c-5d7c-b4fb-e8ccfbe285d3,2026-09-26T22:37:40+00:00,-9.500,0.500,beat,5.000,beat,5.000,4.500,True,0.496,0.518,0.022,True
988fed4b-6e88-5356-86a9-c3bf2bbc10df,2026-09-26T22:37:40+00:00,49.500,-1.000,lost,3.000,beat,-3.000,4.000,True,0.496,0.486,-0.010,True
30c7a512-bc88-5e57-9937-7f42b683afb8,2026-09-26T23:07:33+00:00,51.500,0.000,push,-3.000,lost,-3.000,-3.000,False,0.500,0.500,0.000,True
32b4a1c1-cf0d-56bc-8021-82e5f67a3c98,2026-09-26T23:07:33+00:00,60.500,-1.000,lost,-3.000,lost,3.000,-2.000,False,0.489,0.475,-0.015,True
4bb48165-693b-5056-a005-4ecb5ecce038,2026-09-26T23:07:33+00:00,52.500,0.000,push,-1.000,lost,-1.000,-1.000,False,0.504,0.496,-0.009,True
5792fe1e-bfaa-5884-9c68-792c8591005d,2026-09-26T23:07:33+00:00,1.500,0.000,push,4.000,beat,4.000,4.000,True,0.504,0.504,0.000,True
af5e6219-311b-5b5e-844c-b32d617e8d02,2026-09-26T23:07:33+00:00,6.500,-0.500,lost,-1.000,lost,1.000,-0.500,False,0.500,0.491,-0.009,True
bf97f560-ca4d-5bec-8982-dc40ccd004ac,2026-09-26T23:07:33+00:00,17.500,1.000,beat,-0.000,push,0.000,-1.000,False,0.504,0.515,0.011,True
ee6865a1-d963-5a56-9380-9acc41f2ea43,2026-09-26T23:07:33+00:00,-6.000,0.500,beat,0.000,push,0.000,-0.500,False,0.500,0.509,0.009,True
f327e101-ef42-5e5d-8c2d-d13141a5aac9,2026-09-26T23:07:33+00:00,53.500,1.000,beat,0.000,push,0.000,-1.000,False,0.504,0.514,0.010,True
f5adcfb8-48fd-5d7f-96ae-a0f017ac8a83,2026-09-26T23:07:33+00:00,55.500,0.000,push,3.000,beat,3.000,3.000,True,0.489,0.489,0.000,True
ff498349-fdd4-5381-a3e9-beb3a4df7a9f,2026-09-26T23:07:33+00:00,7.000,0.000,push,-2.500,lost,-2.500,-2.500,False,0.504,0.511,0.007,True
a527264c-5b85-50f4-80b4-505ab19549a0,2026-09-26T23:22:41+00:00,53.500,-0.000,push,-7.000,lost,7.000,-7.000,False,0.489,0.500,0.011,True
d009be7e-db53-57b6-b1b5-9a4460000b76,2026-09-26T23:22:41+00:00,12.500,0.000,push,1.000,beat,1.000,1.000,True,0.500,0.500,0.000,True
39a847f9-1ae5-5a28-ad86-ed47b0f98a62,2026-09-26T23:37:39+00:00,56.500,-1.000,lost,-1.000,lost,1.000,-0.000,False,0.518,0.475,-0.043,True
5d212983-b271-5728-9c5c-a3681daeb80e,2026-09-26T23:37:39+00:00,47.500,-1.000,lost,-5.000,lost,-5.000,-4.000,False,0.489,0.479,-0.010,True
610a2852-ebaa-530c-acc8-087d4c7f0b3e,2026-09-26T23:37:39+00:00,-3.500,0.500,beat,-2.000,lost,2.000,-2.500,False,0.500,0.524,0.024,True
65cbd6c1-8e3f-5dcc-b884-4cf63bdc0cb1,2026-09-26T23:37:39+00:00,47.500,1.000,beat,1.000,beat,-1.000,-0.000,False,0.500,0.525,0.025,True
66cb4a9b-28dc-5886-8392-976552a36543,2026-09-26T23:37:39+00:00,3.000,0.000,push,0.500,beat,0.500,0.500,True,0.504,0.489,-0.015,True
75dc9592-1978-540f-8fa1-f83e19b51df4,2026-09-26T23:37:39+00:00,12.500,1.500,beat,1.500,beat,-1.500,-0.000,False,0.496,0.536,0.040,True
8d2e8c5e-711d-5f7b-9fd1-244c169612fd,2026-09-26T23:37:39+00:00,-11.500,-1.500,lost,2.000,beat,2.000,3.500,True,0.496,0.460,-0.036,True
90e58eee-d665-5382-8773-8a8e632faadc,2026-09-26T23:37:39+00:00,60.500,2.000,beat,-2.000,lost,2.000,-4.000,False,0.504,0.539,0.035,True
dcefa4c8-107b-589c-a365-29d5d6f7fe93,2026-09-26T23:37:39+00:00,8.500,0.000,push,5.500,beat,5.500,5.500,True,0.500,0.496,-0.004,True
f0e33d86-aa06-5136-bc3b-33f4d3d2b259,2026-09-26T23:37:39+00:00,52.500,-1.000,lost,5.000,beat,-5.000,6.000,True,0.496,0.475,-0.021,True
5dfc9152-cb5f-5fbe-9ddd-f350178f82e0,2026-09-26T23:52:44+00:00,3.500,3.000,beat,-2.000,lost,2.000,-5.000,False,0.504,0.573,0.069,True
a435a2de-f02d-50ce-a742-2cca8f91a468,2026-09-26T23:52:44+00:00,58.500,-0.000,push,-2.000,lost,2.000,-2.000,False,0.496,0.496,-0.000,True
6b390113-4bba-5cf2-8a65-d13207146a1d,2026-09-27T00:07:41+00:00,58.500,1.000,beat,-1.000,lost,-1.000,-2.000,False,0.504,0.514,0.010,True
880bed40-e7c4-5cda-8997-7f93ad959531,2026-09-27T00:07:41+00:00,51.500,1.000,beat,-1.000,lost,-1.000,-2.000,False,0.504,0.508,0.003,True
b0cb870f-dd0a-5ba9-ade3-327dd97c3de7,2026-09-27T00:07:41+00:00,-11.500,2.000,beat,2.000,beat,2.000,0.000,False,0.500,0.541,0.041,True
e05ff27d-cf51-56f8-a8d1-cfd8816f2744,2026-09-27T00:07:41+00:00,7.000,0.000,push,-1.500,lost,-1.500,-1.500,False,0.500,0.489,-0.011,True
4d4a8bd8-d4f1-5d7c-8866-0955c8e28893,2026-09-27T01:07:46+00:00,49.500,1.000,beat,-1.000,lost,-1.000,-2.000,False,0.504,0.525,0.021,True
69409f93-dfd5-579f-857f-03a0ccecca65,2026-09-27T01:07:46+00:00,60.500,1.000,beat,1.000,beat,1.000,0.000,False,0.500,0.521,0.021,True
7c00a0e3-809d-5b76-a092-ff20d57b9f31,2026-09-27T01:07:46+00:00,-6.000,-1.500,lost,0.000,push,0.000,1.500,True,0.500,0.461,-0.039,True
d17b1cad-e27a-5d33-b82a-227df78493fc,2026-09-27T01:07:46+00:00,30.500,4.000,beat,4.000,beat,-4.000,-0.000,False,0.500,0.599,0.099,True
e587d062-0be4-53cc-8b56-6ab88d3d2b02,2026-09-27T01:07:46+00:00,-11.500,-1.000,lost,1.000,beat,1.000,2.000,True,0.504,0.485,-0.020,True
e5ccd425-4359-5027-95c0-ad335edcfbd5,2026-09-27T01:07:46+00:00,56.500,-1.000,lost,-1.000,lost,1.000,-0.000,False,0.504,0.479,-0.025,True
d1c3c021-7523-5153-8dbd-91f127c574b2,2026-09-27T02:08:14+00:00,12.500,1.000,beat,1.000,beat,-1.000,-0.000,False,0.489,0.530,0.041,True
f583485a-3887-51f4-bd87-e305b3521237,2026-09-27T02:08:14+00:00,43.500,1.000,beat,-0.000,push,0.000,-1.000,False,0.511,0.514,0.003,True
1347002e-0cd8-5625-a3e9-75f03c91f9ab,2026-09-27T02:37:37+00:00,48.500,0.000,push,0.000,push,0.000,0.000,False,0.489,0.489,0.000,True
14a9e71b-54d4-5cf6-8e8e-f6deaedbcbdc,2026-09-27T02:37:37+00:00,-3.000,-0.500,lost,-1.500,lost,1.500,-1.000,False,0.483,0.487,0.004,True
8bc1c7f2-744f-5a27-8a7d-7dbec4a9d2f2,2026-09-27T02:37:37+00:00,-5.500,-0.000,push,1.000,beat,-1.000,1.000,True,0.496,0.504,0.009,True
c713cd0d-7105-56f3-bc20-f6cf79a64715,2026-09-27T02:37:37+00:00,50.500,-1.000,lost,-2.000,lost,2.000,-1.000,False,0.496,0.475,-0.021,True
b62fc13c-17a2-542d-ae1f-3059631a263c,2026-09-27T03:07:45+00:00,11.500,1.500,beat,2.000,beat,2.000,0.500,True,0.496,0.544,0.049,True
c4bd1eee-2b51-5322-a0be-febe7ab23177,2026-09-27T03:07:45+00:00,45.500,-1.000,lost,1.000,beat,1.000,2.000,True,0.496,0.464,-0.032,True
1783af6e-9248-593c-ac75-e7324e4dbb64,2026-10-02T00:07:41+00:00,1.500,-0.000,push,-0.000,push,0.000,-0.000,False,0.504,0.489,-0.015,False
7acd7bd1-bf07-56fd-accf-8660cd2137f8,2026-10-02T00:07:41+00:00,55.500,2.000,beat,2.000,beat,2.000,0.000,False,0.500,0.554,0.054,False
93730fe3-3f18-5c7d-ad4f-bf0181e2b504,2026-10-02T01:08:01+00:00,-3.000,1.500,beat,1.500,beat,-1.500,-0.000,False,0.489,0.529,0.039,False
f2fd51aa-75aa-56f8-bb25-d4f0c95363fa,2026-10-02T01:08:01+00:00,56.500,-1.000,lost,-1.000,lost,-1.000,0.000,False,0.500,0.486,-0.014,False
258f805a-398a-577e-bc6c-c6671f9a1ac6,2026-10-02T23:07:41+00:00,53.500,3.000,beat,3.000,beat,-3.000,-0.000,False,0.500,0.571,0.071,False
279c0702-c9ac-53ce-b9fa-7c9a59a849d3,2026-10-02T23:07:41+00:00,1.500,-4.500,lost,-4.000,lost,-4.000,0.500,True,0.500,0.386,-0.114,False
63da08bb-48de-585c-b09a-2036058751d1,2026-10-02T23:07:41+00:00,51.500,1.000,beat,1.000,beat,1.000,0.000,False,0.500,0.521,0.021,False
6d73ffc6-da3f-5f61-a9e2-0748a5c57ac7,2026-10-02T23:07:41+00:00,-7.500,0.500,beat,0.500,beat,-0.500,-0.000,False,0.500,0.502,0.002,False
c2ad9e7f-0f6a-51df-8bd7-656bf993d6a1,2026-10-03T00:07:41+00:00,46.500,2.000,beat,2.000,beat,-2.000,-0.000,False,0.500,0.539,0.039,False
f6ea4949-1053-5da5-af05-53b5d465971e,2026-10-03T00:07:41+00:00,-2.500,-4.500,lost,-4.500,lost,4.500,-0.000,False,0.500,0.392,-0.108,False
617b12ac-ab1f-5fb8-88ac-5a7ca79a7e3e,2026-10-03T15:07:32+00:00,51.500,-3.000,lost,-3.000,lost,-3.000,0.000,False,0.500,0.415,-0.085,False
bedc515e-df89-502f-9aa5-cd9e78c42c1f,2026-10-03T15:07:32+00:00,-18.500,-3.000,lost,-3.000,lost,3.000,-0.000,False,0.500,0.433,-0.067,False
0396b136-cce5-5adb-8530-0e7015aa32c9,2026-10-03T16:07:46+00:00,54.500,2.000,beat,2.000,beat,-2.000,-0.000,False,0.500,0.539,0.039,False
1c5a4412-6e5c-5cdf-9b41-24e5a9a969fc,2026-10-03T16:07:46+00:00,21.500,0.500,beat,0.500,beat,0.500,0.000,False,0.500,0.502,0.002,False
20d4c616-a345-521a-a07d-a6cda44cc5f1,2026-10-03T16:07:46+00:00,-6.500,-1.000,lost,-2.000,lost,2.000,-1.000,False,0.489,0.474,-0.015,False
2cf782e0-cf59-5b26-9604-8d92a9394290,2026-10-03T16:07:46+00:00,62.500,-3.000,lost,-4.000,lost,4.000,-1.000,False,0.500,0.425,-0.075,False
33497b6a-2d34-5366-b7fc-1291be15e4ea,2026-10-03T16:07:46+00:00,41.500,-1.000,lost,-3.000,lost,-3.000,-2.000,False,0.500,0.479,-0.021,False
3970c086-6d86-5fea-a0e0-4504c5a1005d,2026-10-03T16:07:46+00:00,3.000,1.500,beat,1.500,beat,1.500,0.000,False,0.496,0.535,0.039,False
3bfd45e6-0262-5a00-9107-e73c3b2c13ce,2026-10-03T16:07:46+00:00,10.500,2.000,beat,2.000,beat,-2.000,-0.000,False,0.500,0.563,0.063,False
4d13cc0a-514a-52cf-8f9a-05c9338e8937,2026-10-03T16:07:46+00:00,54.500,-0.000,push,-0.000,push,0.000,-0.000,False,0.500,0.504,0.004,False
616694cb-740e-555d-b5a1-e11840a71b3b,2026-10-03T16:07:46+00:00,3.000,-1.500,lost,-1.500,lost,1.500,-0.000,False,0.511,0.471,-0.039,False
6c03d77d-821a-54dd-8c46-dc5d5abecd78,2026-10-03T16:07:46+00:00,45.500,-4.000,lost,-4.000,lost,-4.000,0.000,False,0.504,0.401,-0.104,False
71538b27-4302-5ae5-9d5c-ec935f34a474,2026-10-03T16:07:46+00:00,14.500,2.000,beat,2.000,beat,2.000,0.000,False,0.500,0.556,0.056,False
9937a1a7-795e-5d59-9e6a-ecd4732f257c,2026-10-03T16:07:46+00:00,21.000,0.000,push,-0.500,lost,-0.500,-0.500,False,0.500,0.496,-0.004,False
a10ddad0-c78f-5572-8594-46725fb9849b,2026-10-03T16:07:46+00:00,51.500,-1.000,lost,-1.000,lost,-1.000,0.000,False,0.500,0.458,-0.042,False
a239c14f-1db3-541f-b67c-9618b591b8d4,2026-10-03T16:07:46+00:00,53.500,-0.000,push,-0.000,push,0.000,-0.000,False,0.500,0.504,0.004,False
bcbc99c1-f174-58d1-a880-81af5bf37450,2026-10-03T16:07:46+00:00,50.500,-1.000,lost,-1.000,lost,-1.000,0.000,False,0.500,0.479,-0.021,False
ce533b1b-3fae-5ec9-862a-5d1902b55ee0,2026-10-03T16:07:46+00:00,46.500,3.000,beat,9.000,beat,-9.000,6.000,True,0.500,0.575,0.075,False
de0c7cde-f5cc-59a2-a64a-b1bb6c625359,2026-10-03T16:07:46+00:00,-21.000,-0.500,lost,3.500,beat,3.500,4.000,True,0.500,0.483,-0.017,False
f6a76e63-71d2-59d7-9092-3664959c21c2,2026-10-03T16:07:46+00:00,-6.500,0.000,push,0.000,push,0.000,0.000,False,0.511,0.489,-0.022,False
f90cef15-2336-50ae-ae9d-658c124e2bfd,2026-10-03T16:07:46+00:00,-5.500,2.000,beat,2.500,beat,-2.500,0.500,True,0.511,0.548,0.037,False
faa5e856-ac34-57b4-81b4-e2341bd47272,2026-10-03T16:07:46+00:00,51.500,-2.000,lost,-2.000,lost,-2.000,0.000,False,0.500,0.439,-0.061,False
b5ebda4c-aafe-557e-8cdf-aaff0c9d63de,2026-10-03T16:37:41+00:00,43.500,-1.000,lost,-1.000,lost,-1.000,0.000,False,0.500,0.486,-0.014,False
f5f9ce87-c140-53e2-b344-42b402d59723,2026-10-03T16:37:41+00:00,8.500,1.500,beat,1.500,beat,-1.500,-0.000,False,0.500,0.544,0.044,False
bca0522f-5677-533d-8bf2-8f47cf421b39,2026-10-03T16:52:43+00:00,25.500,-2.000,lost,-2.000,lost,2.000,-0.000,False,0.500,0.448,-0.052,False
c5211091-f983-5267-b8be-db6d3f98817c,2026-10-03T16:52:43+00:00,49.500,8.000,beat,8.000,beat,-8.000,-0.000,False,0.500,0.689,0.189,False
c2f0b82d-02d4-5ba2-b08f-fb7bb9e77261,2026-10-03T17:08:17+00:00,46.500,5.000,beat,5.000,beat,-5.000,-0.000,False,0.500,0.628,0.128,False
e3824349-f63e-5d66-9e0c-4e6611c2cb4d,2026-10-03T17:08:17+00:00,-13.500,3.000,beat,3.000,beat,3.000,0.000,False,0.500,0.588,0.088,False
7e054f2a-a6cd-5565-9575-1b1c95c46d7f,2026-10-03T18:07:45+00:00,52.500,-1.000,lost,-1.000,lost,1.000,-0.000,False,0.500,0.471,-0.029,False
c3f40c51-5233-539c-8851-e7a6bcccd30a,2026-10-03T18:07:45+00:00,-21.000,-3.500,lost,-3.500,lost,-3.500,0.000,False,0.511,0.426,-0.085,False
0b10f24e-d7b1-515c-8a82-295afd5579ea,2026-10-03T19:37:45+00:00,50.500,2.000,beat,2.000,beat,-2.000,-0.000,False,0.500,0.546,0.046,False
1b9022c4-faee-59d2-97ad-1fab94f02339,2026-10-03T19:37:45+00:00,51.500,-1.000,lost,-1.000,lost,-1.000,0.000,False,0.500,0.486,-0.014,False
40c0145a-fc8d-5834-bafc-b1734fa63ba9,2026-10-03T19:37:45+00:00,46.500,2.000,beat,2.000,beat,2.000,0.000,False,0.500,0.554,0.054,False
43f191d3-f13d-5d66-88e9-831f56072067,2026-10-03T19:37:45+00:00,10.500,5.000,beat,5.000,beat,-5.000,-0.000,False,0.500,0.628,0.128,False
56c2a1bc-b164-5e09-879c-272194cbe93a,2026-10-03T19:37:45+00:00,48.500,0.000,push,0.000,push,0.000,0.000,False,0.500,0.511,0.011,False
627539f3-cfa1-5c20-9d33-24f09d6298d5,2026-10-03T19:37:45+00:00,1.500,-3.000,lost,-3.000,lost,3.000,-0.000,False,0.500,0.412,-0.088,False
6485bab8-abd8-5804-9073-2561a01d43c6,2026-10-03T19:37:45+00:00,46.500,0.000,push,0.000,push,0.000,0.000,False,0.500,0.511,0.011,False
651bbed4-0cdc-5939-b3dc-892bdfe9d6ec,2026-10-03T19:37:45+00:00,-5.500,-2.000,lost,-2.000,lost,2.000,-0.000,False,0.500,0.444,-0.056,False
6c20d59a-9d8f-5f3a-a98e-a2ca4dbdf253,2026-10-03T19:37:45+00:00,-3.500,-2.000,lost,-2.000,lost,2.000,-0.000,False,0.500,0.444,-0.056,False
71bd957a-3286-531b-b73d-9f82c2c45a46,2026-10-03T19:37:45+00:00,7.000,-1.500,lost,-1.500,lost,1.500,-0.000,False,0.500,0.471,-0.029,False
7273202b-d309-56de-86ad-c4028d501c07,2026-10-03T19:37:45+00:00,5.500,-3.000,lost,-3.000,lost,3.000,-0.000,False,0.500,0.422,-0.078,False
72edb106-5230-5179-833f-901b0a6b7e90,2026-10-03T19:37:45+00:00,1.500,0.000,push,0.000,push,0.000,0.000,False,0.496,0.483,-0.013,False
734bd4c4-9937-51a4-a91e-f3d63a629592,2026-10-03T19:37:45+00:00,44.500,-3.000,lost,-3.000,lost,-3.000,0.000,False,0.500,0.408,-0.092,False
8580f35c-4322-5d42-a857-6ed55592fd61,2026-10-03T19:37:45+00:00,54.500,4.000,beat,3.000,beat,-3.000,-1.000,False,0.500,0.610,0.110,False
8f9de56d-56b1-51f8-afa0-4c3689b4c70a,2026-10-03T19:37:45+00:00,17.500,3.500,beat,3.500,beat,-3.500,-0.000,False,0.511,0.593,0.082,False
97a1a534-cfa5-5c86-a34f-4714a0d85f59,2026-10-03T19:37:45+00:00,6.000,-1.500,lost,-1.500,lost,-1.500,0.000,False,0.511,0.461,-0.050,False
b1bb9c78-4a41-5720-a1ab-8977ce397188,2026-10-03T19:37:45+00:00,-14.500,-0.500,lost,-0.500,lost,-0.500,0.000,False,0.500,0.487,-0.013,False
b3182d7e-389a-5bbd-aa76-f94502ce896c,2026-10-03T19:37:45+00:00,51.500,1.000,beat,1.000,beat,-1.000,-0.000,False,0.496,0.514,0.019,False
ccdf0939-126a-595b-ac16-e90421592de4,2026-10-03T19:37:45+00:00,51.500,0.000,push,0.000,push,0.000,0.000,False,0.500,0.511,0.011,False
dc9f6ecd-7d05-5404-8d44-69237386bec3,2026-10-03T19:37:45+00:00,56.500,3.000,beat,3.000,beat,-3.000,-0.000,False,0.500,0.579,0.079,False
e93c57b9-6018-5134-9e14-dabc7384a65c,2026-10-03T19:37:45+00:00,41.500,9.000,beat,9.000,beat,-9.000,-0.000,False,0.500,0.718,0.218,False
f6f198ef-d020-5ff4-a7e9-20f558d9f6cb,2026-10-03T19:37:45+00:00,-1.500,0.000,push,0.000,push,0.000,0.000,False,0.500,0.517,0.017,False
300c73e1-f606-560f-8096-8b95f2a459d9,2026-10-03T19:52:47+00:00,57.500,-3.000,lost,-4.000,lost,4.000,-1.000,False,0.500,0.421,-0.079,False
3f8eb77c-2c38-5a0a-bfde-3e8d7f79f6b5,2026-10-03T19:52:47+00:00,15.500,2.000,beat,2.000,beat,2.000,0.000,False,0.511,0.552,0.041,False
b0b90e3a-a4a0-5796-8a3f-8f136ccdafe3,2026-10-03T19:52:47+00:00,55.500,-0.000,push,-0.000,push,0.000,-0.000,False,0.500,0.511,0.011,False
e18164b5-7407-5c9f-9db5-cd33d3cddf32,2026-10-03T19:52:47+00:00,-5.500,-2.500,lost,-3.000,lost,-3.000,-0.500,False,0.489,0.433,-0.056,False
3ca71e06-9ca9-55bc-a135-4aa9b5f8e3e9,2026-10-03T20:07:47+00:00,23.500,-2.500,lost,-2.500,lost,2.500,-0.000,False,0.500,0.433,-0.067,False
7f6f72da-0387-5364-bc93-3051839f43c7,2026-10-03T20:07:47+00:00,47.500,6.000,beat,6.000,beat,-6.000,-0.000,False,0.500,0.627,0.127,False
8ef0b3b3-98f1-55c7-8e7e-7582b5195249,2026-10-03T20:07:47+00:00,15.500,-3.000,lost,-3.000,lost,3.000,-0.000,False,0.500,0.427,-0.073,False
ea1fd749-e7d3-55dc-8423-2849ffb956a4,2026-10-03T20:07:47+00:00,52.500,-1.000,lost,-1.000,lost,-1.000,0.000,False,0.500,0.475,-0.025,False
3d3741e0-af21-5e8d-8d79-a687d480ccbb,2026-10-03T20:22:35+00:00,2.500,3.500,beat,4.500,beat,-4.500,1.000,True,0.500,0.588,0.088,False
6f704c59-48d5-5193-bc81-7ee2dfea9a46,2026-10-03T20:22:35+00:00,62.500,2.000,beat,2.000,beat,2.000,0.000,False,0.500,0.539,0.039,False
c003dedb-02c2-52ed-bade-7bd5571ae52f,2026-10-03T20:22:35+00:00,52.500,-3.000,lost,-3.000,lost,3.000,-0.000,False,0.500,0.421,-0.079,False
ce00d3f9-6305-5ce7-9ff7-fdc22522cc3c,2026-10-03T20:22:35+00:00,10.000,0.000,push,0.000,push,0.000,0.000,False,0.500,0.489,-0.011,False
26735ac4-5c00-52b6-87a9-7faa17237f33,2026-10-03T22:22:41+00:00,-7.000,3.500,beat,3.500,beat,-3.500,-0.000,False,0.500,0.586,0.086,False
344dc942-f4d2-51a7-a98e-a6157b8735e0,2026-10-03T22:22:41+00:00,60.500,1.000,beat,1.000,beat,1.000,0.000,False,0.500,0.536,0.036,False
18de920c-b876-52e3-a511-f8f405af9dfd,2026-10-03T23:07:46+00:00,57.500,2.000,beat,2.000,beat,2.000,0.000,False,0.500,0.550,0.050,True
4f589813-dd90-57d5-9bdf-f479f9520201,2026-10-03T23:07:46+00:00,13.500,1.000,beat,1.000,beat,-1.000,-0.000,False,0.500,0.522,0.022,False
5f76e9e1-a7a6-5ff4-a666-1c10df3bd4b1,2026-10-03T23:07:46+00:00,13.500,1.000,beat,1.000,beat,-1.000,-0.000,False,0.500,0.526,0.026,False
60c65eb6-7799-5666-87e5-ffdd93295c33,2026-10-03T23:07:46+00:00,53.500,1.000,beat,1.000,beat,1.000,0.000,False,0.500,0.525,0.025,False
c53c8a24-3ad1-5806-bd21-3db6d524bc58,2026-10-03T23:07:46+00:00,48.500,-4.000,lost,-4.000,lost,-4.000,0.000,False,0.500,0.411,-0.089,False
d432e7f2-68cf-5b69-a21b-abbd0fca49ff,2026-10-03T23:07:46+00:00,-5.500,-0.000,push,-0.000,push,0.000,-0.000,False,0.500,0.496,-0.004,False
e2ef2681-f7c1-5355-9e73-6e4b4653deed,2026-10-03T23:07:46+00:00,50.500,1.000,beat,1.000,beat,-1.000,-0.000,False,0.500,0.529,0.029,False
e97ebcfb-6993-5838-8c6e-b59daefc4e44,2026-10-03T23:07:46+00:00,56.500,-4.000,lost,-4.000,lost,4.000,-0.000,False,0.496,0.396,-0.099,False
f1b62602-596b-55ca-bc34-f11128d646a6,2026-10-03T23:07:46+00:00,-2.500,4.000,beat,4.000,beat,-4.000,-0.000,False,0.511,0.620,0.109,False
f96b366e-7679-5e93-8c2e-9ce0d3eacd97,2026-10-03T23:07:46+00:00,-12.500,0.000,push,0.000,push,0.000,0.000,False,0.500,0.511,0.011,False
