sport,market,sigma,point,factor
ncaaf,margin,15.443,-80.000,1.000
ncaaf,margin,15.443,-79.000,1.000
ncaaf,margin,15.443,-78.000,1.000
ncaaf,margin,15.443,-77.000,1.000
ncaaf,margin,15.443,-76.000,1.000
ncaaf,margin,15.443,-75.000,1.000
ncaaf,margin,15.443,-74.000,1.000
ncaaf,margin,15.443,-73.000,1.000
ncaaf,margin,15.443,-72.000,1.000
ncaaf,margin,15.443,-71.000,1.000
ncaaf,margin,15.443,-70.000,1.000
ncaaf,margin,15.443,-69.000,1.000
ncaaf,margin,15.443,-68.000,1.000
ncaaf,margin,15.443,-67.000,1.000
ncaaf,margin,15.443,-66.000,1.000
ncaaf,margin,15.443,-65.000,1.000
ncaaf,margin,15.443,-64.000,1.000
ncaaf,margin,15.443,-63.000,1.000
ncaaf,margin,15.443,-62.000,1.000
ncaaf,margin,15.443,-61.000,1.000
ncaaf,margin,15.443,-60.000,1.000
ncaaf,margin,15.443,-59.000,1.000
ncaaf,margin,15.443,-58.000,1.000
ncaaf,margin,15.443,-57.000,1.000
ncaaf,margin,15.443,-56.000,1.000
ncaaf,margin,15.443,-55.000,1.000
ncaaf,margin,15.443,-54.000,1.000
ncaaf,margin,15.443,-53.000,1.000
ncaaf,margin,15.443,-52.000,1.000
ncaaf,margin,15.443,-51.000,1.000
ncaaf,margin,15.443,-50.000,1.000
ncaaf,margin,15.443,-49.000,1.000
ncaaf,margin,15.443,-48.000,1.000
ncaaf,margin,15.443,-47.000,1.000
ncaaf,margin,15.443,-46.000,1.000
ncaaf,margin,15.443,-45.000,1.000
ncaaf,margin,15.443,-44.000,1.000
ncaaf,margin,15.443,-43.000,1.000
ncaaf,margin,15.443,-42.000,1.000
ncaaf,margin,15.443,-41.000,1.000
ncaaf,margin,15.443,-40.000,1.000
ncaaf,margin,15.443,-39.000,1.000
ncaaf,margin,15.443,-38.000,1.000
ncaaf,margin,15.443,-37.000,1.000
ncaaf,margin,15.443,-36.000,1.000
ncaaf,margin,15.443,-35.000,1.000
ncaaf,margin,15.443,-34.000,1.000
ncaaf,margin,15.443,-33.000,1.000
ncaaf,margin,15.443,-32.000,1.000
ncaaf,margin,15.443,-31.000,1.000
ncaaf,margin,15.443,-30.000,1.000
ncaaf,margin,15.443,-29.000,1.000
ncaaf,margin,15.443,-28.000,1.444
ncaaf,margin,15.443,-27.000,0.996
ncaaf,margin,15.443,-26.000,0.688
ncaaf,margin,15.443,-25.000,1.059
ncaaf,margin,15.443,-24.000,1.609
ncaaf,margin,15.443,-23.000,0.538
ncaaf,margin,15.443,-22.000,0.525
ncaaf,margin,15.443,-21.000,1.556
ncaaf,margin,15.443,-20.000,0.769
ncaaf,margin,15.443,-19.000,0.642
ncaaf,margin,15.443,-18.000,1.009
ncaaf,margin,15.443,-17.000,1.369
ncaaf,margin,15.443,-16.000,0.507
ncaaf,margin,15.443,-15.000,0.498
ncaaf,margin,15.443,-14.000,1.071
ncaaf,margin,15.443,-13.000,0.660
ncaaf,margin,15.443,-12.000,0.463
ncaaf,margin,15.443,-11.000,0.600
ncaaf,margin,15.443,-10.000,1.318
ncaaf,margin,15.443,-9.000,0.352
ncaaf,margin,15.443,-8.000,0.749
ncaaf,margin,15.443,-7.000,2.301
ncaaf,margin,15.443,-6.000,0.844
ncaaf,margin,15.443,-5.000,0.637
ncaaf,margin,15.443,-4.000,0.859
ncaaf,margin,15.443,-3.000,2.572
ncaaf,margin,15.443,-2.000,0.691
ncaaf,margin,15.443,-1.000,0.935
ncaaf,margin,15.443,0.000,0.000
ncaaf,margin,15.443,1.000,0.847
ncaaf,margin,15.443,2.000,0.870
ncaaf,margin,15.443,3.000,2.853
ncaaf,margin,15.443,4.000,1.052
ncaaf,margin,15.443,5.000,0.652
ncaaf,margin,15.443,6.000,0.895
ncaaf,margin,15.443,7.000,2.427
ncaaf,margin,15.443,8.000,0.817
ncaaf,margin,15.443,9.000,0.409
ncaaf,margin,15.443,10.000,1.409
ncaaf,margin,15.443,11.000,0.756
ncaaf,margin,15.443,12.000,0.471
ncaaf,margin,15.443,13.000,0.522
ncaaf,margin,15.443,14.000,1.594
ncaaf,margin,15.443,15.000,0.657
ncaaf,margin,15.443,16.000,0.487
ncaaf,margin,15.443,17.000,1.393
ncaaf,margin,15.443,18.000,0.850
ncaaf,margin,15.443,19.000,0.721
ncaaf,margin,15.443,20.000,0.571
ncaaf,margin,15.443,21.000,1.716
ncaaf,margin,15.443,22.000,0.785
ncaaf,margin,15.443,23.000,0.719
ncaaf,margin,15.443,24.000,1.385
ncaaf,margin,15.443,25.000,0.869
ncaaf,margin,15.443,26.000,0.564
ncaaf,margin,15.443,27.000,0.874
ncaaf,margin,15.443,28.000,1.975
ncaaf,margin,15.443,29.000,1.000
ncaaf,margin,15.443,30.000,1.000
ncaaf,margin,15.443,31.000,1.000
ncaaf,margin,15.443,32.000,1.000
ncaaf,margin,15.443,33.000,1.000
ncaaf,margin,15.443,34.000,1.000
ncaaf,margin,15.443,35.000,1.000
ncaaf,margin,15.443,36.000,1.000
ncaaf,margin,15.443,37.000,1.000
ncaaf,margin,15.443,38.000,1.000
ncaaf,margin,15.443,39.000,1.000
ncaaf,margin,15.443,40.000,1.000
ncaaf,margin,15.443,41.000,1.000
ncaaf,margin,15.443,42.000,1.000
ncaaf,margin,15.443,43.000,1.000
ncaaf,margin,15.443,44.000,1.000
ncaaf,margin,15.443,45.000,1.000
ncaaf,margin,15.443,46.000,1.000
ncaaf,margin,15.443,47.000,1.000
ncaaf,margin,15.443,48.000,1.000
ncaaf,margin,15.443,49.000,1.000
ncaaf,margin,15.443,50.000,1.000
ncaaf,margin,15.443,51.000,1.000
ncaaf,margin,15.443,52.000,1.000
ncaaf,margin,15.443,53.000,1.000
ncaaf,margin,15.443,54.000,1.000
ncaaf,margin,15.443,55.000,1.000
ncaaf,margin,15.443,56.000,1.000
ncaaf,margin,15.443,57.000,1.000
ncaaf,margin,15.443,58.000,1.000
ncaaf,margin,15.443,59.000,1.000
ncaaf,margin,15.443,60.000,1.000
ncaaf,margin,15.443,61.000,1.000
ncaaf,margin,15.443,62.000,1.000
ncaaf,margin,15.443,63.000,1.000
ncaaf,margin,15.443,64.000,1.000
ncaaf,margin,15.443,65.000,1.000
ncaaf,margin,15.443,66.000,1.000
ncaaf,margin,15.443,67.000,1.000
ncaaf,margin,15.443,68.000,1.000
ncaaf,margin,15.443,69.000,1.000
ncaaf,margin,15.443,70.000,1.000
ncaaf,margin,15.443,71.000,1.000
ncaaf,margin,15.443,72.000,1.000
ncaaf,margin,15.443,73.000,1.000
ncaaf,margin,15.443,74.000,1.000
ncaaf,margin,15.443,75.000,1.000
ncaaf,margin,15.443,76.000,1.000
ncaaf,margin,15.443,77.000,1.000
ncaaf,margin,15.443,78.000,1.000
ncaaf,margin,15.443,79.000,1.000
ncaaf,margin,15.443,80.000,1.000
ncaaf,total,16.000,,
nfl,margin,12.982,-80.000,1.000
nfl,margin,12.982,-79.000,1.000
nfl,margin,12.982,-78.000,1.000
nfl,margin,12.982,-77.000,1.000
nfl,margin,12.982,-76.000,1.000
nfl,margin,12.982,-75.000,1.000
nfl,margin,12.982,-74.000,1.000
nfl,margin,12.982,-73.000,1.000
nfl,margin,12.982,-72.000,1.000
nfl,margin,12.982,-71.000,1.000
nfl,margin,12.982,-70.000,1.000
nfl,margin,12.982,-69.000,1.000
nfl,margin,12.982,-68.000,1.000
nfl,margin,12.982,-67.000,1.000
nfl,margin,12.982,-66.000,1.000
nfl,margin,12.982,-65.000,1.000
nfl,margin,12.982,-64.000,1.000
nfl,margin,12.982,-63.000,1.000
nfl,margin,12.982,-62.000,1.000
nfl,margin,12.982,-61.000,1.000
nfl,margin,12.982,-60.000,1.000
nfl,margin,12.982,-59.000,1.000
nfl,margin,12.982,-58.000,1.000
nfl,margin,12.982,-57.000,1.000
nfl,margin,12.982,-56.000,1.000
nfl,margin,12.982,-55.000,1.000
nfl,margin,12.982,-54.000,1.000
nfl,margin,12.982,-53.000,1.000
nfl,margin,12.982,-52.000,1.000
nfl,margin,12.982,-51.000,1.000
nfl,margin,12.982,-50.000,1.000
nfl,margin,12.982,-49.000,1.000
nfl,margin,12.982,-48.000,1.000
nfl,margin,12.982,-47.000,1.000
nfl,margin,12.982,-46.000,1.000
nfl,margin,12.982,-45.000,1.000
nfl,margin,12.982,-44.000,1.000
nfl,margin,12.982,-43.000,1.000
nfl,margin,12.982,-42.000,1.000
nfl,margin,12.982,-41.000,1.000
nfl,margin,12.982,-40.000,1.000
nfl,margin,12.982,-39.000,1.000
nfl,margin,12.982,-38.000,1.000
nfl,margin,12.982,-37.000,1.000
nfl,margin,12.982,-36.000,1.000
nfl,margin,12.982,-35.000,1.000
nfl,margin,12.982,-34.000,1.000
nfl,margin,12.982,-33.000,1.000
nfl,margin,12.982,-32.000,1.000
nfl,margin,12.982,-31.000,1.000
nfl,margin,12.982,-30.000,1.000
nfl,margin,12.982,-29.000,1.000
nfl,margin,12.982,-28.000,1.899
nfl,margin,12.982,-27.000,0.827
nfl,margin,12.982,-26.000,0.596
nfl,margin,12.982,-25.000,0.938
nfl,margin,12.982,-24.000,1.602
nfl,margin,12.982,-23.000,0.970
nfl,margin,12.982,-22.000,0.538
nfl,margin,12.982,-21.000,1.182
nfl,margin,12.982,-20.000,0.916
nfl,margin,12.982,-19.000,0.541
nfl,margin,12.982,-18.000,0.816
nfl,margin,12.982,-17.000,1.314
nfl,margin,12.982,-16.000,0.910
nfl,margin,12.982,-15.000,0.516
nfl,margin,12.982,-14.000,1.575
nfl,margin,12.982,-13.000,0.669
nfl,margin,12.982,-12.000,0.397
nfl,margin,12.982,-11.000,0.504
nfl,margin,12.982,-10.000,1.098
nfl,margin,12.982,-9.000,0.271
nfl,margin,12.982,-8.000,0.795
nfl,margin,12.982,-7.000,1.881
nfl,margin,12.982,-6.000,1.271
nfl,margin,12.982,-5.000,0.800
nfl,margin,12.982,-4.000,1.005
nfl,margin,12.982,-3.000,2.580
nfl,margin,12.982,-2.000,0.811
nfl,margin,12.982,-1.000,0.815
nfl,margin,12.982,0.000,0.115
nfl,margin,12.982,1.000,0.799
nfl,margin,12.982,2.000,0.823
nfl,margin,12.982,3.000,2.745
nfl,margin,12.982,4.000,0.866
nfl,margin,12.982,5.000,0.733
nfl,margin,12.982,6.000,1.373
nfl,margin,12.982,7.000,1.700
nfl,margin,12.982,8.000,0.935
nfl,margin,12.982,9.000,0.384
nfl,margin,12.982,10.000,1.205
nfl,margin,12.982,11.000,0.553
nfl,margin,12.982,12.000,0.502
nfl,margin,12.982,13.000,0.587
nfl,margin,12.982,14.000,1.365
nfl,margin,12.982,15.000,0.514
nfl,margin,12.982,16.000,0.718
nfl,margin,12.982,17.000,1.149
nfl,margin,12.982,18.000,0.995
nfl,margin,12.982,19.000,0.424
nfl,margin,12.982,20.000,0.963
nfl,margin,12.982,21.000,1.286
nfl,margin,12.982,22.000,0.650
nfl,margin,12.982,23.000,0.718
nfl,margin,12.982,24.000,1.425
nfl,margin,12.982,25.000,0.891
nfl,margin,12.982,26.000,1.036
nfl,margin,12.982,27.000,1.128
nfl,margin,12.982,28.000,1.871
nfl,margin,12.982,29.000,1.000
nfl,margin,12.982,30.000,1.000
nfl,margin,12.982,31.000,1.000
nfl,margin,12.982,32.000,1.000
nfl,margin,12.982,33.000,1.000
nfl,margin,12.982,34.000,1.000
nfl,margin,12.982,35.000,1.000
nfl,margin,12.982,36.000,1.000
nfl,margin,12.982,37.000,1.000
nfl,margin,12.982,38.000,1.000
nfl,margin,12.982,39.000,1.000
nfl,margin,12.982,40.000,1.000
nfl,margin,12.982,41.000,1.000
nfl,margin,12.982,42.000,1.000
nfl,margin,12.982,43.000,1.000
nfl,margin,12.982,44.000,1.000
nfl,margin,12.982,45.000,1.000
nfl,margin,12.982,46.000,1.000
nfl,margin,12.982,47.000,1.000
nfl,margin,12.982,48.000,1.000
nfl,margin,12.982,49.000,1.000
nfl,margin,12.982,50.000,1.000
nfl,margin,12.982,51.000,1.000
nfl,margin,12.982,52.000,1.000
nfl,margin,12.982,53.000,1.000
nfl,margin,12.982,54.000,1.000
nfl,margin,12.982,55.000,1.000
nfl,margin,12.982,56.000,1.000
nfl,margin,12.982,57.000,1.000
nfl,margin,12.982,58.000,1.000
nfl,margin,12.982,59.000,1.000
nfl,margin,12.982,60.000,1.000
nfl,margin,12.982,61.000,1.000
nfl,margin,12.982,62.000,1.000
nfl,margin,12.982,63.000,1.000
nfl,margin,12.982,64.000,1.000
nfl,margin,12.982,65.000,1.000
nfl,margin,12.982,66.000,1.000
nfl,margin,12.982,67.000,1.000
nfl,margin,12.982,68.000,1.000
nfl,margin,12.982,69.000,1.000
nfl,margin,12.982,70.000,1.000
nfl,margin,12.982,71.000,1.000
nfl,margin,12.982,72.000,1.000
nfl,margin,12.982,73.000,1.000
nfl,margin,12.982,74.000,1.000
nfl,margin,12.982,75.000,1.000
nfl,margin,12.982,76.000,1.000
nfl,margin,12.982,77.000,1.000
nfl,margin,12.982,78.000,1.000
nfl,margin,12.982,79.000,1.000
nfl,margin,12.982,80.000,1.000
nfl,total,13.076,,
