sport,game_id,kickoff,model,home_margin,home_win_prob,as_of,fetched_at,detail
ncaaf,401856704,2026-09-26T16:00Z,elo,-4.233,,2026-09-26T15:13:49.142330+00:00,2026-09-26T15:13:49.142330+00:00,"Elo 1771 home, 1935 away"
ncaaf,401856704,2026-09-26T16:00Z,fpi,-7.192,0.301,2026-09-26T11:00Z,2026-09-26T15:13:49.142330+00:00,
ncaaf,401856704,2026-09-26T16:00Z,sp_plus,-1.400,,2026-09-26T15:13:49.142330+00:00,2026-09-26T15:13:49.142330+00:00,"SP+ 20.2 home, 24.1 away"
ncaaf,401856805,2026-09-26T16:00Z,elo,30.933,,2026-09-26T15:13:49.142330+00:00,2026-09-26T15:13:49.142330+00:00,"Elo 1841 home, 1161 away"
ncaaf,401856805,2026-09-26T16:00Z,fpi,28.618,0.966,2026-09-26T11:00Z,2026-09-26T15:13:49.142330+00:00,
ncaaf,401856805,2026-09-26T16:00Z,sp_plus,37.300,,2026-09-26T15:13:49.142330+00:00,2026-09-26T15:13:49.142330+00:00,"SP+ 18.5 home, -16.3 away"
ncaaf,401856813,2026-09-26T16:00Z,elo,11.100,,2026-09-26T15:13:49.142330+00:00,2026-09-26T15:13:49.142330+00:00,"Elo 1534 home, 1330 away"
ncaaf,401856813,2026-09-26T16:00Z,fpi,11.731,0.798,2026-09-26T11:00Z,2026-09-26T15:13:49.142330+00:00,
ncaaf,401856813,2026-09-26T16:00Z,sp_plus,10.500,,2026-09-26T15:13:49.142330+00:00,2026-09-26T15:13:49.142330+00:00,"SP+ 6.8 home, -1.2 away"
ncaaf,401858236,2026-09-26T16:00Z,fpi,49.777,0.997,2026-09-26T11:00Z,2026-09-26T15:13:49.142330+00:00,
ncaaf,401858242,2026-09-26T16:00Z,elo,-1.942,,2026-09-26T15:13:49.142330+00:00,2026-09-26T15:13:49.142330+00:00,"Elo 1380 home, 1489 away"
ncaaf,401858242,2026-09-26T16:00Z,fpi,-15.478,0.140,2026-09-26T11:00Z,2026-09-26T15:13:49.142330+00:00,
ncaaf,401858242,2026-09-26T16:00Z,sp_plus,-14.800,,2026-09-26T15:13:49.142330+00:00,2026-09-26T15:13:49.142330+00:00,"SP+ -4.9 home, 12.4 away"
ncaaf,401858243,2026-09-26T16:00Z,elo,9.933,,2026-09-26T15:13:49.142330+00:00,2026-09-26T15:13:49.142330+00:00,"Elo 1690 home, 1514 away"
ncaaf,401858243,2026-09-26T16:00Z,fpi,11.863,0.801,2026-09-26T11:00Z,2026-09-26T15:13:49.142330+00:00,
ncaaf,401858243,2026-09-26T16:00Z,sp_plus,12.200,,2026-09-26T15:13:49.142330+00:00,2026-09-26T15:13:49.142330+00:00,"SP+ 13.3 home, 3.6 away"
ncaaf,401858465,2026-09-26T16:00Z,elo,21.058,,2026-09-26T15:13:49.142330+00:00,2026-09-26T15:13:49.142330+00:00,"Elo 2032 home, 1589 away"
ncaaf,401858465,2026-09-26T16:00Z,fpi,25.365,0.952,2026-09-26T11:00Z,2026-09-26T15:13:49.142330+00:00,
ncaaf,401858465,2026-09-26T16:00Z,sp_plus,21.100,,2026-09-26T15:13:49.142330+00:00,2026-09-26T15:13:49.142330+00:00,"SP+ 29.7 home, 11.1 away"
ncaaf,401860893,2026-09-26T16:00Z,elo,6.475,,2026-09-26T15:13:49.142330+00:00,2026-09-26T15:13:49.142330+00:00,"Elo 1561 home, 1468 away"
ncaaf,401860893,2026-09-26T16:00Z,fpi,5.584,0.658,2026-09-26T11:00Z,2026-09-26T15:13:49.142330+00:00,
ncaaf,401860893,2026-09-26T16:00Z,sp_plus,-0.400,,2026-09-26T15:13:49.142330+00:00,2026-09-26T15:13:49.142330+00:00,"SP+ -5.4 home, -2.5 away"
ncaaf,401860896,2026-09-26T16:00Z,elo,10.058,,2026-09-26T15:13:49.142330+00:00,2026-09-26T15:13:49.142330+00:00,"Elo 1506 home, 1327 away"
ncaaf,401860896,2026-09-26T16:00Z,fpi,7.560,0.708,2026-09-26T11:00Z,2026-09-26T15:13:49.142330+00:00,
ncaaf,401860896,2026-09-26T16:00Z,sp_plus,7.700,,2026-09-26T15:13:49.142330+00:00,2026-09-26T15:13:49.142330+00:00,"SP+ -1.4 home, -6.6 away"
ncaaf,401864512,2026-09-26T16:00Z,elo,-21.692,,2026-09-26T15:13:49.142330+00:00,2026-09-26T15:13:49.142330+00:00,"Elo 897 home, 1480 away"
ncaaf,401864512,2026-09-26T16:00Z,fpi,-9.807,0.240,2026-09-26T11:00Z,2026-09-26T15:13:49.142330+00:00,
ncaaf,401864512,2026-09-26T16:00Z,sp_plus,-15.000,,2026-09-26T15:13:49.142330+00:00,2026-09-26T15:13:49.142330+00:00,"SP+ -20.8 home, -3.3 away"
ncaaf,401866425,2026-09-26T16:00Z,elo,-0.483,,2026-09-26T15:13:49.142330+00:00,2026-09-26T15:13:49.142330+00:00,"Elo 1007 home, 1081 away"
ncaaf,401866425,2026-09-26T16:00Z,fpi,-0.035,0.499,2026-09-26T11:00Z,2026-09-26T15:13:49.142330+00:00,
ncaaf,401866425,2026-09-26T16:00Z,sp_plus,2.000,,2026-09-26T15:13:49.142330+00:00,2026-09-26T15:13:49.142330+00:00,"SP+ -24.8 home, -24.3 away"
ncaaf,401864576,2026-09-26T16:45Z,elo,7.308,,2026-09-26T15:13:49.142330+00:00,2026-09-26T15:13:49.142330+00:00,"Elo 1506 home, 1393 away"
ncaaf,401864576,2026-09-26T16:45Z,fpi,19.268,0.906,2026-09-26T11:00Z,2026-09-26T15:13:49.142330+00:00,
ncaaf,401864576,2026-09-26T16:45Z,sp_plus,21.100,,2026-09-26T15:13:49.142330+00:00,2026-09-26T15:13:49.142330+00:00,"SP+ 6.5 home, -12.1 away"
ncaaf,401866427,2026-09-26T17:00Z,fpi,15.125,0.855,2026-09-26T11:00Z,2026-09-26T15:13:49.142330+00:00,
ncaaf,401858462,2026-09-26T17:30Z,elo,1.433,,2026-09-26T15:13:49.142330+00:00,2026-09-26T15:13:49.142330+00:00,"Elo 1474 home, 1502 away"
ncaaf,401858462,2026-09-26T17:30Z,fpi,2.691,0.578,2026-09-26T11:00Z,2026-09-26T15:13:49.142330+00:00,
ncaaf,401858462,2026-09-26T17:30Z,sp_plus,1.400,,2026-09-26T15:13:49.142330+00:00,2026-09-26T15:13:49.142330+00:00,"SP+ 7.9 home, 9.0 away"
ncaaf,401858467,2026-09-26T18:00Z,elo,-28.650,,2026-09-26T15:13:49.142330+00:00,2026-09-26T15:13:49.142330+00:00,"Elo 1311 home, 2061 away"
ncaaf,401858467,2026-09-26T18:00Z,fpi,-27.964,0.036,2026-09-26T11:00Z,2026-09-26T15:13:49.142330+00:00,
ncaaf,401858467,2026-09-26T18:00Z,sp_plus,-26.300,,2026-09-26T15:13:49.142330+00:00,2026-09-26T15:13:49.142330+00:00,"SP+ -2.1 home, 26.7 away"
ncaaf,401864511,2026-09-26T18:00Z,elo,4.017,,2026-09-26T15:13:49.142330+00:00,2026-09-26T15:13:49.142330+00:00,"Elo 1274 home, 1240 away"
ncaaf,401864511,2026-09-26T18:00Z,fpi,11.341,0.791,2026-09-26T11:00Z,2026-09-26T15:13:49.142330+00:00,
ncaaf,401864511,2026-09-26T18:00Z,sp_plus,2.600,,2026-09-26T15:13:49.142330+00:00,2026-09-26T15:13:49.142330+00:00,"SP+ -19.6 home, -19.7 away"
ncaaf,401858237,2026-09-26T19:00Z,fpi,41.928,0.993,2026-09-26T11:00Z,2026-09-26T15:13:49.142330+00:00,
ncaaf,401864510,2026-09-26T19:00Z,elo,-4.233,,2026-09-26T15:13:49.142330+00:00,2026-09-26T15:13:49.142330+00:00,"Elo 1268 home, 1432 away"
ncaaf,401864510,2026-09-26T19:00Z,fpi,-7.143,0.302,2026-09-26T11:00Z,2026-09-26T15:13:49.142330+00:00,
ncaaf,401864510,2026-09-26T19:00Z,sp_plus,-5.400,,2026-09-26T15:13:49.142330+00:00,2026-09-26T15:13:49.142330+00:00,"SP+ -15.0 home, -7.1 away"
ncaaf,401856699,2026-09-26T19:30Z,elo,-5.358,,2026-09-26T15:13:49.142330+00:00,2026-09-26T15:13:49.142330+00:00,"Elo 1668 home, 1859 away"
ncaaf,401856699,2026-09-26T19:30Z,fpi,1.073,0.531,2026-09-26T11:00Z,2026-09-26T15:13:49.142330+00:00,
ncaaf,401856699,2026-09-26T19:30Z,sp_plus,4.700,,2026-09-26T15:13:49.142330+00:00,2026-09-26T15:13:49.142330+00:00,"SP+ 17.8 home, 15.6 away"
ncaaf,401856700,2026-09-26T19:30Z,elo,10.517,,2026-09-26T15:13:49.142330+00:00,2026-09-26T15:13:49.142330+00:00,"Elo 1972 home, 1782 away"
ncaaf,401856700,2026-09-26T19:30Z,fpi,13.730,0.834,2026-09-26T11:00Z,2026-09-26T15:13:49.142330+00:00,
ncaaf,401856700,2026-09-26T19:30Z,sp_plus,13.100,,2026-09-26T15:13:49.142330+00:00,2026-09-26T15:13:49.142330+00:00,"SP+ 28.2 home, 17.6 away"
ncaaf,401856815,2026-09-26T19:30Z,elo,-3.567,,2026-09-26T15:13:49.142330+00:00,2026-09-26T15:13:49.142330+00:00,"Elo 1481 home, 1629 away"
ncaaf,401856815,2026-09-26T19:30Z,fpi,0.584,0.517,2026-09-26T11:00Z,2026-09-26T15:13:49.142330+00:00,
ncaaf,401856815,2026-09-26T19:30Z,sp_plus,-3.200,,2026-09-26T15:13:49.142330+00:00,2026-09-26T15:13:49.142330+00:00,"SP+ 5.5 home, 11.2 away"
ncaaf,401856816,2026-09-26T19:30Z,elo,-6.733,,2026-09-26T15:13:49.142330+00:00,2026-09-26T15:13:49.142330+00:00,"Elo 1683 home, 1907 away"
ncaaf,401856816,2026-09-26T19:30Z,fpi,-9.755,0.241,2026-09-26T11:00Z,2026-09-26T15:13:49.142330+00:00,
ncaaf,401856816,2026-09-26T19:30Z,sp_plus,-8.700,,2026-09-26T15:13:49.142330+00:00,2026-09-26T15:13:49.142330+00:00,"SP+ 5.8 home, 17.0 away"
ncaaf,401858244,2026-09-26T19:30Z,fpi,40.202,0.991,2026-09-26T11:00Z,2026-09-26T15:13:49.142330+00:00,
ncaaf,401858463,2026-09-26T19:30Z,elo,-1.983,,2026-09-26T15:13:49.142330+00:00,2026-09-26T15:13:49.142330+00:00,"Elo 1735 home, 1845 away"
ncaaf,401858463,2026-09-26T19:30Z,fpi,5.297,0.651,2026-09-26T11:00Z,2026-09-26T15:13:49.142330+00:00,
ncaaf,401858463,2026-09-26T19:30Z,sp_plus,0.300,,2026-09-26T15:13:49.142330+00:00,2026-09-26T15:13:49.142330+00:00,"SP+ 15.1 home, 17.3 away"
ncaaf,401860897,2026-09-26T19:30Z,elo,-1.150,,2026-09-26T15:13:49.142330+00:00,2026-09-26T15:13:49.142330+00:00,"Elo 1519 home, 1609 away"
ncaaf,401860897,2026-09-26T19:30Z,fpi,-4.941,0.359,2026-09-26T11:00Z,2026-09-26T15:13:49.142330+00:00,
ncaaf,401860897,2026-09-26T19:30Z,sp_plus,-7.000,,2026-09-26T15:13:49.142330+00:00,2026-09-26T15:13:49.142330+00:00,"SP+ -2.6 home, 6.9 away"
ncaaf,401861970,2026-09-26T19:30Z,elo,-6.192,,2026-09-26T15:13:49.142330+00:00,2026-09-26T15:13:49.142330+00:00,"Elo 1263 home, 1474 away"
ncaaf,401861970,2026-09-26T19:30Z,fpi,-0.093,0.497,2026-09-26T11:00Z,2026-09-26T15:13:49.142330+00:00,
ncaaf,401861970,2026-09-26T19:30Z,sp_plus,1.700,,2026-09-26T15:13:49.142330+00:00,2026-09-26T15:13:49.142330+00:00,"SP+ -6.0 home, -5.2 away"
ncaaf,401864579,2026-09-26T19:30Z,elo,-9.817,,2026-09-26T15:13:49.142330+00:00,2026-09-26T15:13:49.142330+00:00,"Elo 1261 home, 1559 away"
ncaaf,401864579,2026-09-26T19:30Z,fpi,-15.092,0.145,2026-09-26T11:00Z,2026-09-26T15:13:49.142330+00:00,
ncaaf,401864579,2026-09-26T19:30Z,sp_plus,-18.000,,2026-09-26T15:13:49.142330+00:00,2026-09-26T15:13:49.142330+00:00,"SP+ -15.7 home, 4.8 away"
ncaaf,401866426,2026-09-26T19:30Z,fpi,24.796,0.948,2026-09-26T11:00Z,2026-09-26T15:13:49.142330+00:00,
ncaaf,401866428,2026-09-26T19:30Z,fpi,29.067,0.968,2026-09-26T11:00Z,2026-09-26T15:13:49.142330+00:00,
ncaaf,401868188,2026-09-26T19:30Z,fpi,14.770,0.850,2026-09-26T11:00Z,2026-09-26T15:13:49.142330+00:00,
ncaaf,401856806,2026-09-26T20:00Z,elo,-4.067,,2026-09-26T15:13:49.142330+00:00,2026-09-26T15:13:49.142330+00:00,"Elo 1358 home, 1518 away"
ncaaf,401856806,2026-09-26T20:00Z,fpi,-16.695,0.124,2026-09-26T11:00Z,2026-09-26T15:13:49.142330+00:00,
ncaaf,401856806,2026-09-26T20:00Z,sp_plus,-16.000,,2026-09-26T15:13:49.142330+00:00,2026-09-26T15:13:49.142330+00:00,"SP+ -7.7 home, 10.8 away"
ncaaf,401862781,2026-09-26T20:00Z,fpi,30.640,0.973,2026-09-26T11:00Z,2026-09-26T15:13:49.142330+00:00,
ncaaf,401856698,2026-09-26T20:15Z,elo,-0.483,,2026-09-26T15:13:49.142330+00:00,2026-09-26T15:13:49.142330+00:00,"Elo 1668 home, 1742 away"
ncaaf,401856698,2026-09-26T20:15Z,fpi,9.485,0.753,2026-09-26T11:00Z,2026-09-26T15:13:49.142330+00:00,
ncaaf,401856698,2026-09-26T20:15Z,sp_plus,4.400,,2026-09-26T15:13:49.142330+00:00,2026-09-26T15:13:49.142330+00:00,"SP+ 11.6 home, 9.7 away"
ncaaf,401858464,2026-09-26T21:00Z,elo,-4.400,,2026-09-26T15:13:49.142330+00:00,2026-09-26T15:13:49.142330+00:00,"Elo 1537 home, 1705 away"
ncaaf,401858464,2026-09-26T21:00Z,fpi,-7.845,0.285,2026-09-26T11:00Z,2026-09-26T15:13:49.142330+00:00,
ncaaf,401858464,2026-09-26T21:00Z,sp_plus,-9.700,,2026-09-26T15:13:49.142330+00:00,2026-09-26T15:13:49.142330+00:00,"SP+ 2.3 home, 14.5 away"
ncaaf,401858466,2026-09-26T21:00Z,elo,17.308,,2026-09-26T15:13:49.142330+00:00,2026-09-26T15:13:49.142330+00:00,"Elo 1933 home, 1580 away"
ncaaf,401858466,2026-09-26T21:00Z,fpi,16.643,0.876,2026-09-26T11:00Z,2026-09-26T15:13:49.142330+00:00,
ncaaf,401858466,2026-09-26T21:00Z,sp_plus,16.500,,2026-09-26T15:13:49.142330+00:00,2026-09-26T15:13:49.142330+00:00,"SP+ 19.1 home, 5.1 away"
ncaaf,401862785,2026-09-26T21:00Z,elo,-20.067,,2026-09-26T15:13:49.142330+00:00,2026-09-26T15:13:49.142330+00:00,"Elo 1132 home, 1676 away"
ncaaf,401862785,2026-09-26T21:00Z,fpi,-22.364,0.068,2026-09-26T11:00Z,2026-09-26T15:13:49.142330+00:00,
ncaaf,401862785,2026-09-26T21:00Z,sp_plus,-21.400,,2026-09-26T15:13:49.142330+00:00,2026-09-26T15:13:49.142330+00:00,"SP+ -22.0 home, 1.9 away"
ncaaf,401858239,2026-09-26T22:00Z,elo,10.850,,2026-09-26T15:13:49.142330+00:00,2026-09-26T15:13:49.142330+00:00,"Elo 1612 home, 1414 away"
ncaaf,401858239,2026-09-26T22:00Z,fpi,16.625,0.875,2026-09-26T11:00Z,2026-09-26T15:13:49.142330+00:00,
ncaaf,401858239,2026-09-26T22:00Z,sp_plus,21.100,,2026-09-26T15:13:49.142330+00:00,2026-09-26T15:13:49.142330+00:00,"SP+ 10.5 home, -8.1 away"
ncaaf,401860892,2026-09-26T22:00Z,fpi,17.733,0.889,2026-09-26T11:00Z,2026-09-26T15:13:49.142330+00:00,
ncaaf,401867909,2026-09-26T22:00Z,fpi,27.844,0.963,2026-09-26T11:00Z,2026-09-26T15:13:49.142330+00:00,
ncaaf,401869961,2026-09-26T22:00Z,elo,-17.483,,2026-09-26T15:13:49.142330+00:00,2026-09-26T15:13:49.142330+00:00,"Elo 1295 home, 1777 away"
ncaaf,401869961,2026-09-26T22:00Z,fpi,-9.600,0.245,2026-09-26T11:00Z,2026-09-26T15:13:49.142330+00:00,
ncaaf,401869961,2026-09-26T22:00Z,sp_plus,-10.700,,2026-09-26T15:13:49.142330+00:00,2026-09-26T15:13:49.142330+00:00,"SP+ -7.0 home, 6.2 away"
ncaaf,401858238,2026-09-26T22:30Z,elo,27.767,,2026-09-26T15:13:49.142330+00:00,2026-09-26T15:13:49.142330+00:00,"Elo 1895 home, 1291 away"
ncaaf,401858238,2026-09-26T22:30Z,fpi,45.669,0.995,2026-09-26T11:00Z,2026-09-26T15:13:49.142330+00:00,
ncaaf,401858238,2026-09-26T22:30Z,sp_plus,40.600,,2026-09-26T15:13:49.142330+00:00,2026-09-26T15:13:49.142330+00:00,"SP+ 23.2 home, -14.9 away"
ncaaf,401862780,2026-09-26T22:30Z,elo,-6.900,,2026-09-26T15:13:49.142330+00:00,2026-09-26T15:13:49.142330+00:00,"Elo 1169 home, 1397 away"
ncaaf,401862780,2026-09-26T22:30Z,fpi,-7.546,0.292,2026-09-26T11:00Z,2026-09-26T15:13:49.142330+00:00,
ncaaf,401862780,2026-09-26T22:30Z,sp_plus,-14.400,,2026-09-26T15:13:49.142330+00:00,2026-09-26T15:13:49.142330+00:00,"SP+ -24.1 home, -7.2 away"
ncaaf,401856696,2026-09-26T23:00Z,elo,8.517,,2026-09-26T15:13:49.142330+00:00,2026-09-26T15:13:49.142330+00:00,"Elo 1863 home, 1721 away"
ncaaf,401856696,2026-09-26T23:00Z,fpi,13.011,0.822,2026-09-26T11:00Z,2026-09-26T15:13:49.142330+00:00,
ncaaf,401856696,2026-09-26T23:00Z,sp_plus,9.000,,2026-09-26T15:13:49.142330+00:00,2026-09-26T15:13:49.142330+00:00,"SP+ 19.5 home, 13.0 away"
ncaaf,401856814,2026-09-26T23:00Z,elo,-4.900,,2026-09-26T15:13:49.142330+00:00,2026-09-26T15:13:49.142330+00:00,"Elo 1512 home, 1692 away"
ncaaf,401856814,2026-09-26T23:00Z,fpi,-2.866,0.417,2026-09-26T11:00Z,2026-09-26T15:13:49.142330+00:00,
ncaaf,401856814,2026-09-26T23:00Z,sp_plus,-3.900,,2026-09-26T15:13:49.142330+00:00,2026-09-26T15:13:49.142330+00:00,"SP+ 8.0 home, 14.4 away"
ncaaf,401856881,2026-09-26T23:00Z,elo,8.183,,2026-09-26T15:13:49.142330+00:00,2026-09-26T15:13:49.142330+00:00,"Elo 1408 home, 1274 away"
ncaaf,401856881,2026-09-26T23:00Z,fpi,2.917,0.585,2026-09-26T11:00Z,2026-09-26T15:13:49.142330+00:00,
ncaaf,401856881,2026-09-26T23:00Z,sp_plus,-2.400,,2026-09-26T15:13:49.142330+00:00,2026-09-26T15:13:49.142330+00:00,"SP+ 3.8 home, 8.7 away"
ncaaf,401862784,2026-09-26T23:00Z,elo,14.933,,2026-09-26T15:13:49.142330+00:00,2026-09-26T15:13:49.142330+00:00,"Elo 1520 home, 1224 away"
ncaaf,401862784,2026-09-26T23:00Z,fpi,15.228,0.857,2026-09-26T11:00Z,2026-09-26T15:13:49.142330+00:00,
ncaaf,401862784,2026-09-26T23:00Z,sp_plus,16.000,,2026-09-26T15:13:49.142330+00:00,2026-09-26T15:13:49.142330+00:00,"SP+ -5.6 home, -19.1 away"
ncaaf,401869931,2026-09-26T23:00Z,elo,4.017,,2026-09-26T15:13:49.142330+00:00,2026-09-26T15:13:49.142330+00:00,"Elo 1319 home, 1285 away"
ncaaf,401869931,2026-09-26T23:00Z,fpi,3.114,0.590,2026-09-26T11:00Z,2026-09-26T15:13:49.142330+00:00,
ncaaf,401869931,2026-09-26T23:00Z,sp_plus,5.500,,2026-09-26T15:13:49.142330+00:00,2026-09-26T15:13:49.142330+00:00,"SP+ -9.5 home, -12.5 away"
ncaaf,401870745,2026-09-26T23:00Z,fpi,26.689,0.958,2026-09-26T11:00Z,2026-09-26T15:13:49.142330+00:00,
ncaaf,401871048,2026-09-26T23:00Z,elo,7.975,,2026-09-26T15:13:49.142330+00:00,2026-09-26T15:13:49.142330+00:00,"Elo 1427 home, 1298 away"
ncaaf,401871048,2026-09-26T23:00Z,fpi,6.646,0.686,2026-09-26T11:00Z,2026-09-26T15:13:49.142330+00:00,
ncaaf,401871048,2026-09-26T23:00Z,sp_plus,18.200,,2026-09-26T15:13:49.142330+00:00,2026-09-26T15:13:49.142330+00:00,"SP+ -3.2 home, -18.9 away"
ncaaf,401856702,2026-09-26T23:30Z,elo,1.017,,2026-09-26T15:13:49.142330+00:00,2026-09-26T15:13:49.142330+00:00,"Elo 1786 home, 1824 away"
ncaaf,401856702,2026-09-26T23:30Z,fpi,4.501,0.629,2026-09-26T11:00Z,2026-09-26T15:13:49.142330+00:00,
ncaaf,401856702,2026-09-26T23:30Z,sp_plus,4.500,,2026-09-26T15:13:49.142330+00:00,2026-09-26T15:13:49.142330+00:00,"SP+ 20.3 home, 18.3 away"
ncaaf,401856804,2026-09-26T23:30Z,elo,-1.608,,2026-09-26T15:13:49.142330+00:00,2026-09-26T15:13:49.142330+00:00,"Elo 1533 home, 1634 away"
ncaaf,401856804,2026-09-26T23:30Z,fpi,-10.483,0.226,2026-09-26T11:00Z,2026-09-26T15:13:49.142330+00:00,
ncaaf,401856804,2026-09-26T23:30Z,sp_plus,-12.900,,2026-09-26T15:13:49.142330+00:00,2026-09-26T15:13:49.142330+00:00,"SP+ -5.6 home, 9.8 away"
ncaaf,401858469,2026-09-26T23:30Z,elo,2.850,,2026-09-26T15:13:49.142330+00:00,2026-09-26T15:13:49.142330+00:00,"Elo 1817 home, 1811 away"
ncaaf,401858469,2026-09-26T23:30Z,fpi,-1.092,0.468,2026-09-26T11:00Z,2026-09-26T15:13:49.142330+00:00,
ncaaf,401858469,2026-09-26T23:30Z,sp_plus,-0.300,,2026-09-26T15:13:49.142330+00:00,2026-09-26T15:13:49.142330+00:00,"SP+ 21.6 home, 24.4 away"
ncaaf,401860894,2026-09-26T23:30Z,elo,-0.442,,2026-09-26T15:13:49.142330+00:00,2026-09-26T15:13:49.142330+00:00,"Elo 1348 home, 1421 away"
ncaaf,401860894,2026-09-26T23:30Z,fpi,0.790,0.523,2026-09-26T11:00Z,2026-09-26T15:13:49.142330+00:00,
ncaaf,401860894,2026-09-26T23:30Z,sp_plus,-0.600,,2026-09-26T15:13:49.142330+00:00,2026-09-26T15:13:49.142330+00:00,"SP+ -9.3 home, -6.2 away"
ncaaf,401862783,2026-09-26T23:30Z,fpi,28.068,0.964,2026-09-26T11:00Z,2026-09-26T15:13:49.142330+00:00,
ncaaf,401864572,2026-09-26T23:30Z,elo,10.350,,2026-09-26T15:13:49.142330+00:00,2026-09-26T15:13:49.142330+00:00,"Elo 1510 home, 1324 away"
ncaaf,401864572,2026-09-26T23:30Z,fpi,9.387,0.750,2026-09-26T11:00Z,2026-09-26T15:13:49.142330+00:00,
ncaaf,401864572,2026-09-26T23:30Z,sp_plus,13.800,,2026-09-26T15:13:49.142330+00:00,2026-09-26T15:13:49.142330+00:00,"SP+ 5.0 home, -6.3 away"
ncaaf,401856703,2026-09-26T23:45Z,elo,1.475,,2026-09-26T15:13:49.142330+00:00,2026-09-26T15:13:49.142330+00:00,"Elo 1663 home, 1690 away"
ncaaf,401856703,2026-09-26T23:45Z,fpi,6.202,0.674,2026-09-26T11:00Z,2026-09-26T15:13:49.142330+00:00,
ncaaf,401856703,2026-09-26T23:45Z,sp_plus,-0.500,,2026-09-26T15:13:49.142330+00:00,2026-09-26T15:13:49.142330+00:00,"SP+ 12.0 home, 15.0 away"
ncaaf,401856697,2026-09-27T00:00Z,elo,10.725,,2026-09-26T15:13:49.142330+00:00,2026-09-26T15:13:49.142330+00:00,"Elo 1466 home, 1271 away"
ncaaf,401856697,2026-09-27T00:00Z,fpi,1.404,0.541,2026-09-26T11:00Z,2026-09-26T15:13:49.142330+00:00,
ncaaf,401856697,2026-09-27T00:00Z,sp_plus,3.400,,2026-09-26T15:13:49.142330+00:00,2026-09-26T15:13:49.142330+00:00,"SP+ -0.3 home, -1.2 away"
ncaaf,401862782,2026-09-27T00:00Z,elo,-4.233,,2026-09-26T15:13:49.142330+00:00,2026-09-26T15:13:49.142330+00:00,"Elo 1079 home, 1243 away"
ncaaf,401862782,2026-09-27T00:00Z,fpi,-9.369,0.250,2026-09-26T11:00Z,2026-09-26T15:13:49.142330+00:00,
ncaaf,401862782,2026-09-27T00:00Z,sp_plus,-18.100,,2026-09-26T15:13:49.142330+00:00,2026-09-26T15:13:49.142330+00:00,"SP+ -28.0 home, -7.4 away"
ncaaf,401858241,2026-09-27T01:00Z,elo,20.308,,2026-09-26T15:13:49.142330+00:00,2026-09-26T15:13:49.142330+00:00,"Elo 1706 home, 1281 away"
ncaaf,401858241,2026-09-27T01:00Z,fpi,29.369,0.969,2026-09-26T11:00Z,2026-09-26T15:13:49.142330+00:00,
ncaaf,401858241,2026-09-27T01:00Z,sp_plus,31.900,,2026-09-26T15:13:49.142330+00:00,2026-09-26T15:13:49.142330+00:00,"SP+ 12.0 home, -17.4 away"
ncaaf,401860895,2026-09-27T01:00Z,elo,-3.858,,2026-09-26T15:13:49.142330+00:00,2026-09-26T15:13:49.142330+00:00,"Elo 1130 home, 1285 away"
ncaaf,401860895,2026-09-27T01:00Z,fpi,-13.580,0.169,2026-09-26T11:00Z,2026-09-26T15:13:49.142330+00:00,
ncaaf,401860895,2026-09-27T01:00Z,sp_plus,-14.700,,2026-09-26T15:13:49.142330+00:00,2026-09-26T15:13:49.142330+00:00,"SP+ -19.7 home, -2.5 away"
ncaaf,401866429,2026-09-27T01:00Z,elo,11.808,,2026-09-26T15:13:49.142330+00:00,2026-09-26T15:13:49.142330+00:00,"Elo 1297 home, 1076 away"
ncaaf,401866429,2026-09-27T01:00Z,fpi,-9.819,0.240,2026-09-26T11:00Z,2026-09-26T15:13:49.142330+00:00,
ncaaf,401866429,2026-09-27T01:00Z,sp_plus,1.500,,2026-09-26T15:13:49.142330+00:00,2026-09-26T15:13:49.142330+00:00,"SP+ -20.9 home, -19.9 away"
ncaaf,401860891,2026-09-27T02:00Z,elo,21.308,,2026-09-26T15:13:49.142330+00:00,2026-09-26T15:13:49.142330+00:00,"Elo 1611 home, 1162 away"
ncaaf,401860891,2026-09-27T02:00Z,fpi,17.358,0.885,2026-09-26T11:00Z,2026-09-26T15:13:49.142330+00:00,
ncaaf,401860891,2026-09-27T02:00Z,sp_plus,17.000,,2026-09-26T15:13:49.142330+00:00,2026-09-26T15:13:49.142330+00:00,"SP+ -0.4 home, -14.9 away"
ncaaf,401858240,2026-09-27T02:30Z,elo,-5.900,,2026-09-26T15:13:49.142330+00:00,2026-09-26T15:13:49.142330+00:00,"Elo 1311 home, 1515 away"
ncaaf,401858240,2026-09-27T02:30Z,fpi,-6.517,0.318,2026-09-26T11:00Z,2026-09-26T15:13:49.142330+00:00,
ncaaf,401858240,2026-09-27T02:30Z,sp_plus,-9.300,,2026-09-26T15:13:49.142330+00:00,2026-09-26T15:13:49.142330+00:00,"SP+ -7.4 home, 4.4 away"
ncaaf,401864509,2026-09-27T02:30Z,elo,3.350,,2026-09-26T15:13:49.142330+00:00,2026-09-26T15:13:49.142330+00:00,"Elo 1441 home, 1423 away"
ncaaf,401864509,2026-09-27T02:30Z,fpi,-1.135,0.467,2026-09-26T11:00Z,2026-09-26T15:13:49.142330+00:00,
ncaaf,401864509,2026-09-27T02:30Z,sp_plus,-4.300,,2026-09-26T15:13:49.142330+00:00,2026-09-26T15:13:49.142330+00:00,"SP+ -9.6 home, -2.8 away"
ncaaf,401858470,2026-09-27T03:00Z,elo,13.975,,2026-09-26T15:13:49.142330+00:00,2026-09-26T15:13:49.142330+00:00,"Elo 1757 home, 1484 away"
ncaaf,401858470,2026-09-27T03:00Z,fpi,8.612,0.733,2026-09-26T11:00Z,2026-09-26T15:13:49.142330+00:00,
ncaaf,401858470,2026-09-27T03:00Z,sp_plus,9.400,,2026-09-26T15:13:49.142330+00:00,2026-09-26T15:13:49.142330+00:00,"SP+ 12.8 home, 5.9 away"
ncaaf,401871049,2026-10-02T00:00Z,elo,2.142,,2026-10-01T15:36:21.898170+00:00,2026-10-01T15:36:21.898170+00:00,"Elo 1231 home, 1242 away"
ncaaf,401871049,2026-10-02T00:00Z,fpi,0.459,0.513,2026-10-01T11:00Z,2026-10-01T15:36:21.898170+00:00,
ncaaf,401871049,2026-10-02T00:00Z,sp_plus,1.100,,2026-10-01T15:36:21.898170+00:00,2026-10-01T15:36:21.898170+00:00,"SP+ -17.8 home, -16.4 away"
ncaaf,401862786,2026-10-02T01:00Z,elo,-15.108,,2026-10-01T15:36:21.898170+00:00,2026-10-01T15:36:21.898170+00:00,"Elo 1221 home, 1646 away"
ncaaf,401862786,2026-10-02T01:00Z,fpi,-3.140,0.409,2026-10-01T11:00Z,2026-10-01T15:36:21.898170+00:00,
ncaaf,401862786,2026-10-02T01:00Z,sp_plus,4.800,,2026-10-01T15:36:21.898170+00:00,2026-10-01T15:36:21.898170+00:00,"SP+ -3.4 home, -5.7 away"
ncaaf,401858245,2026-10-02T23:00Z,elo,-4.942,,2026-10-02T14:53:54.422801+00:00,2026-10-02T14:53:54.422801+00:00,"Elo 1494 home, 1675 away"
ncaaf,401858245,2026-10-02T23:00Z,fpi,-2.672,0.422,2026-10-02T11:00Z,2026-10-02T14:53:54.422801+00:00,
ncaaf,401858245,2026-10-02T23:00Z,sp_plus,0.100,,2026-10-02T14:53:54.422801+00:00,2026-10-02T14:53:54.422801+00:00,"SP+ 12.3 home, 14.7 away"
ncaaf,401871050,2026-10-02T23:00Z,elo,-13.942,,2026-10-02T14:53:54.422801+00:00,2026-10-02T14:53:54.422801+00:00,"Elo 1328 home, 1725 away"
ncaaf,401871050,2026-10-02T23:00Z,fpi,-5.347,0.348,2026-10-02T11:00Z,2026-10-02T14:53:54.422801+00:00,
ncaaf,401871050,2026-10-02T23:00Z,sp_plus,-10.700,,2026-10-02T14:53:54.422801+00:00,2026-10-02T14:53:54.422801+00:00,"SP+ -10.7 home, 2.5 away"
ncaaf,401858476,2026-10-03T00:00Z,elo,-8.275,,2026-10-02T14:53:54.422801+00:00,2026-10-02T14:53:54.422801+00:00,"Elo 1640 home, 1901 away"
ncaaf,401858476,2026-10-03T00:00Z,fpi,-2.085,0.439,2026-10-02T11:00Z,2026-10-02T14:53:54.422801+00:00,
ncaaf,401858476,2026-10-03T00:00Z,sp_plus,-7.100,,2026-10-02T14:53:54.422801+00:00,2026-10-02T14:53:54.422801+00:00,"SP+ 7.3 home, 16.9 away"
ncaaf,401862787,2026-10-03T15:00Z,elo,-14.192,,2026-10-03T13:30:44.168809+00:00,2026-10-03T13:30:44.168809+00:00,"Elo 1123 home, 1526 away"
ncaaf,401862787,2026-10-03T15:00Z,fpi,-18.318,0.104,2026-10-03T11:00Z,2026-10-03T13:30:44.168809+00:00,
ncaaf,401862787,2026-10-03T15:00Z,sp_plus,-27.100,,2026-10-03T13:30:44.168809+00:00,2026-10-03T13:30:44.168809+00:00,"SP+ -27.3 home, 2.3 away"
ncaaf,401856707,2026-10-03T16:00Z,elo,-8.025,,2026-10-03T13:30:44.168809+00:00,2026-10-03T13:30:44.168809+00:00,"Elo 1674 home, 1929 away"
ncaaf,401856707,2026-10-03T16:00Z,fpi,-9.049,0.257,2026-10-03T11:00Z,2026-10-03T13:30:44.168809+00:00,
ncaaf,401856707,2026-10-03T16:00Z,sp_plus,-5.400,,2026-10-03T13:30:44.168809+00:00,2026-10-03T13:30:44.168809+00:00,"SP+ 15.1 home, 23.0 away"
ncaaf,401856807,2026-10-03T16:00Z,elo,10.558,,2026-10-03T13:30:44.168809+00:00,2026-10-03T13:30:44.168809+00:00,"Elo 1481 home, 1290 away"
ncaaf,401856807,2026-10-03T16:00Z,fpi,18.097,0.893,2026-10-03T11:00Z,2026-10-03T13:30:44.168809+00:00,
ncaaf,401856807,2026-10-03T16:00Z,sp_plus,19.500,,2026-10-03T13:30:44.168809+00:00,2026-10-03T13:30:44.168809+00:00,"SP+ 1.0 home, -16.0 away"
ncaaf,401856819,2026-10-03T16:00Z,elo,3.933,,2026-10-03T13:30:44.168809+00:00,2026-10-03T13:30:44.168809+00:00,"Elo 1535 home, 1503 away"
ncaaf,401856819,2026-10-03T16:00Z,fpi,8.204,0.724,2026-10-03T11:00Z,2026-10-03T13:30:44.168809+00:00,
ncaaf,401856819,2026-10-03T16:00Z,sp_plus,5.900,,2026-10-03T13:30:44.168809+00:00,2026-10-03T13:30:44.168809+00:00,"SP+ 12.1 home, 8.7 away"
ncaaf,401856822,2026-10-03T16:00Z,elo,15.933,,2026-10-03T13:30:44.168809+00:00,2026-10-03T13:30:44.168809+00:00,"Elo 1672 home, 1352 away"
ncaaf,401856822,2026-10-03T16:00Z,fpi,4.346,0.625,2026-10-03T11:00Z,2026-10-03T13:30:44.168809+00:00,
ncaaf,401856822,2026-10-03T16:00Z,sp_plus,4.500,,2026-10-03T13:30:44.168809+00:00,2026-10-03T13:30:44.168809+00:00,"SP+ 3.4 home, 1.4 away"
ncaaf,401858246,2026-10-03T16:00Z,elo,15.933,,2026-10-03T13:30:44.168809+00:00,2026-10-03T13:30:44.168809+00:00,"Elo 1695 home, 1375 away"
ncaaf,401858246,2026-10-03T16:00Z,fpi,18.346,0.896,2026-10-03T11:00Z,2026-10-03T13:30:44.168809+00:00,
ncaaf,401858246,2026-10-03T16:00Z,sp_plus,20.100,,2026-10-03T13:30:44.168809+00:00,2026-10-03T13:30:44.168809+00:00,"SP+ 13.0 home, -4.6 away"
ncaaf,401858250,2026-10-03T16:00Z,elo,-26.067,,2026-10-03T13:30:44.168809+00:00,2026-10-03T13:30:44.168809+00:00,"Elo 1396 home, 2084 away"
ncaaf,401858250,2026-10-03T16:00Z,fpi,-19.997,0.087,2026-10-03T11:00Z,2026-10-03T13:30:44.168809+00:00,
ncaaf,401858250,2026-10-03T16:00Z,sp_plus,-22.600,,2026-10-03T13:30:44.168809+00:00,2026-10-03T13:30:44.168809+00:00,"SP+ 3.0 home, 28.1 away"
ncaaf,401858251,2026-10-03T16:00Z,elo,10.808,,2026-10-03T13:30:44.168809+00:00,2026-10-03T13:30:44.168809+00:00,"Elo 1530 home, 1333 away"
ncaaf,401858251,2026-10-03T16:00Z,fpi,16.849,0.878,2026-10-03T11:00Z,2026-10-03T13:30:44.168809+00:00,
ncaaf,401858251,2026-10-03T16:00Z,sp_plus,14.600,,2026-10-03T13:30:44.168809+00:00,2026-10-03T13:30:44.168809+00:00,"SP+ 3.7 home, -8.4 away"
ncaaf,401858252,2026-10-03T16:00Z,elo,10.100,,2026-10-03T13:30:44.168809+00:00,2026-10-03T13:30:44.168809+00:00,"Elo 1470 home, 1290 away"
ncaaf,401858252,2026-10-03T16:00Z,fpi,-7.536,0.292,2026-10-03T11:00Z,2026-10-03T13:30:44.168809+00:00,
ncaaf,401858252,2026-10-03T16:00Z,sp_plus,0.000,,2026-10-03T13:30:44.168809+00:00,2026-10-03T13:30:44.168809+00:00,"SP+ -3.7 home, -1.2 away"
ncaaf,401858474,2026-10-03T16:00Z,elo,-7.108,,2026-10-03T13:30:44.168809+00:00,2026-10-03T13:30:44.168809+00:00,"Elo 1506 home, 1739 away"
ncaaf,401858474,2026-10-03T16:00Z,fpi,-9.642,0.244,2026-10-03T11:00Z,2026-10-03T13:30:44.168809+00:00,
ncaaf,401858474,2026-10-03T16:00Z,sp_plus,-5.300,,2026-10-03T13:30:44.168809+00:00,2026-10-03T13:30:44.168809+00:00,"SP+ 6.5 home, 14.3 away"
ncaaf,401862791,2026-10-03T16:00Z,elo,-0.608,,2026-10-03T13:30:44.168809+00:00,2026-10-03T13:30:44.168809+00:00,"Elo 1429 home, 1506 away"
ncaaf,401862791,2026-10-03T16:00Z,fpi,5.235,0.649,2026-10-03T11:00Z,2026-10-03T13:30:44.168809+00:00,
ncaaf,401862791,2026-10-03T16:00Z,sp_plus,2.800,,2026-10-03T13:30:44.168809+00:00,2026-10-03T13:30:44.168809+00:00,"SP+ -3.4 home, -3.7 away"
ncaaf,401858479,2026-10-03T16:30Z,elo,6.850,,2026-10-03T13:30:44.168809+00:00,2026-10-03T13:30:44.168809+00:00,"Elo 1612 home, 1510 away"
ncaaf,401858479,2026-10-03T16:30Z,fpi,5.793,0.664,2026-10-03T11:00Z,2026-10-03T13:30:44.168809+00:00,
ncaaf,401858479,2026-10-03T16:30Z,sp_plus,9.100,,2026-10-03T13:30:44.168809+00:00,2026-10-03T13:30:44.168809+00:00,"SP+ 6.9 home, 0.3 away"
ncaaf,401856705,2026-10-03T16:45Z,elo,14.767,,2026-10-03T13:30:44.168809+00:00,2026-10-03T13:30:44.168809+00:00,"Elo 2023 home, 1731 away"
ncaaf,401856705,2026-10-03T16:45Z,fpi,26.080,0.955,2026-10-03T11:00Z,2026-10-03T13:30:44.168809+00:00,
ncaaf,401856705,2026-10-03T16:45Z,sp_plus,25.200,,2026-10-03T13:30:44.168809+00:00,2026-10-03T13:30:44.168809+00:00,"SP+ 30.2 home, 7.5 away"
ncaaf,401866432,2026-10-03T17:00Z,elo,-4.692,,2026-10-03T13:30:44.168809+00:00,2026-10-03T13:30:44.168809+00:00,"Elo 1288 home, 1463 away"
ncaaf,401866432,2026-10-03T17:00Z,fpi,-14.819,0.149,2026-10-03T11:00Z,2026-10-03T13:30:44.168809+00:00,
ncaaf,401866432,2026-10-03T17:00Z,sp_plus,-7.500,,2026-10-03T13:30:44.168809+00:00,2026-10-03T13:30:44.168809+00:00,"SP+ -17.2 home, -7.2 away"
ncaaf,401866431,2026-10-03T18:00Z,elo,-20.942,,2026-10-03T13:30:44.168809+00:00,2026-10-03T13:30:44.168809+00:00,"Elo 1049 home, 1614 away"
ncaaf,401866431,2026-10-03T18:00Z,fpi,-23.122,0.062,2026-10-03T11:00Z,2026-10-03T13:30:44.168809+00:00,
ncaaf,401866431,2026-10-03T18:00Z,sp_plus,-22.800,,2026-10-03T13:30:44.168809+00:00,2026-10-03T13:30:44.168809+00:00,"SP+ -25.0 home, 0.3 away"
ncaaf,401856708,2026-10-03T19:30Z,elo,-0.400,,2026-10-03T13:30:44.168809+00:00,2026-10-03T13:30:44.168809+00:00,"Elo 1679 home, 1751 away"
ncaaf,401856708,2026-10-03T19:30Z,fpi,-7.258,0.299,2026-10-03T11:00Z,2026-10-03T13:30:44.168809+00:00,
ncaaf,401856708,2026-10-03T19:30Z,sp_plus,-2.300,,2026-10-03T13:30:44.168809+00:00,2026-10-03T13:30:44.168809+00:00,"SP+ 13.7 home, 18.5 away"
ncaaf,401856710,2026-10-03T19:30Z,elo,6.642,,2026-10-03T13:30:44.168809+00:00,2026-10-03T13:30:44.168809+00:00,"Elo 1776 home, 1679 away"
ncaaf,401856710,2026-10-03T19:30Z,fpi,7.681,0.711,2026-10-03T11:00Z,2026-10-03T13:30:44.168809+00:00,
ncaaf,401856710,2026-10-03T19:30Z,sp_plus,8.800,,2026-10-03T13:30:44.168809+00:00,2026-10-03T13:30:44.168809+00:00,"SP+ 17.7 home, 11.4 away"
ncaaf,401858247,2026-10-03T19:30Z,elo,8.975,,2026-10-03T13:30:44.168809+00:00,2026-10-03T13:30:44.168809+00:00,"Elo 1491 home, 1338 away"
ncaaf,401858247,2026-10-03T19:30Z,fpi,1.383,0.540,2026-10-03T11:00Z,2026-10-03T13:30:44.168809+00:00,
ncaaf,401858247,2026-10-03T19:30Z,sp_plus,3.300,,2026-10-03T13:30:44.168809+00:00,2026-10-03T13:30:44.168809+00:00,"SP+ -2.4 home, -3.2 away"
ncaaf,401858248,2026-10-03T19:30Z,elo,-4.067,,2026-10-03T13:30:44.168809+00:00,2026-10-03T13:30:44.168809+00:00,"Elo 1514 home, 1674 away"
ncaaf,401858248,2026-10-03T19:30Z,fpi,-6.234,0.325,2026-10-03T11:00Z,2026-10-03T13:30:44.168809+00:00,
ncaaf,401858248,2026-10-03T19:30Z,sp_plus,-4.000,,2026-10-03T13:30:44.168809+00:00,2026-10-03T13:30:44.168809+00:00,"SP+ 3.4 home, 9.9 away"
ncaaf,401858253,2026-10-03T19:30Z,elo,-3.442,,2026-10-03T13:30:44.168809+00:00,2026-10-03T13:30:44.168809+00:00,"Elo 1553 home, 1698 away"
ncaaf,401858253,2026-10-03T19:30Z,fpi,-2.100,0.439,2026-10-03T11:00Z,2026-10-03T13:30:44.168809+00:00,
ncaaf,401858253,2026-10-03T19:30Z,sp_plus,-6.200,,2026-10-03T13:30:44.168809+00:00,2026-10-03T13:30:44.168809+00:00,"SP+ 5.7 home, 14.4 away"
ncaaf,401858473,2026-10-03T19:30Z,elo,-5.858,,2026-10-03T13:30:44.168809+00:00,2026-10-03T13:30:44.168809+00:00,"Elo 1841 home, 2044 away"
ncaaf,401858473,2026-10-03T19:30Z,fpi,-13.492,0.170,2026-10-03T11:00Z,2026-10-03T13:30:44.168809+00:00,
ncaaf,401858473,2026-10-03T19:30Z,sp_plus,-11.500,,2026-10-03T13:30:44.168809+00:00,2026-10-03T13:30:44.168809+00:00,"SP+ 14.8 home, 28.8 away"
ncaaf,401862793,2026-10-03T19:30Z,fpi,20.034,0.913,2026-10-03T11:00Z,2026-10-03T13:30:44.168809+00:00,
ncaaf,401864515,2026-10-03T19:30Z,elo,13.933,,2026-10-03T13:30:44.168809+00:00,2026-10-03T13:30:44.168809+00:00,"Elo 1594 home, 1322 away"
ncaaf,401864515,2026-10-03T19:30Z,fpi,20.256,0.915,2026-10-03T11:00Z,2026-10-03T13:30:44.168809+00:00,
ncaaf,401864515,2026-10-03T19:30Z,sp_plus,23.000,,2026-10-03T13:30:44.168809+00:00,2026-10-03T13:30:44.168809+00:00,"SP+ 7.8 home, -12.7 away"
ncaaf,401866430,2026-10-03T19:30Z,elo,16.683,,2026-10-03T13:30:44.168809+00:00,2026-10-03T13:30:44.168809+00:00,"Elo 1224 home, 886 away"
ncaaf,401866430,2026-10-03T19:30Z,fpi,6.160,0.673,2026-10-03T11:00Z,2026-10-03T13:30:44.168809+00:00,
ncaaf,401866430,2026-10-03T19:30Z,sp_plus,6.900,,2026-10-03T13:30:44.168809+00:00,2026-10-03T13:30:44.168809+00:00,"SP+ -18.7 home, -23.1 away"
ncaaf,401866433,2026-10-03T19:30Z,elo,2.600,,2026-10-03T13:30:44.168809+00:00,2026-10-03T13:30:44.168809+00:00,"Elo 1188 home, 1188 away"
ncaaf,401866433,2026-10-03T19:30Z,fpi,13.496,0.830,2026-10-03T11:00Z,2026-10-03T13:30:44.168809+00:00,
ncaaf,401866433,2026-10-03T19:30Z,sp_plus,14.300,,2026-10-03T13:30:44.168809+00:00,2026-10-03T13:30:44.168809+00:00,"SP+ -6.2 home, -18.0 away"
ncaaf,401866434,2026-10-03T19:30Z,elo,-9.025,,2026-10-03T13:30:44.168809+00:00,2026-10-03T13:30:44.168809+00:00,"Elo 1039 home, 1318 away"
ncaaf,401866434,2026-10-03T19:30Z,fpi,-10.140,0.233,2026-10-03T11:00Z,2026-10-03T13:30:44.168809+00:00,
ncaaf,401866434,2026-10-03T19:30Z,sp_plus,-9.400,,2026-10-03T13:30:44.168809+00:00,2026-10-03T13:30:44.168809+00:00,"SP+ -22.4 home, -10.5 away"
ncaaf,401866477,2026-10-03T19:30Z,elo,7.225,,2026-10-03T13:30:44.168809+00:00,2026-10-03T13:30:44.168809+00:00,"Elo 1267 home, 1156 away"
ncaaf,401866477,2026-10-03T19:30Z,fpi,16.484,0.874,2026-10-03T11:00Z,2026-10-03T13:30:44.168809+00:00,
ncaaf,401866477,2026-10-03T19:30Z,sp_plus,24.600,,2026-10-03T13:30:44.168809+00:00,2026-10-03T13:30:44.168809+00:00,"SP+ -4.3 home, -26.4 away"
ncaaf,401869956,2026-10-03T19:30Z,elo,4.308,,2026-10-03T13:30:44.168809+00:00,2026-10-03T13:30:44.168809+00:00,"Elo 1320 home, 1279 away"
ncaaf,401869956,2026-10-03T19:30Z,fpi,5.130,0.646,2026-10-03T11:00Z,2026-10-03T13:30:44.168809+00:00,
ncaaf,401869956,2026-10-03T19:30Z,sp_plus,-0.800,,2026-10-03T13:30:44.168809+00:00,2026-10-03T13:30:44.168809+00:00,"SP+ -11.2 home, -7.9 away"
ncaaf,401869962,2026-10-03T19:45Z,elo,19.350,,2026-10-03T13:30:44.168809+00:00,2026-10-03T13:30:44.168809+00:00,"Elo 1793 home, 1391 away"
ncaaf,401869962,2026-10-03T19:45Z,fpi,22.771,0.935,2026-10-03T11:00Z,2026-10-03T13:30:44.168809+00:00,
ncaaf,401869962,2026-10-03T19:45Z,sp_plus,24.900,,2026-10-03T13:30:44.168809+00:00,2026-10-03T13:30:44.168809+00:00,"SP+ 9.9 home, -12.5 away"
ncaaf,401858475,2026-10-03T20:00Z,elo,19.933,,2026-10-03T13:30:44.168809+00:00,2026-10-03T13:30:44.168809+00:00,"Elo 1732 home, 1316 away"
ncaaf,401858475,2026-10-03T20:00Z,fpi,21.663,0.927,2026-10-03T11:00Z,2026-10-03T13:30:44.168809+00:00,
ncaaf,401858475,2026-10-03T20:00Z,sp_plus,15.500,,2026-10-03T13:30:44.168809+00:00,2026-10-03T13:30:44.168809+00:00,"SP+ 16.9 home, 3.9 away"
ncaaf,401864514,2026-10-03T20:00Z,elo,23.892,,2026-10-03T13:30:44.168809+00:00,2026-10-03T13:30:44.168809+00:00,"Elo 1589 home, 1078 away"
ncaaf,401864514,2026-10-03T20:00Z,fpi,29.208,0.969,2026-10-03T11:00Z,2026-10-03T13:30:44.168809+00:00,
ncaaf,401864514,2026-10-03T20:00Z,sp_plus,34.200,,2026-10-03T13:30:44.168809+00:00,2026-10-03T13:30:44.168809+00:00,"SP+ 7.7 home, -24.0 away"
ncaaf,401856709,2026-10-03T20:15Z,elo,6.850,,2026-10-03T13:30:44.168809+00:00,2026-10-03T13:30:44.168809+00:00,"Elo 1655 home, 1553 away"
ncaaf,401856709,2026-10-03T20:15Z,fpi,2.692,0.578,2026-10-03T11:00Z,2026-10-03T13:30:44.168809+00:00,
ncaaf,401856709,2026-10-03T20:15Z,sp_plus,2.000,,2026-10-03T13:30:44.168809+00:00,2026-10-03T13:30:44.168809+00:00,"SP+ 7.5 home, 8.0 away"
ncaaf,401858472,2026-10-03T20:15Z,elo,14.642,,2026-10-03T13:30:44.168809+00:00,2026-10-03T13:30:44.168809+00:00,"Elo 1577 home, 1288 away"
ncaaf,401858472,2026-10-03T20:15Z,fpi,12.419,0.811,2026-10-03T11:00Z,2026-10-03T13:30:44.168809+00:00,
ncaaf,401858472,2026-10-03T20:15Z,sp_plus,17.400,,2026-10-03T13:30:44.168809+00:00,2026-10-03T13:30:44.168809+00:00,"SP+ 8.5 home, -6.4 away"
ncaaf,401860899,2026-10-03T22:00Z,elo,1.642,,2026-10-03T13:30:44.168809+00:00,2026-10-03T13:30:44.168809+00:00,"Elo 1314 home, 1337 away"
ncaaf,401860899,2026-10-03T22:00Z,fpi,-3.856,0.389,2026-10-03T11:00Z,2026-10-03T13:30:44.168809+00:00,
ncaaf,401860899,2026-10-03T22:00Z,sp_plus,-6.000,,2026-10-03T13:30:44.168809+00:00,2026-10-03T13:30:44.168809+00:00,"SP+ -7.3 home, 1.2 away"
ncaaf,401862790,2026-10-03T22:00Z,fpi,33.094,0.980,2026-10-03T11:00Z,2026-10-03T13:30:44.168809+00:00,
ncaaf,401856711,2026-10-03T23:00Z,elo,12.017,,2026-10-03T13:30:44.168809+00:00,2026-10-03T13:30:44.168809+00:00,"Elo 1742 home, 1516 away"
ncaaf,401856711,2026-10-03T23:00Z,fpi,15.958,0.867,2026-10-03T11:00Z,2026-10-03T13:30:44.168809+00:00,
ncaaf,401856711,2026-10-03T23:00Z,sp_plus,11.700,,2026-10-03T13:30:44.168809+00:00,2026-10-03T13:30:44.168809+00:00,"SP+ 8.9 home, -0.3 away"
ncaaf,401856818,2026-10-03T23:00Z,elo,-0.942,,2026-10-03T13:30:44.168809+00:00,2026-10-03T13:30:44.168809+00:00,"Elo 1607 home, 1692 away"
ncaaf,401856818,2026-10-03T23:00Z,fpi,-7.431,0.295,2026-10-03T11:00Z,2026-10-03T13:30:44.168809+00:00,
ncaaf,401856818,2026-10-03T23:00Z,sp_plus,-5.600,,2026-10-03T13:30:44.168809+00:00,2026-10-03T13:30:44.168809+00:00,"SP+ 8.2 home, 16.3 away"
ncaaf,401862788,2026-10-03T23:00Z,elo,-11.983,,2026-10-03T13:30:44.168809+00:00,2026-10-03T13:30:44.168809+00:00,"Elo 1169 home, 1519 away"
ncaaf,401862788,2026-10-03T23:00Z,fpi,-12.417,0.189,2026-10-03T11:00Z,2026-10-03T13:30:44.168809+00:00,
ncaaf,401862788,2026-10-03T23:00Z,sp_plus,-11.600,,2026-10-03T13:30:44.168809+00:00,2026-10-03T13:30:44.168809+00:00,"SP+ -15.1 home, -1.0 away"
ncaaf,401869942,2026-10-03T23:00Z,elo,-0.358,,2026-10-03T13:30:44.168809+00:00,2026-10-03T13:30:44.168809+00:00,"Elo 1270 home, 1341 away"
ncaaf,401869942,2026-10-03T23:00Z,fpi,-2.308,0.433,2026-10-03T11:00Z,2026-10-03T13:30:44.168809+00:00,
ncaaf,401869942,2026-10-03T23:00Z,sp_plus,-0.300,,2026-10-03T13:30:44.168809+00:00,2026-10-03T13:30:44.168809+00:00,"SP+ -11.4 home, -8.6 away"
ncaaf,401871089,2026-10-03T23:00Z,elo,16.100,,2026-10-03T13:30:44.168809+00:00,2026-10-03T13:30:44.168809+00:00,"Elo 1346 home, 1022 away"
ncaaf,401871089,2026-10-03T23:00Z,fpi,18.784,0.901,2026-10-03T11:00Z,2026-10-03T13:30:44.168809+00:00,
ncaaf,401871089,2026-10-03T23:00Z,sp_plus,16.100,,2026-10-03T13:30:44.168809+00:00,2026-10-03T13:30:44.168809+00:00,"SP+ -15.4 home, -29.0 away"
ncaaf,401856821,2026-10-03T23:30Z,elo,-19.608,,2026-10-03T13:30:44.168809+00:00,2026-10-03T13:30:44.168809+00:00,"Elo 1327 home, 1860 away"
ncaaf,401856821,2026-10-03T23:30Z,fpi,-15.656,0.137,2026-10-03T11:00Z,2026-10-03T13:30:44.168809+00:00,
ncaaf,401856821,2026-10-03T23:30Z,sp_plus,-21.000,,2026-10-03T13:30:44.168809+00:00,2026-10-03T13:30:44.168809+00:00,"SP+ -3.3 home, 20.2 away"
ncaaf,401858249,2026-10-03T23:30Z,elo,-13.650,,2026-10-03T13:30:44.168809+00:00,2026-10-03T13:30:44.168809+00:00,"Elo 1572 home, 1962 away"
ncaaf,401858249,2026-10-03T23:30Z,fpi,-16.528,0.126,2026-10-03T11:00Z,2026-10-03T13:30:44.168809+00:00,
ncaaf,401858249,2026-10-03T23:30Z,sp_plus,-18.300,,2026-10-03T13:30:44.168809+00:00,2026-10-03T13:30:44.168809+00:00,"SP+ 4.9 home, 25.7 away"
ncaaf,401858478,2026-10-03T23:30Z,elo,4.642,,2026-10-03T13:30:44.168809+00:00,2026-10-03T13:30:44.168809+00:00,"Elo 1784 home, 1735 away"
ncaaf,401858478,2026-10-03T23:30Z,fpi,14.015,0.838,2026-10-03T11:00Z,2026-10-03T13:30:44.168809+00:00,
ncaaf,401858478,2026-10-03T23:30Z,sp_plus,8.200,,2026-10-03T13:30:44.168809+00:00,2026-10-03T13:30:44.168809+00:00,"SP+ 17.8 home, 12.1 away"
ncaaf,401860898,2026-10-03T23:30Z,elo,14.725,,2026-10-03T13:30:44.168809+00:00,2026-10-03T13:30:44.168809+00:00,"Elo 1665 home, 1374 away"
ncaaf,401860898,2026-10-03T23:30Z,fpi,21.213,0.923,2026-10-03T11:00Z,2026-10-03T13:30:44.168809+00:00,
ncaaf,401860898,2026-10-03T23:30Z,sp_plus,19.400,,2026-10-03T13:30:44.168809+00:00,2026-10-03T13:30:44.168809+00:00,"SP+ 7.6 home, -9.3 away"
ncaaf,401862792,2026-10-03T23:30Z,elo,15.767,,2026-10-03T13:30:44.168809+00:00,2026-10-03T13:30:44.168809+00:00,"Elo 1652 home, 1336 away"
ncaaf,401862792,2026-10-03T23:30Z,fpi,7.083,0.697,2026-10-03T11:00Z,2026-10-03T13:30:44.168809+00:00,
ncaaf,401862792,2026-10-03T23:30Z,sp_plus,12.500,,2026-10-03T13:30:44.168809+00:00,2026-10-03T13:30:44.168809+00:00,"SP+ 3.9 home, -6.1 away"
ncaaf,401869842,2026-10-03T23:30Z,elo,-3.525,,2026-10-03T13:30:44.168809+00:00,2026-10-03T13:30:44.168809+00:00,"Elo 1377 home, 1524 away"
ncaaf,401869842,2026-10-03T23:30Z,fpi,-0.261,0.492,2026-10-03T11:00Z,2026-10-03T13:30:44.168809+00:00,
ncaaf,401869842,2026-10-03T23:30Z,sp_plus,-6.500,,2026-10-03T13:30:44.168809+00:00,2026-10-03T13:30:44.168809+00:00,"SP+ -9.8 home, -0.8 away"
ncaaf,401856706,2026-10-03T23:45Z,fpi,53.829,0.998,2026-10-03T11:00Z,2026-10-03T13:30:44.168809+00:00,
ncaaf,401858477,2026-10-04T00:00Z,elo,-27.192,,2026-10-03T13:30:44.168809+00:00,2026-10-03T13:30:44.168809+00:00,"Elo 1391 home, 2106 away"
ncaaf,401858477,2026-10-04T00:00Z,fpi,-26.939,0.041,2026-10-03T11:00Z,2026-10-03T13:30:44.168809+00:00,
ncaaf,401858477,2026-10-04T00:00Z,sp_plus,-26.000,,2026-10-03T13:30:44.168809+00:00,2026-10-03T13:30:44.168809+00:00,"SP+ -1.6 home, 26.9 away"
ncaaf,401869932,2026-10-04T00:00Z,elo,7.725,,2026-10-03T13:30:44.168809+00:00,2026-10-03T13:30:44.168809+00:00,"Elo 1443 home, 1320 away"
ncaaf,401869932,2026-10-04T00:00Z,fpi,9.575,0.755,2026-10-03T11:00Z,2026-10-03T13:30:44.168809+00:00,
ncaaf,401869932,2026-10-04T00:00Z,sp_plus,9.000,,2026-10-03T13:30:44.168809+00:00,2026-10-03T13:30:44.168809+00:00,"SP+ -3.0 home, -9.5 away"
ncaaf,401860921,2026-10-04T01:30Z,elo,-0.858,,2026-10-03T13:30:44.168809+00:00,2026-10-03T13:30:44.168809+00:00,"Elo 1521 home, 1604 away"
ncaaf,401860921,2026-10-04T01:30Z,fpi,-4.069,0.383,2026-10-03T11:00Z,2026-10-03T13:30:44.168809+00:00,
ncaaf,401860921,2026-10-04T01:30Z,sp_plus,-6.500,,2026-10-03T13:30:44.168809+00:00,2026-10-03T13:30:44.168809+00:00,"SP+ -9.3 home, -0.3 away"
ncaaf,401856817,2026-10-04T02:30Z,elo,2.517,,2026-10-03T13:30:44.168809+00:00,2026-10-03T13:30:44.168809+00:00,"Elo 1535 home, 1537 away"
ncaaf,401856817,2026-10-04T02:30Z,fpi,-0.872,0.474,2026-10-03T11:00Z,2026-10-03T13:30:44.168809+00:00,
ncaaf,401856817,2026-10-04T02:30Z,sp_plus,-2.600,,2026-10-03T13:30:44.168809+00:00,2026-10-03T13:30:44.168809+00:00,"SP+ 3.0 home, 8.1 away"
ncaaf,401860900,2026-10-04T02:30Z,elo,-0.567,,2026-10-03T13:30:44.168809+00:00,2026-10-03T13:30:44.168809+00:00,"Elo 1415 home, 1491 away"
ncaaf,401860900,2026-10-04T02:30Z,fpi,-0.639,0.481,2026-10-03T11:00Z,2026-10-03T13:30:44.168809+00:00,
ncaaf,401860900,2026-10-04T02:30Z,sp_plus,-3.500,,2026-10-03T13:30:44.168809+00:00,2026-10-03T13:30:44.168809+00:00,"SP+ -7.8 home, -1.8 away"
ncaaf,401856820,2026-10-04T03:00Z,elo,7.642,,2026-10-03T13:30:44.168809+00:00,2026-10-03T13:30:44.168809+00:00,"Elo 1646 home, 1525 away"
ncaaf,401856820,2026-10-04T03:00Z,fpi,2.121,0.562,2026-10-03T11:00Z,2026-10-03T13:30:44.168809+00:00,
ncaaf,401856820,2026-10-04T03:00Z,sp_plus,4.000,,2026-10-03T13:30:44.168809+00:00,2026-10-03T13:30:44.168809+00:00,"SP+ 10.7 home, 9.2 away"
ncaaf,401864513,2026-10-04T03:59Z,elo,1.975,,2026-10-03T13:30:44.168809+00:00,2026-10-03T13:30:44.168809+00:00,"Elo 1378 home, 1393 away"
ncaaf,401864513,2026-10-04T03:59Z,fpi,6.136,0.673,2026-10-03T11:00Z,2026-10-03T13:30:44.168809+00:00,
ncaaf,401864513,2026-10-04T03:59Z,sp_plus,5.400,,2026-10-03T13:30:44.168809+00:00,2026-10-03T13:30:44.168809+00:00,"SP+ -12.2 home, -15.1 away"
ncaaf,401871090,2026-10-07T00:00Z,elo,9.600,,2026-10-03T13:30:44.168809+00:00,2026-10-03T13:30:44.168809+00:00,"Elo 1395 home, 1227 away"
ncaaf,401871090,2026-10-07T00:00Z,fpi,5.497,0.656,2026-10-03T11:00Z,2026-10-03T13:30:44.168809+00:00,
ncaaf,401871090,2026-10-07T00:00Z,sp_plus,12.100,,2026-10-03T13:30:44.168809+00:00,2026-10-03T13:30:44.168809+00:00,"SP+ -8.8 home, -18.4 away"
ncaaf,401871051,2026-10-07T23:00Z,elo,-3.692,,2026-10-03T13:30:44.168809+00:00,2026-10-03T13:30:44.168809+00:00,"Elo 1284 home, 1435 away"
ncaaf,401871051,2026-10-07T23:00Z,fpi,-0.863,0.475,2026-10-03T11:00Z,2026-10-03T13:30:44.168809+00:00,
ncaaf,401871051,2026-10-07T23:00Z,sp_plus,-7.000,,2026-10-03T13:30:44.168809+00:00,2026-10-03T13:30:44.168809+00:00,"SP+ -11.7 home, -2.2 away"
ncaaf,401871066,2026-10-07T23:30Z,elo,9.308,,2026-10-03T13:30:44.168809+00:00,2026-10-03T13:30:44.168809+00:00,"Elo 1392 home, 1231 away"
ncaaf,401871066,2026-10-07T23:30Z,fpi,5.339,0.652,2026-10-03T11:00Z,2026-10-03T13:30:44.168809+00:00,
ncaaf,401871066,2026-10-07T23:30Z,sp_plus,12.700,,2026-10-03T13:30:44.168809+00:00,2026-10-03T13:30:44.168809+00:00,"SP+ -7.6 home, -17.8 away"
ncaaf,401870766,2026-10-08T23:00Z,elo,26.892,,2026-10-03T13:30:44.168809+00:00,2026-10-03T13:30:44.168809+00:00,"Elo 1725 home, 1142 away"
ncaaf,401870766,2026-10-08T23:00Z,fpi,13.639,0.832,2026-10-03T11:00Z,2026-10-03T13:30:44.168809+00:00,
ncaaf,401870766,2026-10-08T23:00Z,sp_plus,19.100,,2026-10-03T13:30:44.168809+00:00,2026-10-03T13:30:44.168809+00:00,"SP+ 2.5 home, -14.1 away"
ncaaf,401871052,2026-10-08T23:00Z,elo,0.517,,2026-10-03T13:30:44.168809+00:00,2026-10-03T13:30:44.168809+00:00,"Elo 1242 home, 1292 away"
ncaaf,401871052,2026-10-08T23:00Z,fpi,-1.948,0.443,2026-10-03T11:00Z,2026-10-03T13:30:44.168809+00:00,
ncaaf,401871052,2026-10-08T23:00Z,sp_plus,3.700,,2026-10-03T13:30:44.168809+00:00,2026-10-03T13:30:44.168809+00:00,"SP+ -16.4 home, -17.6 away"
ncaaf,401862794,2026-10-08T23:30Z,elo,-2.942,,2026-10-03T13:30:44.168809+00:00,2026-10-03T13:30:44.168809+00:00,"Elo 1519 home, 1652 away"
ncaaf,401862794,2026-10-08T23:30Z,fpi,4.393,0.626,2026-10-03T11:00Z,2026-10-03T13:30:44.168809+00:00,
ncaaf,401862794,2026-10-08T23:30Z,sp_plus,-2.400,,2026-10-03T13:30:44.168809+00:00,2026-10-03T13:30:44.168809+00:00,"SP+ -1.0 home, 3.9 away"
ncaaf,401869933,2026-10-08T23:30Z,elo,1.517,,2026-10-03T13:30:44.168809+00:00,2026-10-03T13:30:44.168809+00:00,"Elo 1320 home, 1346 away"
ncaaf,401869933,2026-10-08T23:30Z,fpi,1.195,0.535,2026-10-03T11:00Z,2026-10-03T13:30:44.168809+00:00,
ncaaf,401869933,2026-10-08T23:30Z,sp_plus,8.400,,2026-10-03T13:30:44.168809+00:00,2026-10-03T13:30:44.168809+00:00,"SP+ -9.5 home, -15.4 away"
ncaaf,401858254,2026-10-09T23:00Z,elo,7.642,,2026-10-03T13:30:44.168809+00:00,2026-10-03T13:30:44.168809+00:00,"Elo 1674 home, 1553 away"
ncaaf,401858254,2026-10-09T23:00Z,fpi,6.484,0.682,2026-10-03T11:00Z,2026-10-03T13:30:44.168809+00:00,
ncaaf,401858254,2026-10-09T23:00Z,sp_plus,6.700,,2026-10-03T13:30:44.168809+00:00,2026-10-03T13:30:44.168809+00:00,"SP+ 9.9 home, 5.7 away"
ncaaf,401858487,2026-10-10T01:00Z,elo,-1.817,,2026-10-03T13:30:44.168809+00:00,2026-10-03T13:30:44.168809+00:00,"Elo 1735 home, 1841 away"
ncaaf,401858487,2026-10-10T01:00Z,fpi,-5.164,0.353,2026-10-03T11:00Z,2026-10-03T13:30:44.168809+00:00,
ncaaf,401858487,2026-10-10T01:00Z,sp_plus,-0.200,,2026-10-03T13:30:44.168809+00:00,2026-10-03T13:30:44.168809+00:00,"SP+ 12.1 home, 14.8 away"
ncaaf,401860922,2026-10-10T01:00Z,elo,-3.525,,2026-10-03T13:30:44.168809+00:00,2026-10-03T13:30:44.168809+00:00,"Elo 1374 home, 1521 away"
ncaaf,401860922,2026-10-10T01:00Z,fpi,2.756,0.580,2026-10-03T11:00Z,2026-10-03T13:30:44.168809+00:00,
ncaaf,401860922,2026-10-10T01:00Z,sp_plus,2.500,,2026-10-03T13:30:44.168809+00:00,2026-10-03T13:30:44.168809+00:00,"SP+ -9.3 home, -9.3 away"
ncaaf,401864519,2026-10-10T01:00Z,elo,5.558,,2026-10-03T13:30:44.168809+00:00,2026-10-03T13:30:44.168809+00:00,"Elo 1393 home, 1322 away"
ncaaf,401864519,2026-10-10T01:00Z,fpi,5.894,0.666,2026-10-03T11:00Z,2026-10-03T13:30:44.168809+00:00,
ncaaf,401864519,2026-10-10T01:00Z,sp_plus,0.100,,2026-10-03T13:30:44.168809+00:00,2026-10-03T13:30:44.168809+00:00,"SP+ -15.1 home, -12.7 away"
ncaaf,401856826,2026-10-10T02:15Z,elo,3.433,,2026-10-03T13:30:44.168809+00:00,2026-10-03T13:30:44.168809+00:00,"Elo 1692 home, 1672 away"
ncaaf,401856826,2026-10-10T02:15Z,fpi,14.509,0.846,2026-10-03T11:00Z,2026-10-03T13:30:44.168809+00:00,
ncaaf,401856826,2026-10-10T02:15Z,sp_plus,15.400,,2026-10-03T13:30:44.168809+00:00,2026-10-03T13:30:44.168809+00:00,"SP+ 16.3 home, 3.4 away"
ncaaf,401856714,2026-10-10T04:00Z,elo,6.600,,2026-10-03T13:30:44.168809+00:00,2026-10-03T13:30:44.168809+00:00,"Elo 1751 home, 1655 away"
ncaaf,401856714,2026-10-10T04:00Z,fpi,12.133,0.806,2026-10-03T11:00Z,2026-10-03T13:30:44.168809+00:00,
ncaaf,401856714,2026-10-10T04:00Z,sp_plus,13.500,,2026-10-03T13:30:44.168809+00:00,2026-10-03T13:30:44.168809+00:00,"SP+ 18.5 home, 7.5 away"
ncaaf,401856716,2026-10-10T04:00Z,elo,-0.025,,2026-10-03T13:30:44.168809+00:00,2026-10-03T13:30:44.168809+00:00,"Elo 1679 home, 1742 away"
ncaaf,401856716,2026-10-10T04:00Z,fpi,-3.171,0.408,2026-10-03T11:00Z,2026-10-03T13:30:44.168809+00:00,
ncaaf,401856716,2026-10-10T04:00Z,sp_plus,7.300,,2026-10-03T13:30:44.168809+00:00,2026-10-03T13:30:44.168809+00:00,"SP+ 13.7 home, 8.9 away"
ncaaf,401862798,2026-10-10T04:00Z,elo,7.850,,2026-10-03T13:30:44.168809+00:00,2026-10-03T13:30:44.168809+00:00,"Elo 1526 home, 1400 away"
ncaaf,401862798,2026-10-10T04:00Z,fpi,16.210,0.870,2026-10-03T11:00Z,2026-10-03T13:30:44.168809+00:00,
ncaaf,401862798,2026-10-10T04:00Z,sp_plus,19.100,,2026-10-03T13:30:44.168809+00:00,2026-10-03T13:30:44.168809+00:00,"SP+ 2.3 home, -14.3 away"
ncaaf,401869949,2026-10-10T04:00Z,elo,-16.233,,2026-10-03T13:30:44.168809+00:00,2026-10-03T13:30:44.168809+00:00,"Elo 1341 home, 1793 away"
ncaaf,401869949,2026-10-10T04:00Z,fpi,-11.838,0.200,2026-10-03T11:00Z,2026-10-03T13:30:44.168809+00:00,
ncaaf,401869949,2026-10-10T04:00Z,sp_plus,-16.000,,2026-10-03T13:30:44.168809+00:00,2026-10-03T13:30:44.168809+00:00,"SP+ -8.6 home, 9.9 away"
ncaaf,401856823,2026-10-10T16:00Z,elo,-9.650,,2026-10-03T13:30:44.168809+00:00,2026-10-03T13:30:44.168809+00:00,"Elo 1352 home, 1646 away"
ncaaf,401856823,2026-10-10T16:00Z,fpi,0.712,0.521,2026-10-03T11:00Z,2026-10-03T13:30:44.168809+00:00,
ncaaf,401856823,2026-10-10T16:00Z,sp_plus,-6.800,,2026-10-03T13:30:44.168809+00:00,2026-10-03T13:30:44.168809+00:00,"SP+ 1.4 home, 10.7 away"
ncaaf,401856824,2026-10-10T16:00Z,elo,-4.608,,2026-10-03T13:30:44.168809+00:00,2026-10-03T13:30:44.168809+00:00,"Elo 1330 home, 1503 away"
ncaaf,401856824,2026-10-10T16:00Z,fpi,4.914,0.640,2026-10-03T11:00Z,2026-10-03T13:30:44.168809+00:00,
ncaaf,401856824,2026-10-10T16:00Z,sp_plus,4.000,,2026-10-03T13:30:44.168809+00:00,2026-10-03T13:30:44.168809+00:00,"SP+ 10.2 home, 8.7 away"
ncaaf,401858256,2026-10-10T16:00Z,elo,14.225,,2026-10-03T13:30:44.168809+00:00,2026-10-03T13:30:44.168809+00:00,"Elo 1675 home, 1396 away"
ncaaf,401858256,2026-10-10T16:00Z,fpi,10.862,0.781,2026-10-03T11:00Z,2026-10-03T13:30:44.168809+00:00,
ncaaf,401858256,2026-10-10T16:00Z,sp_plus,14.200,,2026-10-03T13:30:44.168809+00:00,2026-10-03T13:30:44.168809+00:00,"SP+ 14.7 home, 3.0 away"
ncaaf,401858260,2026-10-10T16:00Z,elo,1.933,,2026-10-03T13:30:44.168809+00:00,2026-10-03T13:30:44.168809+00:00,"Elo 1514 home, 1530 away"
ncaaf,401858260,2026-10-10T16:00Z,fpi,-1.550,0.455,2026-10-03T11:00Z,2026-10-03T13:30:44.168809+00:00,
ncaaf,401858260,2026-10-10T16:00Z,sp_plus,2.200,,2026-10-03T13:30:44.168809+00:00,2026-10-03T13:30:44.168809+00:00,"SP+ 3.4 home, 3.7 away"
ncaaf,401858481,2026-10-10T16:00Z,elo,-12.983,,2026-10-03T13:30:44.168809+00:00,2026-10-03T13:30:44.168809+00:00,"Elo 1732 home, 2106 away"
ncaaf,401858481,2026-10-10T16:00Z,fpi,-6.393,0.321,2026-10-03T11:00Z,2026-10-03T13:30:44.168809+00:00,
ncaaf,401858481,2026-10-10T16:00Z,sp_plus,-7.500,,2026-10-03T13:30:44.168809+00:00,2026-10-03T13:30:44.168809+00:00,"SP+ 16.9 home, 26.9 away"
ncaaf,401862795,2026-10-10T16:00Z,elo,2.892,,2026-10-03T13:30:44.168809+00:00,2026-10-03T13:30:44.168809+00:00,"Elo 1524 home, 1517 away"
ncaaf,401862795,2026-10-10T16:00Z,fpi,1.852,0.554,2026-10-03T11:00Z,2026-10-03T13:30:44.168809+00:00,
ncaaf,401862795,2026-10-10T16:00Z,sp_plus,9.000,,2026-10-03T13:30:44.168809+00:00,2026-10-03T13:30:44.168809+00:00,"SP+ -0.8 home, -7.3 away"
ncaaf,401866436,2026-10-10T16:00Z,elo,1.392,,2026-10-03T13:30:44.168809+00:00,2026-10-03T13:30:44.168809+00:00,"Elo 1156 home, 1185 away"
ncaaf,401866436,2026-10-10T16:00Z,fpi,9.590,0.755,2026-10-03T11:00Z,2026-10-03T13:30:44.168809+00:00,
ncaaf,401866436,2026-10-10T16:00Z,sp_plus,-1.000,,2026-10-03T13:30:44.168809+00:00,2026-10-03T13:30:44.168809+00:00,"SP+ -26.4 home, -22.9 away"
ncaaf,401858482,2026-10-10T16:30Z,elo,27.225,,2026-10-03T13:30:44.168809+00:00,2026-10-03T13:30:44.168809+00:00,"Elo 1640 home, 1049 away"
ncaaf,401858482,2026-10-10T16:30Z,fpi,41.821,0.993,2026-10-03T11:00Z,2026-10-03T13:30:44.168809+00:00,
ncaaf,401858482,2026-10-10T16:30Z,sp_plus,34.800,,2026-10-03T13:30:44.168809+00:00,2026-10-03T13:30:44.168809+00:00,"SP+ 7.3 home, -25.0 away"
ncaaf,401869843,2026-10-10T17:00Z,elo,4.308,,2026-10-03T13:30:44.168809+00:00,2026-10-03T13:30:44.168809+00:00,"Elo 1320 home, 1279 away"
ncaaf,401869843,2026-10-10T17:00Z,fpi,7.994,0.719,2026-10-03T11:00Z,2026-10-03T13:30:44.168809+00:00,
ncaaf,401869843,2026-10-10T17:00Z,sp_plus,6.000,,2026-10-03T13:30:44.168809+00:00,2026-10-03T13:30:44.168809+00:00,"SP+ -4.4 home, -7.9 away"
ncaaf,401866440,2026-10-10T18:00Z,elo,-0.692,,2026-10-03T13:30:44.168809+00:00,2026-10-03T13:30:44.168809+00:00,"Elo 1188 home, 1267 away"
ncaaf,401866440,2026-10-10T18:00Z,fpi,1.995,0.558,2026-10-03T11:00Z,2026-10-03T13:30:44.168809+00:00,
ncaaf,401866440,2026-10-10T18:00Z,sp_plus,0.600,,2026-10-03T13:30:44.168809+00:00,2026-10-03T13:30:44.168809+00:00,"SP+ -6.2 home, -4.3 away"
ncaaf,401856717,2026-10-10T19:30Z,elo,-8.292,,2026-10-03T13:30:44.168809+00:00,2026-10-03T13:30:44.168809+00:00,"Elo 1731 home, 1930 away, neutral site"
ncaaf,401856717,2026-10-10T19:30Z,fpi,-13.814,0.165,2026-10-03T11:00Z,2026-10-03T13:30:44.168809+00:00,
ncaaf,401856717,2026-10-10T19:30Z,sp_plus,-9.600,,2026-10-03T13:30:44.168809+00:00,2026-10-03T13:30:44.168809+00:00,"SP+ 12.8 home, 22.4 away, neutral site"
ncaaf,401856718,2026-10-10T19:30Z,elo,0.725,,2026-10-03T13:30:44.168809+00:00,2026-10-03T13:30:44.168809+00:00,"Elo 1731 home, 1776 away"
ncaaf,401856718,2026-10-10T19:30Z,fpi,-8.765,0.263,2026-10-03T11:00Z,2026-10-03T13:30:44.168809+00:00,
ncaaf,401856718,2026-10-10T19:30Z,sp_plus,-1.100,,2026-10-03T13:30:44.168809+00:00,2026-10-03T13:30:44.168809+00:00,"SP+ 7.5 home, 11.1 away"
ncaaf,401856825,2026-10-10T19:30Z,elo,8.600,,2026-10-03T13:30:44.168809+00:00,2026-10-03T13:30:44.168809+00:00,"Elo 1679 home, 1535 away"
ncaaf,401856825,2026-10-10T19:30Z,fpi,1.971,0.558,2026-10-03T11:00Z,2026-10-03T13:30:44.168809+00:00,
ncaaf,401856825,2026-10-10T19:30Z,sp_plus,4.400,,2026-10-03T13:30:44.168809+00:00,2026-10-03T13:30:44.168809+00:00,"SP+ 14.0 home, 12.1 away"
ncaaf,401858255,2026-10-10T19:30Z,elo,-4.192,,2026-10-03T13:30:44.168809+00:00,2026-10-03T13:30:44.168809+00:00,"Elo 1493 home, 1656 away"
ncaaf,401858255,2026-10-10T19:30Z,fpi,-9.134,0.255,2026-10-03T11:00Z,2026-10-03T13:30:44.168809+00:00,
ncaaf,401858255,2026-10-10T19:30Z,sp_plus,-7.800,,2026-10-03T13:30:44.168809+00:00,2026-10-03T13:30:44.168809+00:00,"SP+ -0.1 home, 10.2 away"
ncaaf,401858257,2026-10-10T19:30Z,elo,33.892,,2026-10-03T13:30:44.168809+00:00,2026-10-03T13:30:44.168809+00:00,"Elo 2084 home, 1333 away"
ncaaf,401858257,2026-10-10T19:30Z,fpi,39.385,0.990,2026-10-03T11:00Z,2026-10-03T13:30:44.168809+00:00,
ncaaf,401858257,2026-10-10T19:30Z,sp_plus,39.000,,2026-10-03T13:30:44.168809+00:00,2026-10-03T13:30:44.168809+00:00,"SP+ 28.1 home, -8.4 away"
ncaaf,401858259,2026-10-10T19:30Z,elo,-3.900,,2026-10-03T13:30:44.168809+00:00,2026-10-03T13:30:44.168809+00:00,"Elo 1338 home, 1494 away"
ncaaf,401858259,2026-10-10T19:30Z,fpi,-7.391,0.296,2026-10-03T11:00Z,2026-10-03T13:30:44.168809+00:00,
ncaaf,401858259,2026-10-10T19:30Z,sp_plus,-13.000,,2026-10-03T13:30:44.168809+00:00,2026-10-03T13:30:44.168809+00:00,"SP+ -3.2 home, 12.3 away"
ncaaf,401858480,2026-10-10T19:30Z,elo,-0.192,,2026-10-03T13:30:44.168809+00:00,2026-10-03T13:30:44.168809+00:00,"Elo 1510 home, 1577 away"
ncaaf,401858480,2026-10-10T19:30Z,fpi,-1.178,0.466,2026-10-03T11:00Z,2026-10-03T13:30:44.168809+00:00,
ncaaf,401858480,2026-10-10T19:30Z,sp_plus,-5.700,,2026-10-03T13:30:44.168809+00:00,2026-10-03T13:30:44.168809+00:00,"SP+ 0.3 home, 8.5 away"
ncaaf,401858484,2026-10-10T19:30Z,elo,10.267,,2026-10-03T13:30:44.168809+00:00,2026-10-03T13:30:44.168809+00:00,"Elo 1844 home, 1660 away"
ncaaf,401858484,2026-10-10T19:30Z,fpi,14.743,0.849,2026-10-03T11:00Z,2026-10-03T13:30:44.168809+00:00,
ncaaf,401858484,2026-10-10T19:30Z,sp_plus,10.300,,2026-10-03T13:30:44.168809+00:00,2026-10-03T13:30:44.168809+00:00,"SP+ 21.6 home, 13.8 away"
ncaaf,401862796,2026-10-10T19:30Z,elo,24.392,,2026-10-03T13:30:44.168809+00:00,2026-10-03T13:30:44.168809+00:00,"Elo 1646 home, 1123 away"
ncaaf,401862796,2026-10-10T19:30Z,fpi,22.657,0.934,2026-10-03T11:00Z,2026-10-03T13:30:44.168809+00:00,
ncaaf,401862796,2026-10-10T19:30Z,sp_plus,24.100,,2026-10-03T13:30:44.168809+00:00,2026-10-03T13:30:44.168809+00:00,"SP+ -5.7 home, -27.3 away"
ncaaf,401862799,2026-10-10T19:30Z,elo,14.475,,2026-10-03T13:30:44.168809+00:00,2026-10-03T13:30:44.168809+00:00,"Elo 1506 home, 1221 away"
ncaaf,401862799,2026-10-10T19:30Z,fpi,-0.158,0.495,2026-10-03T11:00Z,2026-10-03T13:30:44.168809+00:00,
ncaaf,401862799,2026-10-10T19:30Z,sp_plus,2.200,,2026-10-03T13:30:44.168809+00:00,2026-10-03T13:30:44.168809+00:00,"SP+ -3.7 home, -3.4 away"
ncaaf,401866435,2026-10-10T19:30Z,elo,-9.983,,2026-10-03T13:30:44.168809+00:00,2026-10-03T13:30:44.168809+00:00,"Elo 886 home, 1188 away"
ncaaf,401866435,2026-10-10T19:30Z,fpi,0.601,0.518,2026-10-03T11:00Z,2026-10-03T13:30:44.168809+00:00,
ncaaf,401866435,2026-10-10T19:30Z,sp_plus,-2.600,,2026-10-03T13:30:44.168809+00:00,2026-10-03T13:30:44.168809+00:00,"SP+ -23.1 home, -18.0 away"
ncaaf,401866437,2026-10-10T19:30Z,elo,16.183,,2026-10-03T13:30:44.168809+00:00,2026-10-03T13:30:44.168809+00:00,"Elo 1614 home, 1288 away"
ncaaf,401866437,2026-10-10T19:30Z,fpi,23.120,0.938,2026-10-03T11:00Z,2026-10-03T13:30:44.168809+00:00,
ncaaf,401866437,2026-10-10T19:30Z,sp_plus,20.000,,2026-10-03T13:30:44.168809+00:00,2026-10-03T13:30:44.168809+00:00,"SP+ 0.3 home, -17.2 away"
ncaaf,401866438,2026-10-10T19:30Z,elo,6.517,,2026-10-03T13:30:44.168809+00:00,2026-10-03T13:30:44.168809+00:00,"Elo 1318 home, 1224 away"
ncaaf,401866438,2026-10-10T19:30Z,fpi,8.914,0.740,2026-10-03T11:00Z,2026-10-03T13:30:44.168809+00:00,
ncaaf,401866438,2026-10-10T19:30Z,sp_plus,10.700,,2026-10-03T13:30:44.168809+00:00,2026-10-03T13:30:44.168809+00:00,"SP+ -10.5 home, -18.7 away"
ncaaf,401866439,2026-10-10T19:30Z,elo,20.267,,2026-10-03T13:30:44.168809+00:00,2026-10-03T13:30:44.168809+00:00,"Elo 1463 home, 1039 away"
ncaaf,401866439,2026-10-10T19:30Z,fpi,21.928,0.929,2026-10-03T11:00Z,2026-10-03T13:30:44.168809+00:00,
ncaaf,401866439,2026-10-10T19:30Z,sp_plus,17.700,,2026-10-03T13:30:44.168809+00:00,2026-10-03T13:30:44.168809+00:00,"SP+ -7.2 home, -22.4 away"
ncaaf,401861964,2026-10-10T19:45Z,elo,-2.983,,2026-10-03T13:30:44.168809+00:00,2026-10-03T13:30:44.168809+00:00,"Elo 1336 home, 1470 away"
ncaaf,401861964,2026-10-10T19:45Z,fpi,3.812,0.610,2026-10-03T11:00Z,2026-10-03T13:30:44.168809+00:00,
ncaaf,401861964,2026-10-10T19:45Z,sp_plus,0.100,,2026-10-03T13:30:44.168809+00:00,2026-10-03T13:30:44.168809+00:00,"SP+ -6.1 home, -3.7 away"
ncaaf,401862797,2026-10-10T20:00Z,elo,14.558,,2026-10-03T13:30:44.168809+00:00,2026-10-03T13:30:44.168809+00:00,"Elo 1456 home, 1169 away"
ncaaf,401862797,2026-10-10T20:00Z,fpi,14.817,0.850,2026-10-03T11:00Z,2026-10-03T13:30:44.168809+00:00,
ncaaf,401862797,2026-10-10T20:00Z,sp_plus,14.800,,2026-10-03T13:30:44.168809+00:00,2026-10-03T13:30:44.168809+00:00,"SP+ -2.8 home, -15.1 away"
ncaaf,401856713,2026-10-10T20:15Z,elo,-8.233,,2026-10-03T13:30:44.168809+00:00,2026-10-03T13:30:44.168809+00:00,"Elo 1516 home, 1776 away"
ncaaf,401856713,2026-10-10T20:15Z,fpi,-14.372,0.156,2026-10-03T11:00Z,2026-10-03T13:30:44.168809+00:00,
ncaaf,401856713,2026-10-10T20:15Z,sp_plus,-15.500,,2026-10-03T13:30:44.168809+00:00,2026-10-03T13:30:44.168809+00:00,"SP+ -0.3 home, 17.7 away"
ncaaf,401858483,2026-10-10T20:15Z,elo,32.933,,2026-10-03T13:30:44.168809+00:00,2026-10-03T13:30:44.168809+00:00,"Elo 2044 home, 1316 away"
ncaaf,401858483,2026-10-10T20:15Z,fpi,33.371,0.980,2026-10-03T11:00Z,2026-10-03T13:30:44.168809+00:00,
ncaaf,401858483,2026-10-10T20:15Z,sp_plus,27.400,,2026-10-03T13:30:44.168809+00:00,2026-10-03T13:30:44.168809+00:00,"SP+ 28.8 home, 3.9 away"
ncaaf,401860902,2026-10-10T22:00Z,elo,-0.650,,2026-10-03T13:30:44.168809+00:00,2026-10-03T13:30:44.168809+00:00,"Elo 1337 home, 1415 away"
ncaaf,401860902,2026-10-10T22:00Z,fpi,8.664,0.734,2026-10-03T11:00Z,2026-10-03T13:30:44.168809+00:00,
ncaaf,401860902,2026-10-10T22:00Z,sp_plus,11.500,,2026-10-03T13:30:44.168809+00:00,2026-10-03T13:30:44.168809+00:00,"SP+ 1.2 home, -7.8 away"
ncaaf,401856715,2026-10-10T23:00Z,elo,-10.525,,2026-10-03T13:30:44.168809+00:00,2026-10-03T13:30:44.168809+00:00,"Elo 1553 home, 1868 away"
ncaaf,401856715,2026-10-10T23:00Z,fpi,-10.717,0.221,2026-10-03T11:00Z,2026-10-03T13:30:44.168809+00:00,
ncaaf,401856715,2026-10-10T23:00Z,sp_plus,-10.800,,2026-10-03T13:30:44.168809+00:00,2026-10-03T13:30:44.168809+00:00,"SP+ 8.0 home, 21.3 away"
ncaaf,401864517,2026-10-10T23:00Z,elo,-12.275,,2026-10-03T13:30:44.168809+00:00,2026-10-03T13:30:44.168809+00:00,"Elo 1078 home, 1435 away"
ncaaf,401864517,2026-10-10T23:00Z,fpi,-10.387,0.228,2026-10-03T11:00Z,2026-10-03T13:30:44.168809+00:00,
ncaaf,401864517,2026-10-10T23:00Z,sp_plus,-15.000,,2026-10-03T13:30:44.168809+00:00,2026-10-03T13:30:44.168809+00:00,"SP+ -24.0 home, -6.5 away"
ncaaf,401864518,2026-10-10T23:00Z,elo,-1.692,,2026-10-03T13:30:44.168809+00:00,2026-10-03T13:30:44.168809+00:00,"Elo 1491 home, 1594 away"
ncaaf,401864518,2026-10-10T23:00Z,fpi,0.646,0.519,2026-10-03T11:00Z,2026-10-03T13:30:44.168809+00:00,
ncaaf,401864518,2026-10-10T23:00Z,sp_plus,-7.700,,2026-10-03T13:30:44.168809+00:00,2026-10-03T13:30:44.168809+00:00,"SP+ -2.4 home, 7.8 away"
ncaaf,401869943,2026-10-10T23:00Z,elo,7.642,,2026-10-03T13:30:44.168809+00:00,2026-10-03T13:30:44.168809+00:00,"Elo 1391 home, 1270 away"
ncaaf,401869943,2026-10-10T23:00Z,fpi,0.647,0.519,2026-10-03T11:00Z,2026-10-03T13:30:44.168809+00:00,
ncaaf,401869943,2026-10-10T23:00Z,sp_plus,1.400,,2026-10-03T13:30:44.168809+00:00,2026-10-03T13:30:44.168809+00:00,"SP+ -12.5 home, -11.4 away"
ncaaf,401856712,2026-10-10T23:30Z,elo,-1.317,,2026-10-03T13:30:44.168809+00:00,2026-10-03T13:30:44.168809+00:00,"Elo 1929 home, 2023 away"
ncaaf,401856712,2026-10-10T23:30Z,fpi,-1.215,0.464,2026-10-03T11:00Z,2026-10-03T13:30:44.168809+00:00,
ncaaf,401856712,2026-10-10T23:30Z,sp_plus,-4.700,,2026-10-03T13:30:44.168809+00:00,2026-10-03T13:30:44.168809+00:00,"SP+ 23.0 home, 30.2 away"
ncaaf,401858258,2026-10-10T23:30Z,elo,19.600,,2026-10-03T13:30:44.168809+00:00,2026-10-03T13:30:44.168809+00:00,"Elo 1698 home, 1290 away"
ncaaf,401858258,2026-10-10T23:30Z,fpi,13.910,0.836,2026-10-03T11:00Z,2026-10-03T13:30:44.168809+00:00,
ncaaf,401858258,2026-10-10T23:30Z,sp_plus,18.100,,2026-10-03T13:30:44.168809+00:00,2026-10-03T13:30:44.168809+00:00,"SP+ 14.4 home, -1.2 away"
ncaaf,401858485,2026-10-10T23:30Z,elo,7.475,,2026-10-03T13:30:44.168809+00:00,2026-10-03T13:30:44.168809+00:00,"Elo 1901 home, 1784 away"
ncaaf,401858485,2026-10-10T23:30Z,fpi,2.982,0.587,2026-10-03T11:00Z,2026-10-03T13:30:44.168809+00:00,
ncaaf,401858485,2026-10-10T23:30Z,sp_plus,1.600,,2026-10-03T13:30:44.168809+00:00,2026-10-03T13:30:44.168809+00:00,"SP+ 16.9 home, 17.8 away"
ncaaf,401864516,2026-10-10T23:30Z,elo,-7.192,,2026-10-03T13:30:44.168809+00:00,2026-10-03T13:30:44.168809+00:00,"Elo 1194 home, 1429 away"
ncaaf,401864516,2026-10-10T23:30Z,fpi,-9.266,0.252,2026-10-03T11:00Z,2026-10-03T13:30:44.168809+00:00,
ncaaf,401864516,2026-10-10T23:30Z,sp_plus,-18.000,,2026-10-03T13:30:44.168809+00:00,2026-10-03T13:30:44.168809+00:00,"SP+ -23.9 home, -3.4 away"
ncaaf,401869965,2026-10-10T23:30Z,elo,-0.150,,2026-10-03T13:30:44.168809+00:00,2026-10-03T13:30:44.168809+00:00,"Elo 1377 home, 1443 away"
ncaaf,401869965,2026-10-10T23:30Z,fpi,-1.819,0.447,2026-10-03T11:00Z,2026-10-03T13:30:44.168809+00:00,
ncaaf,401869965,2026-10-10T23:30Z,sp_plus,-4.300,,2026-10-03T13:30:44.168809+00:00,2026-10-03T13:30:44.168809+00:00,"SP+ -9.8 home, -3.0 away"
ncaaf,401858486,2026-10-11T00:00Z,elo,-6.483,,2026-10-03T13:30:44.168809+00:00,2026-10-03T13:30:44.168809+00:00,"Elo 1288 home, 1506 away"
ncaaf,401858486,2026-10-11T00:00Z,fpi,-2.785,0.419,2026-10-03T11:00Z,2026-10-03T13:30:44.168809+00:00,
ncaaf,401858486,2026-10-11T00:00Z,sp_plus,-10.400,,2026-10-03T13:30:44.168809+00:00,2026-10-03T13:30:44.168809+00:00,"SP+ -6.4 home, 6.5 away"
ncaaf,401856827,2026-10-11T02:15Z,elo,20.808,,2026-10-03T13:30:44.168809+00:00,2026-10-03T13:30:44.168809+00:00,"Elo 1918 home, 1481 away"
ncaaf,401856827,2026-10-11T02:15Z,fpi,23.755,0.942,2026-10-03T11:00Z,2026-10-03T13:30:44.168809+00:00,
ncaaf,401856827,2026-10-11T02:15Z,sp_plus,23.000,,2026-10-03T13:30:44.168809+00:00,2026-10-03T13:30:44.168809+00:00,"SP+ 21.5 home, 1.0 away"
ncaaf,401856808,2026-10-11T02:30Z,elo,9.142,,2026-10-03T13:30:44.168809+00:00,2026-10-03T13:30:44.168809+00:00,"Elo 1535 home, 1378 away"
ncaaf,401856808,2026-10-11T02:30Z,fpi,19.811,0.911,2026-10-03T11:00Z,2026-10-03T13:30:44.168809+00:00,
ncaaf,401856808,2026-10-11T02:30Z,sp_plus,17.700,,2026-10-03T13:30:44.168809+00:00,2026-10-03T13:30:44.168809+00:00,"SP+ 3.0 home, -12.2 away"
ncaaf,401860901,2026-10-11T02:30Z,elo,0.058,,2026-10-03T13:30:44.168809+00:00,2026-10-03T13:30:44.168809+00:00,"Elo 1604 home, 1665 away"
ncaaf,401860901,2026-10-11T02:30Z,fpi,-10.161,0.233,2026-10-03T11:00Z,2026-10-03T13:30:44.168809+00:00,
ncaaf,401860901,2026-10-11T02:30Z,sp_plus,-5.400,,2026-10-03T13:30:44.168809+00:00,2026-10-03T13:30:44.168809+00:00,"SP+ -0.3 home, 7.6 away"
nfl,401872949,2026-09-27T17:00Z,fpi,-3.846,0.360,2026-09-27T09:00Z,2026-09-27T14:00:06.440810+00:00,
nfl,401872950,2026-09-27T17:00Z,fpi,-3.035,0.387,2026-09-27T09:00Z,2026-09-27T14:00:06.440810+00:00,
nfl,401872951,2026-09-27T17:00Z,fpi,-0.876,0.467,2026-09-27T09:00Z,2026-09-27T14:00:06.440810+00:00,
nfl,401872952,2026-09-27T17:00Z,fpi,-11.185,0.145,2026-09-27T09:00Z,2026-09-27T14:00:06.440810+00:00,
nfl,401872953,2026-09-27T17:00Z,fpi,8.186,0.781,2026-09-27T09:00Z,2026-09-27T14:00:06.440810+00:00,
nfl,401872954,2026-09-27T17:00Z,fpi,7.079,0.748,2026-09-27T09:00Z,2026-09-27T14:00:06.440810+00:00,
nfl,401872955,2026-09-27T17:00Z,fpi,-7.231,0.248,2026-09-27T09:00Z,2026-09-27T14:00:06.440810+00:00,
nfl,401872956,2026-09-27T17:00Z,fpi,-1.260,0.455,2026-09-27T09:00Z,2026-09-27T14:00:06.440810+00:00,
nfl,401872957,2026-09-27T17:00Z,fpi,1.817,0.566,2026-09-27T09:00Z,2026-09-27T14:00:06.440810+00:00,
nfl,401872958,2026-09-27T20:05Z,fpi,13.662,0.899,2026-09-27T09:00Z,2026-09-27T14:00:06.440810+00:00,
nfl,401872959,2026-09-27T20:05Z,fpi,-1.402,0.447,2026-09-27T09:00Z,2026-09-27T14:00:06.440810+00:00,
nfl,401872960,2026-09-27T20:25Z,fpi,-1.225,0.453,2026-09-27T09:00Z,2026-09-27T14:00:06.440810+00:00,
nfl,401872961,2026-09-27T20:25Z,fpi,3.537,0.627,2026-09-27T09:00Z,2026-09-27T14:00:06.440810+00:00,
nfl,401872962,2026-09-28T00:20Z,fpi,-3.872,0.355,2026-09-27T09:00Z,2026-09-27T14:00:06.440810+00:00,
nfl,401872963,2026-09-29T00:15Z,fpi,-4.002,0.352,2026-09-28T15:35Z,2026-09-28T16:48:47.339230+00:00,
nfl,401872964,2026-10-02T00:15Z,fpi,-1.419,0.446,2026-10-01T09:00Z,2026-10-01T15:36:21.898170+00:00,
nfl,401872965,2026-10-04T13:30Z,fpi,-1.638,0.433,2026-10-03T09:00Z,2026-10-03T13:30:44.168809+00:00,
nfl,401872966,2026-10-04T17:00Z,fpi,-0.748,0.471,2026-10-03T09:00Z,2026-10-03T13:30:44.168809+00:00,
nfl,401872967,2026-10-04T17:00Z,fpi,-1.286,0.449,2026-10-03T09:00Z,2026-10-03T13:30:44.168809+00:00,
nfl,401872968,2026-10-04T17:00Z,fpi,-4.778,0.320,2026-10-03T09:00Z,2026-10-03T13:30:44.168809+00:00,
nfl,401872969,2026-10-04T17:00Z,fpi,-1.182,0.453,2026-10-03T09:00Z,2026-10-03T13:30:44.168809+00:00,
nfl,401872970,2026-10-04T17:00Z,fpi,-3.835,0.360,2026-10-03T09:00Z,2026-10-03T13:30:44.168809+00:00,
nfl,401872971,2026-10-04T17:00Z,fpi,5.660,0.705,2026-10-03T09:00Z,2026-10-03T13:30:44.168809+00:00,
nfl,401872972,2026-10-04T17:00Z,fpi,4.805,0.678,2026-10-03T09:00Z,2026-10-03T13:30:44.168809+00:00,
nfl,401872973,2026-10-04T17:00Z,fpi,10.461,0.840,2026-10-03T09:00Z,2026-10-03T13:30:44.168809+00:00,
nfl,401872974,2026-10-04T20:05Z,fpi,10.105,0.834,2026-10-03T09:00Z,2026-10-03T13:30:44.168809+00:00,
nfl,401872975,2026-10-04T20:25Z,fpi,7.921,0.779,2026-10-03T09:00Z,2026-10-03T13:30:44.168809+00:00,
nfl,401872976,2026-10-04T20:25Z,fpi,-5.435,0.302,2026-10-03T09:00Z,2026-10-03T13:30:44.168809+00:00,
nfl,401872977,2026-10-04T20:25Z,fpi,6.760,0.739,2026-10-03T09:00Z,2026-10-03T13:30:44.168809+00:00,
nfl,401872978,2026-10-05T00:20Z,fpi,-2.980,0.387,2026-10-03T09:00Z,2026-10-03T13:30:44.168809+00:00,
nfl,401872979,2026-10-06T00:15Z,fpi,3.480,0.627,2026-10-03T09:00Z,2026-10-03T13:30:44.168809+00:00,
nfl,401872980,2026-10-09T00:15Z,fpi,11.816,0.871,2026-10-03T09:00Z,2026-10-03T13:30:44.168809+00:00,
