run_id,started_at,finished_at,command,provider,code_version,quotes,snapshots_added,signals_added,grades_added,exceptions,alerts,status,detail
405dbe10-0343-4061-814a-56faf7e63b4f,2026-09-22T17:42:29+00:00,2026-09-22T17:42:31+00:00,poll,espn,12eefca,116,2,0,0,0,1,ok,
f3c7fb22-dee8-477c-9056-501f62426374,2026-09-22T17:45:05+00:00,2026-09-22T17:45:06+00:00,poll,espn,12eefca,116,0,0,0,0,1,ok,
5cf197b3-ffb2-4a40-977c-9fd6279e886e,2026-09-23T02:41:58+00:00,2026-09-23T02:41:59+00:00,poll,espn,e984cbd,116,13,0,0,0,1,ok,
5797e372-ebab-4773-81fa-b32a27d7af36,2026-09-23T02:42:23+00:00,2026-09-23T02:42:25+00:00,poll,espn,e984cbd,116,0,0,0,0,1,ok,
34801dd8-7b0e-4d3b-804e-5c5da7d1beb7,2026-09-23T18:25:04+00:00,2026-09-23T18:25:05+00:00,poll,espn,8f00416,142,50,0,0,0,1,ok,
fa45932a-a52b-45eb-86f9-a35c09944034,2026-09-23T18:28:56+00:00,2026-09-23T18:28:57+00:00,poll,espn,73a5e90,142,1,0,0,0,1,ok,
7bc4add8-a571-4975-9b52-7d43b746b69f,2026-09-23T18:31:10+00:00,2026-09-23T18:31:12+00:00,poll,espn,c08fb36,142,0,0,0,0,1,ok,
677273b0-a205-40b9-911d-0066deca7488,2026-09-23T19:53:36+00:00,2026-09-23T19:53:37+00:00,poll,espn,f695d39,142,142,116,0,0,0,ok,
866eddd0-e76e-4ed9-9510-6be48278797c,2026-09-23T19:58:31+00:00,2026-09-23T19:58:32+00:00,poll,espn,92ba9e4,142,8,0,0,0,0,ok,
1e7fce13-a180-4f13-b524-c0b9aed42038,2026-09-23T20:04:04+00:00,2026-09-23T20:04:05+00:00,poll,espn,b9fbb8e,142,1,0,0,0,0,ok,
2037e106-992c-415c-bdd4-7445148ccebc,2026-09-23T22:09:59+00:00,2026-09-23T22:10:00+00:00,poll,espn,c4e82f3,142,7,0,0,0,0,ok,
4f3c0776-c827-464e-93dd-5dd780c459d9,2026-09-24T01:15:13+00:00,2026-09-24T01:15:15+00:00,poll,espn,8a959b0,284,12,0,0,0,0,ok,
c825ff57-d29b-4d17-a44e-ae0287e3e16a,2026-09-24T01:15:39+00:00,2026-09-24T01:15:42+00:00,poll,espn,8a959b0,176,34,0,0,0,0,ok,
f2a3cda9-d0be-430c-af7c-2ccd39b4251d,2026-09-24T12:13:44+00:00,2026-09-24T12:13:46+00:00,poll,espn,91afb34,176,62,0,0,0,0,ok,
3366f493-0969-4173-ae57-a3d789de0bf3,2026-09-24T12:29:36+00:00,2026-09-24T12:29:37+00:00,poll,espn,5ad21c9,176,16,0,0,0,0,ok,
0af143e4-48b8-4db6-a268-656c96c44402,2026-09-24T12:38:11+00:00,2026-09-24T12:38:12+00:00,poll,espn,7b13653,176,1,0,0,0,0,ok,
0acfd17d-60c6-4cb2-a447-cfd5bedee798,2026-09-24T13:05:23+00:00,2026-09-24T13:05:24+00:00,poll,espn,5abee6a,176,2,0,0,0,0,ok,
ea90bbe9-e02e-4bb1-8868-abe5f35552cb,2026-09-24T13:26:46+00:00,2026-09-24T13:26:47+00:00,poll,espn,afdd9b0,176,6,0,0,0,0,ok,
fdc968fc-28d0-46aa-91b8-05420166f2c3,2026-09-24T13:50:23+00:00,2026-09-24T13:50:25+00:00,poll,espn,f350ed8,176,4,0,0,0,0,ok,
2e7c670c-7bb1-450c-bb8d-dcc88bc94f50,2026-09-24T14:09:11+00:00,2026-09-24T14:09:12+00:00,poll,espn,c83d6ff,176,8,0,0,0,0,ok,
5de24b13-d324-49bf-9a63-9d15316b5b8f,2026-09-24T14:20:17+00:00,2026-09-24T14:20:18+00:00,poll,espn,6ed2d23,176,0,0,0,0,0,ok,
e07bac40-85cf-4715-809c-f3a1bfaa7795,2026-09-24T18:17:56+00:00,2026-09-24T18:17:58+00:00,poll,espn,2142b16,176,53,0,0,0,0,ok,
0e3a16c0-190b-42fb-85a2-fbf5e8e79440,2026-09-24T19:14:09+00:00,2026-09-24T19:14:10+00:00,poll,espn,1afb097,176,7,0,0,0,0,ok,
4407a3cf-a128-40c6-bda8-140396573935,2026-09-24T21:09:52+00:00,2026-09-24T21:09:55+00:00,poll,espn,a441585,176,72,0,0,0,0,ok,
9a53ce90-3f15-415f-bd93-ff82ef1c6999,2026-09-24T21:46:25+00:00,2026-09-24T21:46:28+00:00,poll,espn,6d13b14,176,4,0,0,0,0,ok,
032752b1-7228-43a0-9bd1-a58adc8b1e2b,2026-09-24T22:45:28+00:00,2026-09-24T22:45:29+00:00,poll,espn,c4b3f4d,176,8,0,0,0,1,ok,
352a6bc5-b767-49a6-9479-e77e7726212c,2026-09-25T00:54:07+00:00,2026-09-25T00:54:09+00:00,poll,espn,9a6b972,176,15,4,2,0,2,ok,
8ea4eabe-1e01-4c01-acbd-591bd0c805a4,2026-09-25T07:30:31+00:00,2026-09-25T07:30:33+00:00,poll,espn,6a21373,176,25,0,0,0,2,ok,
feeaf42f-d005-4f00-88f4-334bf60b6588,2026-09-25T13:15:51+00:00,2026-09-25T13:15:53+00:00,poll,espn,30ff35b,176,20,0,0,0,2,ok,
c975d1fc-dae0-467a-8ec3-811c3e52a4f9,2026-09-25T18:25:20+00:00,2026-09-25T18:25:21+00:00,poll,espn,5d5f99c,176,51,0,0,0,2,ok,
4795b638-38d8-4f4b-8d37-8637f9a78a2f,2026-09-25T21:13:04+00:00,2026-09-25T21:13:06+00:00,poll,espn,4242032,174,39,0,2,0,2,ok,
113707cb-bccc-404e-a1be-da1e82896a52,2026-09-25T23:25:33+00:00,2026-09-25T23:25:35+00:00,poll,espn,fc96523,170,26,0,2,0,2,ok,
b491c7a2-5053-450a-aeae-c8b5f342ab96,2026-09-26T00:43:54+00:00,2026-09-26T00:43:56+00:00,poll,espn,6e14d67,168,14,0,2,0,2,ok,
51c9edc5-64ee-4753-95e2-42fc90b9add2,2026-09-26T01:07:40+00:00,2026-09-26T01:07:42+00:00,poll,espn,8c28ed1,168,3,0,0,0,2,ok,
2f0d5496-0020-4646-be48-a52fe7e16fee,2026-09-26T01:22:43+00:00,2026-09-26T01:23:17+00:00,poll,espn,e860a0e,168,0,0,0,0,2,ok,
c7c90d78-d795-47a6-8db0-8d150602c811,2026-09-26T01:37:37+00:00,2026-09-26T01:37:39+00:00,poll,espn,4a69432,168,1,0,0,0,2,ok,
e6bfa1ee-313e-4baf-8366-df6e887d1b94,2026-09-26T01:52:37+00:00,2026-09-26T01:52:39+00:00,poll,espn,5320137,168,3,0,0,0,2,ok,
278b8827-60b7-45e7-b0f2-2835afafb455,2026-09-26T02:09:47+00:00,2026-09-26T02:09:49+00:00,poll,espn,516b614,168,3,0,0,0,2,ok,
3426835c-7f29-469e-8884-e4344bf677ff,2026-09-26T02:22:35+00:00,2026-09-26T02:22:37+00:00,poll,espn,ca58d3e,168,1,0,0,0,2,ok,
2342f682-c3d1-41a0-b28a-b4680d5c5901,2026-09-26T02:37:38+00:00,2026-09-26T02:37:41+00:00,poll,espn,339703c,166,0,0,2,0,2,ok,
64298e40-92dc-4148-9524-a117941b67e3,2026-09-26T02:52:31+00:00,2026-09-26T02:52:32+00:00,poll,espn,ad5702e,166,0,0,0,0,2,ok,
4f92b7a1-3a9a-4ef0-a727-50624c6d91b0,2026-09-26T03:18:39+00:00,2026-09-26T03:18:42+00:00,poll,espn,5260d45,166,1,0,0,0,2,ok,
f311cc15-7ead-432e-9d9e-e85980a7d060,2026-09-26T03:28:03+00:00,2026-09-26T03:28:05+00:00,poll,espn,6e9dfce,166,2,0,0,0,2,ok,
521b7673-3d3f-47d7-8af4-4c7983ff14aa,2026-09-26T03:35:33+00:00,2026-09-26T03:35:35+00:00,poll,espn,d1d7873,166,1,0,0,0,2,ok,
5f5855e1-43c2-4162-9bbc-1256a10df74d,2026-09-26T13:24:25+00:00,2026-09-26T13:24:27+00:00,poll,espn,fcb50e5,190,82,23,0,0,2,ok,
80220548-d52a-4923-a2a6-dc98c5a8de06,2026-09-26T13:37:37+00:00,2026-09-26T13:37:39+00:00,poll,espn,510e121,190,7,0,0,0,2,ok,
9c5b70c2-39d7-4762-b98a-5bec8674d43f,2026-09-26T13:52:44+00:00,2026-09-26T13:52:45+00:00,poll,espn,f6f4a40,190,21,0,0,0,2,ok,
6c2632b8-591a-4521-87d8-c75e6ca545a7,2026-09-26T14:07:41+00:00,2026-09-26T14:07:43+00:00,poll,espn,602dceb,190,16,0,0,0,2,ok,
0aa76cc6-5866-4a96-8bd3-d1b68c519c6b,2026-09-26T14:22:36+00:00,2026-09-26T14:22:37+00:00,poll,espn,660837f,190,7,0,0,0,2,ok,
1c608938-dc64-4090-92cc-d53d6b70250d,2026-09-26T14:28:46+00:00,2026-09-26T14:28:47+00:00,poll,espn,b2da887,190,3,0,0,0,2,ok,
7785d73b-2329-4a2b-b2f6-03c74a140d8b,2026-09-26T14:52:35+00:00,2026-09-26T14:52:36+00:00,poll,espn,3c60a83,190,18,0,0,0,2,ok,
1848af5c-1757-4f7f-96de-885e408e6546,2026-09-26T15:07:47+00:00,2026-09-26T15:07:50+00:00,poll,espn,e5141a4,190,7,0,0,0,2,ok,
e2866808-fa01-477c-a4a8-b79fb4c8cc27,2026-09-26T15:38:14+00:00,2026-09-26T15:38:15+00:00,poll,espn,a6fc82b,190,15,0,0,0,2,ok,
5231d8a6-2dbe-4083-a29c-5da82aed4999,2026-09-26T15:52:37+00:00,2026-09-26T15:52:39+00:00,poll,espn,8f99622,190,9,0,0,0,2,ok,
53119f3c-77ee-405a-8dd5-14f887578643,2026-09-26T16:07:41+00:00,2026-09-26T16:07:45+00:00,poll,espn,5e02e75,174,6,0,20,0,2,ok,
515a054d-5de7-45f8-b997-b6cff46ccd3e,2026-09-26T16:22:39+00:00,2026-09-26T16:22:41+00:00,poll,espn,55094b2,168,6,0,0,0,2,ok,
cb834154-0c10-4c81-a2b2-fe81f7a4ee53,2026-09-26T16:37:42+00:00,2026-09-26T16:37:45+00:00,poll,espn,f710812,168,9,0,0,0,2,ok,
75795100-e735-4a0d-87cd-7964e8b6b37a,2026-09-26T16:52:37+00:00,2026-09-26T16:52:40+00:00,poll,espn,1989acb,166,3,0,2,0,2,ok,
8fc447b4-0fba-4860-8114-ab91586223b9,2026-09-26T17:07:45+00:00,2026-09-26T17:07:47+00:00,poll,espn,d25a95f,164,13,0,0,0,2,ok,
aa1ffce3-3d99-4e5f-a181-b9d8c4c96c7f,2026-09-26T17:22:38+00:00,2026-09-26T17:22:40+00:00,poll,espn,fe1d751,164,7,0,0,0,2,ok,
2bc1de4a-1b48-4402-89cd-1dd443f7cdee,2026-09-26T17:37:40+00:00,2026-09-26T17:37:42+00:00,poll,espn,6a9710c,162,2,0,2,0,2,ok,
47255517-4ba3-4f4a-9196-6598bf1b73f6,2026-09-26T17:52:46+00:00,2026-09-26T17:52:49+00:00,poll,espn,592f6f7,162,3,0,0,0,2,ok,
e3f207c7-edd9-4fc1-bb86-34f0bac3b76f,2026-09-26T18:04:46+00:00,2026-09-26T18:04:47+00:00,poll,espn,a18214c,160,6,0,4,0,2,ok,
0ba2efe4-9c61-42a3-892e-f7ef571465a3,2026-09-26T18:22:36+00:00,2026-09-26T18:22:39+00:00,poll,espn,6073574,158,9,0,0,0,2,ok,
0e22ab1e-e2e1-4fd0-a330-937b1373d06b,2026-09-26T18:37:32+00:00,2026-09-26T18:37:34+00:00,poll,espn,50b461b,158,1,0,0,0,2,ok,
39161929-a163-4aa7-adc5-91ed45f94a55,2026-09-26T18:52:41+00:00,2026-09-26T18:52:43+00:00,poll,espn,bc4f846,158,7,0,0,0,2,ok,
374ae29b-d023-4d12-a84b-986d844f62f9,2026-09-26T19:07:35+00:00,2026-09-26T19:07:37+00:00,poll,espn,6a31109,156,6,0,2,0,2,ok,
c91a4b47-ff1e-4005-8e63-14f3eed3ce78,2026-09-26T19:22:38+00:00,2026-09-26T19:22:40+00:00,poll,espn,3c1a44c,154,3,0,0,0,2,ok,
ddfd212f-a622-4100-a262-e345d57c6ce2,2026-09-26T19:37:49+00:00,2026-09-26T19:37:51+00:00,poll,espn,d5d09d5,138,5,0,16,0,2,ok,
ed78e82e-e819-423c-9925-962d7db6f5c8,2026-09-26T19:52:38+00:00,2026-09-26T19:52:40+00:00,poll,espn,c91aaaf,130,5,0,0,0,2,ok,
3923b80d-c71f-42ea-a807-640ff585ddb2,2026-09-26T20:07:42+00:00,2026-09-26T20:07:44+00:00,poll,espn,4ba7dd6,126,2,0,2,0,2,ok,
c1e8da6d-bb46-41d6-8bd9-497d2ccad304,2026-09-26T20:22:47+00:00,2026-09-26T20:22:49+00:00,poll,espn,db8ee76,124,4,0,2,0,2,ok,
8cfe9e84-eef0-48eb-819e-7e31536c85fa,2026-09-26T20:37:38+00:00,2026-09-26T20:37:40+00:00,poll,espn,a7b9082,124,1,0,0,0,2,ok,
8ea60c96-8cee-4528-a431-7c2e2253a1b3,2026-09-26T20:52:44+00:00,2026-09-26T20:52:46+00:00,poll,espn,61b0145,124,5,0,0,0,2,ok,
baff0f08-9f63-403a-8492-cf90887f1630,2026-09-26T21:07:41+00:00,2026-09-26T21:07:45+00:00,poll,espn,25f06ea,120,4,0,6,0,2,ok,
bb9d81ad-f68f-4756-8e95-aa5bc5725b99,2026-09-26T21:22:37+00:00,2026-09-26T21:22:39+00:00,poll,espn,f697014,118,2,0,0,0,2,ok,
c61025d1-d0ba-4d22-822f-7c88b5d7000c,2026-09-26T21:37:32+00:00,2026-09-26T21:37:33+00:00,poll,espn,e8c6460,118,5,0,0,0,2,ok,
ac77902f-4dc5-474e-ad55-0a30d03ce13f,2026-09-26T21:52:36+00:00,2026-09-26T21:52:38+00:00,poll,espn,3e74227,118,6,0,0,0,2,ok,
9277ff92-34bc-4188-a877-e0343016eb93,2026-09-26T22:07:37+00:00,2026-09-26T22:07:39+00:00,poll,espn,52e5105,112,3,0,4,0,2,ok,
719d29cf-85f7-4e53-a44e-4a7fc4ba4979,2026-09-26T22:22:36+00:00,2026-09-26T22:22:38+00:00,poll,espn,4aedc9e,110,5,0,0,0,2,ok,
14e4e828-8104-4450-b69d-a569d61e7208,2026-09-26T22:37:39+00:00,2026-09-26T22:37:41+00:00,poll,espn,5701f71,108,2,0,4,0,2,ok,
519f2a11-8ade-47c6-9a17-35e141d8ac8d,2026-09-26T22:52:43+00:00,2026-09-26T22:52:44+00:00,poll,espn,cd4d893,106,1,0,0,0,2,ok,
b80186d7-c5b2-4aee-8a33-b8504e897333,2026-09-26T23:07:32+00:00,2026-09-26T23:07:33+00:00,poll,espn,5cacf78,94,5,0,10,0,2,ok,
35884887-40a1-4587-a303-58885516cd23,2026-09-26T23:22:39+00:00,2026-09-26T23:22:41+00:00,poll,espn,e2c9170,92,5,0,2,0,2,ok,
3091c364-cd2c-4726-ab38-438e4b8ee469,2026-09-26T23:37:37+00:00,2026-09-26T23:37:39+00:00,poll,espn,9eefcaa,84,4,0,10,0,2,ok,
e0c350a5-0bfd-4124-9755-b19405eac9bc,2026-09-26T23:52:42+00:00,2026-09-26T23:52:45+00:00,poll,espn,796ada9,80,8,0,2,0,2,ok,
ec4b62c9-6ba2-4d3d-a254-4df6a56cb943,2026-09-27T00:07:39+00:00,2026-09-27T00:07:41+00:00,poll,espn,f6e43b4,74,2,0,4,0,2,ok,
5280d051-e782-4fb8-8268-780db0248686,2026-09-27T00:22:38+00:00,2026-09-27T00:22:40+00:00,poll,espn,0d05d3b,74,4,0,0,0,2,ok,
7b353b2a-4faf-4532-bc0b-e2281d77229c,2026-09-27T00:37:44+00:00,2026-09-27T00:37:46+00:00,poll,espn,9a8aa51,74,5,0,0,0,2,ok,
c0e6988e-0c54-4e5a-8846-58c4ff257b26,2026-09-27T00:52:45+00:00,2026-09-27T00:52:47+00:00,poll,espn,3f476f7,74,3,0,0,0,2,ok,
e76aed89-ad0b-45b9-af5a-bcfc09dde2ef,2026-09-27T01:07:44+00:00,2026-09-27T01:07:47+00:00,poll,espn,acc7d70,68,2,0,6,0,2,ok,
66d794cf-2031-448a-a7a2-1aa1441efaea,2026-09-27T01:22:38+00:00,2026-09-27T01:22:40+00:00,poll,espn,266c39e,68,1,0,0,0,2,ok,
5a4d04d3-41bb-4834-ac78-7185b4d61024,2026-09-27T01:37:38+00:00,2026-09-27T01:37:40+00:00,poll,espn,59226c6,68,3,0,0,0,2,ok,
0429ec2f-f986-42b9-a76a-6c31ea98abab,2026-09-27T01:52:35+00:00,2026-09-27T01:52:38+00:00,poll,espn,2da2b41,68,2,0,0,0,2,ok,
56677cca-3240-4139-aafd-9fdf843ad696,2026-09-27T02:08:13+00:00,2026-09-27T02:08:14+00:00,poll,espn,f8a8df4,66,1,0,2,0,2,ok,
e86b124e-b6ae-42c5-92bc-274821a3f84c,2026-09-27T02:22:31+00:00,2026-09-27T02:22:33+00:00,poll,espn,b53a970,66,1,0,0,0,2,ok,
cdb998ed-99f9-4fab-bb81-08ad8c221f17,2026-09-27T02:37:35+00:00,2026-09-27T02:37:37+00:00,poll,espn,835e325,62,1,0,4,0,2,ok,
f61b322b-bacb-4863-ab63-b29450a3a604,2026-09-27T02:52:43+00:00,2026-09-27T02:52:47+00:00,poll,espn,48493b3,62,1,0,0,0,2,ok,
a7f523dd-b079-41c5-8332-eaf68b026f14,2026-09-27T03:07:43+00:00,2026-09-27T03:07:45+00:00,poll,espn,94f9b63,60,1,0,2,0,2,ok,
42e7047f-5188-457b-8ca8-8da3028dcbba,2026-09-27T03:22:39+00:00,2026-09-27T03:22:40+00:00,poll,espn,adca969,60,0,0,0,0,2,ok,
269de3d9-9323-4e0d-a5ee-27c7f81cbcd4,2026-09-27T03:52:28+00:00,2026-09-27T03:52:30+00:00,poll,espn,f3732b7,60,9,0,0,0,2,ok,
52fd1ac5-cefc-40a0-9cd6-fffb89b9a2f3,2026-09-27T04:52:45+00:00,2026-09-27T04:52:47+00:00,poll,espn,1a877df,88,33,0,0,0,2,ok,
11e078d0-7de5-4b9f-b28f-f887cf3ede5a,2026-09-27T05:53:15+00:00,2026-09-27T05:53:16+00:00,poll,espn,6c78caa,92,10,4,0,0,3,ok,
50d1ba64-ed00-41fd-a706-07a27874fa3f,2026-09-27T06:52:45+00:00,2026-09-27T06:52:48+00:00,poll,espn,945ac92,92,5,0,0,0,3,ok,
764a0c6d-b4b9-4126-b683-9223136035db,2026-09-27T07:52:36+00:00,2026-09-27T07:52:38+00:00,poll,espn,4d1505d,96,8,4,0,0,3,ok,
515d0106-98f6-485c-b6ae-592101bdfe34,2026-09-27T08:52:40+00:00,2026-09-27T08:52:41+00:00,poll,espn,52e7d14,96,0,0,0,0,3,ok,
fa8c998c-d1c1-45bb-8a79-e8f82d8a435a,2026-09-27T09:52:45+00:00,2026-09-27T09:52:47+00:00,poll,espn,caf7be1,96,0,0,0,0,3,ok,
93ee1e35-a11a-4b29-ba48-934f448fbea4,2026-09-27T10:52:38+00:00,2026-09-27T10:52:40+00:00,poll,espn,5029f23,96,0,0,0,0,3,ok,
4ce87eb5-8acd-458a-9d9c-5281e8ef6396,2026-09-27T11:07:35+00:00,2026-09-27T11:07:37+00:00,poll,espn,4e27d58,96,0,0,0,0,3,ok,
fe23c708-9093-4422-90e7-caaeda6b1142,2026-09-27T11:22:43+00:00,2026-09-27T11:22:44+00:00,poll,espn,282137b,96,0,0,0,0,3,ok,
6befbdca-a957-4947-829a-7289c0881769,2026-09-27T11:38:11+00:00,2026-09-27T11:38:13+00:00,poll,espn,742cf42,96,1,0,0,0,3,ok,
249a51d8-7d93-4899-830a-e717d4b4b9ad,2026-09-27T11:52:46+00:00,2026-09-27T11:52:47+00:00,poll,espn,9bc3f5a,96,1,0,0,0,3,ok,
2fff5577-95d2-4ebd-bb5b-50d72b9bcb2d,2026-09-27T12:07:37+00:00,2026-09-27T12:07:39+00:00,poll,espn,9fb07cb,96,1,0,0,0,3,ok,
ec3a9193-8e2e-4259-8f28-a40d8777f9d0,2026-09-27T12:22:38+00:00,2026-09-27T12:22:40+00:00,poll,espn,f288df6,96,0,0,0,0,3,ok,
6de1ec3a-5efa-47bd-ac19-91c4d10acc38,2026-09-27T12:37:44+00:00,2026-09-27T12:37:45+00:00,poll,espn,0c528cc,96,1,0,0,0,3,ok,
da81f330-b635-46bf-9538-c3741ddc804b,2026-09-27T12:52:38+00:00,2026-09-27T12:52:39+00:00,poll,espn,3715ae6,96,3,0,0,0,3,ok,
e42253a2-1c2f-4f04-b8b8-21aad2aecfe9,2026-09-27T13:07:36+00:00,2026-09-27T13:07:38+00:00,poll,espn,0d45e80,96,2,0,0,0,3,ok,
ea899155-71f3-4acf-b897-ed5c42ad3eea,2026-09-27T13:22:38+00:00,2026-09-27T13:22:39+00:00,poll,espn,ea24d4e,96,0,0,0,0,3,ok,
9a552cb8-c71e-4a26-be7d-6f52c8b13d5a,2026-09-27T13:37:38+00:00,2026-09-27T13:37:40+00:00,poll,espn,260a669,96,0,0,0,0,3,ok,
813c2698-181f-45bf-9baa-5e7c28035a2f,2026-09-27T13:51:07+00:00,2026-09-27T13:51:10+00:00,poll,espn,837a3d7,96,1,0,0,0,3,ok,
1832e22c-e10e-48f3-95c0-f439c5223a9d,2026-09-27T13:55:47+00:00,2026-09-27T13:55:48+00:00,poll,espn,2ae1351,96,1,1,0,0,3,ok,
fc59f14f-e869-476b-b6d3-511a0248beb9,2026-09-27T14:22:50+00:00,2026-09-27T14:22:52+00:00,poll,espn,e092581,100,5,4,0,0,3,ok,
1ca818c7-e1e0-4f4d-b7a8-472a1eb94fe4,2026-09-27T14:37:38+00:00,2026-09-27T14:37:40+00:00,poll,espn,253a293,108,17,8,0,0,3,ok,
2844bc97-54c6-4bbe-912a-cc793455afce,2026-09-27T14:52:39+00:00,2026-09-27T14:52:41+00:00,poll,espn,6812403,118,18,10,0,0,2,ok,
80e4e3d0-8c15-4e95-92b0-0a57929b787e,2026-09-27T15:07:46+00:00,2026-09-27T15:07:49+00:00,poll,espn,ec1e654,118,6,0,0,0,2,ok,
ac4dfcee-5b83-47d7-a2f8-30da9840be01,2026-09-27T15:22:33+00:00,2026-09-27T15:22:35+00:00,poll,espn,b3ab0cc,126,11,8,0,0,3,ok,
5f984549-1855-402c-8151-86f2104f2fb2,2026-09-27T15:37:36+00:00,2026-09-27T15:37:38+00:00,poll,espn,ab237a9,128,8,2,0,0,3,ok,
9abb48fc-5786-47b5-9729-e94ba8ed96ca,2026-09-27T15:52:32+00:00,2026-09-27T15:52:33+00:00,poll,espn,e566b55,128,6,0,0,0,3,ok,
4a6ce97a-fa38-4476-ac6f-5982af189c0c,2026-09-27T16:07:38+00:00,2026-09-27T16:07:39+00:00,poll,espn,0ec65ae,130,5,2,0,0,3,ok,
3a9619f6-0acf-46fd-a3cf-1f6dff16d6c5,2026-09-27T16:22:39+00:00,2026-09-27T16:22:40+00:00,poll,espn,d4e6455,138,13,8,0,0,3,ok,
290b08c7-cc93-497e-8b23-abd9d5be84b7,2026-09-27T16:37:33+00:00,2026-09-27T16:37:36+00:00,poll,espn,bff62a5,148,16,10,0,0,3,ok,
9855f69f-2cdf-402c-88c3-60f56fa2eb3d,2026-09-27T16:52:38+00:00,2026-09-27T16:52:40+00:00,poll,espn,80e0103,154,14,6,0,0,3,ok,
c515f6b2-445a-45ce-b16f-2ce4caebd84a,2026-09-27T17:07:34+00:00,2026-09-27T17:07:36+00:00,poll,espn,4fd1f4b,150,17,14,0,0,3,ok,
e47caf25-ba15-4775-99a8-6195f695462a,2026-09-27T17:22:38+00:00,2026-09-27T17:22:40+00:00,poll,espn,b2db597,154,12,4,0,0,3,ok,
a8ad8a8a-ea0c-453c-b24f-9d7b53d7d64f,2026-09-27T17:37:40+00:00,2026-09-27T17:37:42+00:00,poll,espn,e13ff3c,154,19,0,0,0,3,ok,
fa78c70f-0eac-45e1-a134-1f3b1dcffa3d,2026-09-27T17:52:36+00:00,2026-09-27T17:52:38+00:00,poll,espn,da75c23,154,9,0,0,0,3,ok,
71dc5f47-714c-48e6-bd71-aa7b61d45293,2026-09-27T18:07:45+00:00,2026-09-27T18:07:47+00:00,poll,espn,9348e8a,154,2,0,0,0,3,ok,
c8cd80a5-d03f-4179-80fb-1d3d0ac95422,2026-09-27T18:22:38+00:00,2026-09-27T18:22:39+00:00,poll,espn,6c9008f,154,6,0,0,0,3,ok,
df7504b2-3eef-4b6e-aa5f-6073710e8287,2026-09-27T18:37:44+00:00,2026-09-27T18:37:51+00:00,poll,espn,7bef641,154,2,0,0,0,3,ok,
d7260e31-ea0c-4b8c-a838-86f434515947,2026-09-27T18:52:36+00:00,2026-09-27T18:52:38+00:00,poll,espn,17bf74c,154,0,0,0,0,3,ok,
3505a010-36f3-47bc-8075-c354eaa755ca,2026-09-27T19:07:32+00:00,2026-09-27T19:07:34+00:00,poll,espn,54b7b4c,154,3,0,0,0,3,ok,
a08dc0d2-f0f4-4a94-9a27-0e8bedee952b,2026-09-27T19:22:39+00:00,2026-09-27T19:22:41+00:00,poll,espn,9f09669,154,10,0,0,0,3,ok,
216e95bc-71e7-4875-8d91-9d5b1f004e91,2026-09-27T19:37:37+00:00,2026-09-27T19:37:39+00:00,poll,espn,3843b95,154,26,0,0,0,3,ok,
daa5c826-b445-403a-adb4-f8ef2c62da70,2026-09-27T19:52:36+00:00,2026-09-27T19:52:38+00:00,poll,espn,4d7da14,154,19,0,0,0,3,ok,
a2055270-7f11-455a-8e9c-8cd026f878e2,2026-09-27T20:07:35+00:00,2026-09-27T20:07:36+00:00,poll,espn,c04f6dd,150,17,0,0,0,3,ok,
6a26d411-2968-4411-adc4-685bb7920e8f,2026-09-27T20:22:39+00:00,2026-09-27T20:22:40+00:00,poll,espn,cfcac39,150,20,0,0,0,3,ok,
b14d0238-32b8-4ac7-bed5-2451c0872d7d,2026-09-27T20:37:35+00:00,2026-09-27T20:37:37+00:00,poll,espn,0dfda63,146,26,0,0,0,3,ok,
3c276486-4773-48b6-9d87-c22e0cfe8be3,2026-09-27T20:52:45+00:00,2026-09-27T20:52:47+00:00,poll,espn,7d4058f,146,9,0,0,0,3,ok,
e1db188a-d87f-410a-b6c3-142ee4742c25,2026-09-27T21:07:44+00:00,2026-09-27T21:07:47+00:00,poll,espn,b1be13b,146,13,0,0,0,3,ok,
8959661c-7189-44d9-95c9-d4bcb27b31d1,2026-09-27T21:22:42+00:00,2026-09-27T21:22:46+00:00,poll,espn,cf33ba4,146,5,0,0,0,3,ok,
d874591e-0e09-4626-9c3a-8e3f225c58dd,2026-09-27T21:37:40+00:00,2026-09-27T21:37:43+00:00,poll,espn,fe28513,146,7,0,0,0,3,ok,
4b3b6cbf-993e-4308-ad36-53b36651a691,2026-09-27T21:52:33+00:00,2026-09-27T21:52:35+00:00,poll,espn,e72f0e5,146,19,0,0,0,3,ok,
df7f1777-dd9c-4263-bea8-06e4c1c9fcfa,2026-09-27T22:07:37+00:00,2026-09-27T22:07:39+00:00,poll,espn,952c790,146,12,0,0,0,3,ok,
c948c177-3281-4845-9174-7f4fae7572bf,2026-09-27T22:22:37+00:00,2026-09-27T22:22:39+00:00,poll,espn,54284f1,146,21,0,0,0,3,ok,
4578932e-2dff-4a48-b25f-c6c079847355,2026-09-27T22:37:47+00:00,2026-09-27T22:37:49+00:00,poll,espn,9873143,146,11,0,0,0,3,ok,
223d6557-fe1b-43a4-abd5-ca7f506bbf16,2026-09-27T22:52:33+00:00,2026-09-27T22:52:35+00:00,poll,espn,efbfaa1,146,10,0,0,0,3,ok,
f619e3ba-b19e-4bd7-9a78-8495c264466a,2026-09-27T23:07:37+00:00,2026-09-27T23:07:39+00:00,poll,espn,fcaa5de,146,5,0,0,0,3,ok,
645fd6dc-d894-48cf-9575-016168592e16,2026-09-27T23:22:35+00:00,2026-09-27T23:22:37+00:00,poll,espn,fa5ff4c,146,1,0,0,0,3,ok,
afd2318a-053d-431b-85e7-9c99b0ad5674,2026-09-27T23:37:47+00:00,2026-09-27T23:37:49+00:00,poll,espn,dd716f6,146,6,0,0,0,3,ok,
c35f15e5-d30f-4c00-a0c0-f588e8c1a314,2026-09-27T23:52:46+00:00,2026-09-27T23:52:49+00:00,poll,espn,a6fd8b3,146,17,0,0,0,3,ok,
218afd2f-986d-43f5-82fd-9409153a3dc7,2026-09-28T00:52:37+00:00,2026-09-28T00:52:40+00:00,poll,espn,0c646c2,144,49,0,0,0,3,ok,
751112d5-4bfc-4e58-b6df-c4fbd761a6a5,2026-09-28T01:52:43+00:00,2026-09-28T01:52:46+00:00,poll,espn,7e95d40,144,14,0,0,0,3,ok,
8ecda7bd-5543-4677-a793-686d32d06f8f,2026-09-28T02:52:45+00:00,2026-09-28T02:52:47+00:00,poll,espn,accf64c,144,12,0,0,0,3,ok,
5663d60f-cbea-4775-aa9a-c7819cb8a209,2026-09-28T03:52:43+00:00,2026-09-28T03:52:47+00:00,poll,espn,5b947e2,144,8,0,0,0,3,ok,
047d77d0-17bc-4042-9037-a763abd01c23,2026-09-28T04:52:43+00:00,2026-09-28T04:52:46+00:00,poll,espn,3031421,146,17,0,0,0,3,ok,
cccbc5c8-f881-46fe-b3ee-bc26c2796e3b,2026-09-28T05:52:35+00:00,2026-09-28T05:52:37+00:00,poll,espn,02b805a,146,14,0,0,0,3,ok,
4ed95be0-190e-4cbb-8788-8932a9d5d074,2026-09-28T06:52:33+00:00,2026-09-28T06:52:35+00:00,poll,espn,58d09a5,146,5,0,0,0,3,ok,
3721623d-0ce1-4429-9628-42127b0bfc01,2026-09-28T07:52:45+00:00,2026-09-28T07:52:49+00:00,poll,espn,6962a9c,146,6,0,0,0,3,ok,
2a5bbb44-47ed-4156-9ce3-ac12ce889321,2026-09-28T08:52:38+00:00,2026-09-28T08:52:40+00:00,poll,espn,8cfc05c,146,2,0,0,0,3,ok,
49f0c205-45bd-4e07-936c-056d646bee9c,2026-09-28T09:52:41+00:00,2026-09-28T09:52:43+00:00,poll,espn,c063d78,146,1,0,0,0,3,ok,
527d3e89-c281-469a-b49e-068995b54805,2026-09-28T10:52:45+00:00,2026-09-28T10:52:47+00:00,poll,espn,f57b6a3,146,8,0,0,0,3,ok,
40621df4-b163-4704-9b78-09a981cc064b,2026-09-28T11:52:41+00:00,2026-09-28T11:52:43+00:00,poll,espn,465b4e2,146,9,0,0,0,3,ok,
71abf6e4-92a5-4eab-855d-0260c0dff655,2026-09-28T12:52:43+00:00,2026-09-28T12:52:44+00:00,poll,espn,a98ab58,146,25,0,0,0,3,ok,
1271c144-78aa-439d-a307-0044cff95848,2026-09-28T13:52:40+00:00,2026-09-28T13:52:42+00:00,poll,espn,d8d2efe,146,32,0,0,0,3,ok,
93d51f7b-43a9-44b9-9820-0a12f3d1178e,2026-09-28T14:52:39+00:00,2026-09-28T14:52:41+00:00,poll,espn,7f1b57b,146,32,0,0,0,3,ok,
f54568f2-7972-49e8-a346-6af7fb8d7e56,2026-09-28T15:52:43+00:00,2026-09-28T15:52:45+00:00,poll,espn,07642e2,146,31,0,0,0,3,ok,
38e6c9cf-72ff-4528-b505-d64ea4d7047e,2026-09-28T16:45:28+00:00,2026-09-28T16:45:30+00:00,poll,espn,00cf264,146,15,0,0,0,3,ok,
93f6bc33-1494-4550-b6a0-1f0d7fb5a5f8,2026-09-28T17:52:43+00:00,2026-09-28T17:52:45+00:00,poll,espn,c4764a8,146,19,0,0,0,3,ok,
5ba53d78-9833-4cac-af79-c3410dcdeb28,2026-09-28T18:52:39+00:00,2026-09-28T18:52:41+00:00,poll,espn,f247ef1,146,8,0,0,0,3,ok,
b33f0f79-63f0-451c-815f-24404809b3d9,2026-09-28T19:52:46+00:00,2026-09-28T19:52:48+00:00,poll,espn,fea04bf,146,13,0,0,0,3,ok,
e9e9538a-6c4b-4362-96aa-0865cb18a8c9,2026-09-28T20:52:38+00:00,2026-09-28T20:52:41+00:00,poll,espn,3dd9a88,146,20,0,0,0,3,ok,
0ebfc08a-9370-4345-a89a-ef71e341868f,2026-09-28T21:07:44+00:00,2026-09-28T21:07:47+00:00,poll,espn,7597469,146,6,0,0,0,3,ok,
a1e2d941-ccac-42ff-a8fc-a6c098ba9a6b,2026-09-28T21:23:13+00:00,2026-09-28T21:23:16+00:00,poll,espn,064c8dd,146,13,0,0,0,3,ok,
ae710ed6-9bcc-4eba-a4c8-6e26a37090f3,2026-09-28T21:37:36+00:00,2026-09-28T21:37:37+00:00,poll,espn,6a0feea,146,7,0,0,0,3,ok,
ea390b0d-9438-4d8d-8fb1-2cedbd6b71e6,2026-09-28T21:52:38+00:00,2026-09-28T21:52:41+00:00,poll,espn,b911c00,146,4,0,0,0,3,ok,
0c4cf906-9ae2-432f-a7de-47ca1f4b7339,2026-09-28T22:07:52+00:00,2026-09-28T22:07:55+00:00,poll,espn,6e5b3ca,146,3,0,0,0,3,ok,
98275127-2d77-4cfe-81c6-a18c765822b0,2026-09-28T22:22:38+00:00,2026-09-28T22:22:42+00:00,poll,espn,a1ffb24,146,2,0,0,0,3,ok,
1a710f10-7376-4bd2-9b0e-db5bc714d564,2026-09-28T22:37:38+00:00,2026-09-28T22:37:41+00:00,poll,espn,09fcdf8,146,2,0,0,0,3,ok,
efd697cf-c90e-44ef-a37f-4a66bab27f49,2026-09-28T22:52:43+00:00,2026-09-28T22:52:47+00:00,poll,espn,695b4c4,146,3,0,0,0,3,ok,
c3e37b8c-b177-45d0-9af7-b8d2506c550e,2026-09-28T23:07:38+00:00,2026-09-28T23:07:41+00:00,poll,espn,ad98be2,146,1,0,0,0,3,ok,
445bc6d3-ead5-4b27-97dd-d3fa0f8c9de7,2026-09-28T23:22:37+00:00,2026-09-28T23:22:39+00:00,poll,espn,7b318f6,146,0,0,0,0,3,ok,
09e31768-d2ed-4ae4-aea3-8d6124a46d3b,2026-09-28T23:34:05+00:00,2026-09-28T23:34:07+00:00,poll,espn,06d6ece,146,2,0,0,0,3,ok,
b5259807-42ba-46a4-8475-fff0be8d68e8,2026-09-28T23:52:37+00:00,2026-09-28T23:52:40+00:00,poll,espn,7e2a845,146,0,0,0,0,3,ok,
35f833ac-2121-4f7e-b48e-b5f796263048,2026-09-29T00:07:39+00:00,2026-09-29T00:07:43+00:00,poll,espn,d9d9be6,146,2,0,0,0,3,ok,
7af8a3ce-fbcd-43ed-bc6f-317cac6b4a24,2026-09-29T00:22:38+00:00,2026-09-29T00:22:40+00:00,poll,espn,200da82,144,2,0,0,0,3,ok,
f958c785-f201-492e-9125-d393d5dde9a8,2026-09-29T00:37:40+00:00,2026-09-29T00:37:42+00:00,poll,espn,ca78c25,144,1,0,0,0,3,ok,
7f284518-3c9d-4095-b1e2-7066d0a33278,2026-09-29T00:52:34+00:00,2026-09-29T00:52:36+00:00,poll,espn,5d973eb,144,1,0,0,0,3,ok,
905e1ede-f1a3-47b9-9f8a-f922e9a4742c,2026-09-29T01:07:51+00:00,2026-09-29T01:08:25+00:00,poll,espn,d9675fd,144,0,0,0,0,3,ok,
6256fc7b-8d11-43cc-8521-6752e09eec63,2026-09-29T01:22:39+00:00,2026-09-29T01:22:41+00:00,poll,espn,102084e,144,0,0,0,0,3,ok,
8ff3fcfe-4cd5-4962-ace1-4ee2152cc722,2026-09-29T01:37:35+00:00,2026-09-29T01:37:37+00:00,poll,espn,8a74146,144,2,0,0,0,3,ok,
6f4c4d90-6f2a-4ec8-9104-4192dfcf43b8,2026-09-29T01:52:37+00:00,2026-09-29T01:52:39+00:00,poll,espn,9abc4c1,144,0,0,0,0,3,ok,
2a69f717-a265-48d4-9bd1-acef674d721b,2026-09-29T02:07:36+00:00,2026-09-29T02:07:39+00:00,poll,espn,191c3f4,144,2,0,0,0,3,ok,
06e43451-af0c-4f20-891a-aa72254197c4,2026-09-29T02:22:40+00:00,2026-09-29T02:22:43+00:00,poll,espn,df7eb94,144,0,0,0,0,3,ok,
44140a92-a5b4-419f-9773-a9e7240abc27,2026-09-29T02:37:40+00:00,2026-09-29T02:37:42+00:00,poll,espn,41a2052,144,1,0,0,0,3,ok,
a1c7c51b-92a4-43a7-b666-81e9c8d3d2a2,2026-09-29T02:52:40+00:00,2026-09-29T02:52:42+00:00,poll,espn,394e5ff,144,1,0,0,0,3,ok,
1ba75c3a-1b75-4325-aaee-71829d14c5f9,2026-09-29T03:52:38+00:00,2026-09-29T03:52:40+00:00,poll,espn,55b1cb1,144,4,0,0,0,3,ok,
d492d3a2-48d7-4baa-bcae-6ba4522832a6,2026-09-29T04:52:37+00:00,2026-09-29T04:52:38+00:00,poll,espn,fd23c4f,144,3,0,0,0,3,ok,
c940bcbb-7afe-4cbb-a123-2b0a8a95b8c8,2026-09-29T05:52:37+00:00,2026-09-29T05:52:40+00:00,poll,espn,7be8b51,144,0,0,0,0,3,ok,
91e422a8-dc74-4816-acd0-59f78defd23b,2026-09-29T06:52:38+00:00,2026-09-29T06:52:40+00:00,poll,espn,2b2ed2d,144,1,0,0,0,3,ok,
1c6e391c-e293-4bc5-bb86-9e05ec073c49,2026-09-29T07:52:40+00:00,2026-09-29T07:52:42+00:00,poll,espn,e18f57b,144,0,0,0,0,3,ok,
0d968316-72b2-46f5-88d9-e124b06bf3d6,2026-09-29T08:52:48+00:00,2026-09-29T08:52:50+00:00,poll,espn,46898dd,144,0,0,0,0,3,ok,
4b80c470-07a1-4808-bbcd-5c1a1342289f,2026-09-29T09:52:42+00:00,2026-09-29T09:52:43+00:00,poll,espn,5e82106,144,6,0,0,0,3,ok,
4df59e56-f706-4d6b-a195-fd04f46bbb61,2026-09-29T10:52:46+00:00,2026-09-29T10:52:48+00:00,poll,espn,0571381,144,5,0,0,0,3,ok,
dc6e59fb-1151-4646-acc6-ded34f29673b,2026-09-29T11:52:43+00:00,2026-09-29T11:52:45+00:00,poll,espn,ef63072,144,3,0,0,0,3,ok,
9c4fd006-603d-4bbc-a6c1-bc69bd383960,2026-09-29T12:52:34+00:00,2026-09-29T12:52:36+00:00,poll,espn,24f1bac,144,6,0,0,0,3,ok,
123bfa9d-34d6-4a68-a09c-332452e4472c,2026-09-29T13:52:42+00:00,2026-09-29T13:52:44+00:00,poll,espn,71c7174,144,20,0,0,0,3,ok,
a31e6e24-00d7-4a50-9d65-e1659fe18d16,2026-09-29T14:51:35+00:00,2026-09-29T14:51:38+00:00,poll,espn,0301253,144,11,0,0,0,3,ok,
5fe27967-ac6b-49e1-929c-76b861711427,2026-09-29T15:58:03+00:00,2026-09-29T15:58:04+00:00,poll,espn,c9a1af3,144,18,0,0,0,3,ok,
28f4bff6-c677-4c5b-862a-7785db2f2b55,2026-09-29T17:07:45+00:00,2026-09-29T17:07:48+00:00,poll,espn,70a3741,144,18,0,0,0,3,ok,
5fc4d3dd-7767-4a0e-97ec-f8acbaf535fb,2026-09-29T18:07:51+00:00,2026-09-29T18:07:54+00:00,poll,espn,b259c1b,144,12,0,0,0,3,ok,
84860fec-0863-4b23-a5bf-a99f5b7087f5,2026-09-29T19:07:40+00:00,2026-09-29T19:07:42+00:00,poll,espn,91bfad3,144,5,0,0,0,3,ok,
bc94ddf8-9ae2-4011-9956-1c6ed31e4d43,2026-09-29T20:07:53+00:00,2026-09-29T20:07:55+00:00,poll,espn,b260894,144,9,0,0,0,3,ok,
a1c0c298-5693-49de-a6e6-204a4e9af618,2026-09-29T21:07:46+00:00,2026-09-29T21:07:51+00:00,poll,espn,2221785,144,7,0,0,0,3,ok,
1a0979d7-ea0e-43a9-816f-97647e556480,2026-09-29T22:07:45+00:00,2026-09-29T22:07:47+00:00,poll,espn,fc730d2,144,3,0,0,0,3,ok,
6918e8e8-f2a0-4fe1-bb3b-4ee504e9aa3f,2026-09-29T23:07:38+00:00,2026-09-29T23:07:40+00:00,poll,espn,6718886,144,3,0,0,0,3,ok,
77d3e28f-5e6e-48b0-ad0f-6db4742bdfac,2026-09-30T00:07:34+00:00,2026-09-30T00:07:37+00:00,poll,espn,9caa733,144,1,0,0,0,3,ok,
b8cbb65f-12e4-4937-afbf-39401061dd2e,2026-09-30T01:07:32+00:00,2026-09-30T01:07:34+00:00,poll,espn,4b34ff1,144,4,0,0,0,3,ok,
c36a7521-8fff-418e-983c-f11f3eeba685,2026-09-30T02:07:39+00:00,2026-09-30T02:07:42+00:00,poll,espn,c1eceab,144,2,0,0,0,3,ok,
e4e27099-89d0-4d91-bca6-bce68aa1a015,2026-09-30T03:07:32+00:00,2026-09-30T03:07:34+00:00,poll,espn,cf65306,144,1,0,0,0,3,ok,
37fe2b0d-188e-4f44-a9c0-0996d8bc6f47,2026-09-30T04:07:38+00:00,2026-09-30T04:07:40+00:00,poll,espn,1878a45,144,1,0,0,0,3,ok,
dd294485-9232-4617-b9f2-ea24ca85d526,2026-09-30T05:07:44+00:00,2026-09-30T05:07:46+00:00,poll,espn,9a11a52,144,2,0,0,0,3,ok,
cd5f8987-fda3-44ed-89b1-63369c83de9f,2026-09-30T06:07:41+00:00,2026-09-30T06:07:43+00:00,poll,espn,91e2231,144,0,0,0,0,3,ok,
03640acf-8da8-438c-ab3f-dfaf069a5b0b,2026-09-30T07:07:51+00:00,2026-09-30T07:07:53+00:00,poll,espn,692de7a,144,0,0,0,0,3,ok,
35fb1f7c-84d9-46ec-9779-f540df3ec73b,2026-09-30T08:07:53+00:00,2026-09-30T08:07:55+00:00,poll,espn,b3cd842,144,1,0,0,0,3,ok,
e2855704-890c-4488-aaea-2f08f6efcd7f,2026-09-30T09:07:45+00:00,2026-09-30T09:07:48+00:00,poll,espn,a374961,144,2,0,0,0,3,ok,
a1cf2c56-b467-418f-94ef-f2ad54a12d91,2026-09-30T10:07:42+00:00,2026-09-30T10:07:45+00:00,poll,espn,d0822d9,144,1,0,0,0,3,ok,
ac916ad2-7407-4602-89ae-2d76bee6b69a,2026-09-30T11:07:40+00:00,2026-09-30T11:07:42+00:00,poll,espn,b0993c5,144,1,0,0,0,3,ok,
13af807a-ee0a-497a-a6d0-d36bb21f2921,2026-09-30T12:07:44+00:00,2026-09-30T12:07:45+00:00,poll,espn,0189c40,144,1,0,0,0,3,ok,
d0c58d1b-5451-4fb1-93b4-dde088e450c2,2026-09-30T13:07:37+00:00,2026-09-30T13:07:40+00:00,poll,espn,3ab7b05,144,5,0,0,0,3,ok,
a0b80459-c36d-4c57-a5f9-9cc411b71e9f,2026-09-30T14:07:43+00:00,2026-09-30T14:07:45+00:00,poll,espn,877fa0f,144,8,0,0,0,3,ok,
9c1b992d-bfd3-4585-92fc-58aee994524c,2026-09-30T14:55:27+00:00,2026-09-30T14:55:29+00:00,poll,espn,2733fb9,144,6,0,0,0,3,ok,
62da41b7-50d5-49f1-84b0-469d5d96f7ea,2026-09-30T16:07:44+00:00,2026-09-30T16:07:47+00:00,poll,espn,ed35514,219,82,0,0,0,3,ok,
7fec863e-dcdb-4ea4-9259-b83ad38a2d69,2026-09-30T17:07:44+00:00,2026-09-30T17:07:49+00:00,poll,espn,4a1c989,219,16,0,0,0,3,ok,
2a9af349-ab2f-49c9-a25b-325fa8393e78,2026-09-30T18:07:35+00:00,2026-09-30T18:07:39+00:00,poll,espn,95499f4,219,9,0,0,0,3,ok,
a877c03e-7e94-49d9-bf04-557459e96cc4,2026-09-30T19:07:40+00:00,2026-09-30T19:07:44+00:00,poll,espn,3fef3b9,219,11,0,0,0,3,ok,
f68ed111-c804-428d-8a75-8a495ed880fa,2026-09-30T19:35:46+00:00,2026-09-30T19:35:48+00:00,poll,espn,feb41fb,219,5,0,0,0,3,ok,
4fb376ce-63f2-4a67-95e7-101ed23ad117,2026-09-30T20:26:40+00:00,2026-09-30T20:26:43+00:00,poll,espn,8ff677f,225,22,0,0,0,3,ok,
53019dee-64ee-4a7f-a830-9a5b0bd88404,2026-09-30T20:55:50+00:00,2026-09-30T20:55:53+00:00,poll,espn,d2ba84a,225,8,0,0,0,3,ok,
dc6efaa7-d27f-4fcf-bd9f-b846fbeb7211,2026-09-30T21:46:24+00:00,2026-09-30T21:46:27+00:00,poll,espn,f7d8b46,225,13,0,0,0,3,ok,
8ac37b7b-eeeb-451f-ba11-1a6536996b7a,2026-09-30T23:07:40+00:00,2026-09-30T23:07:43+00:00,poll,espn,106e74b,225,25,0,0,0,3,ok,
b59ed314-260e-48fd-8a18-6eb8c184ed64,2026-10-01T00:07:41+00:00,2026-10-01T00:07:44+00:00,poll,espn,c8f2ed3,223,8,4,0,0,2,ok,
f49e701c-8836-4e4d-a4b1-460b654edd9c,2026-10-01T01:07:39+00:00,2026-10-01T01:07:42+00:00,poll,espn,80b971e,223,16,0,0,0,2,ok,
b707f4c4-3839-4d20-bf4b-12eb802b135b,2026-10-01T02:07:43+00:00,2026-10-01T02:07:47+00:00,poll,espn,c9319ef,223,8,0,0,0,2,ok,
b3649783-e89f-4487-ab5b-75a488e496f9,2026-10-01T03:07:37+00:00,2026-10-01T03:07:40+00:00,poll,espn,d83db98,220,7,0,0,0,2,ok,
7f59af47-a025-4d6c-bd03-012b9429a6ff,2026-10-01T04:07:41+00:00,2026-10-01T04:07:43+00:00,poll,espn,170be46,228,11,0,0,0,2,ok,
9d0a8750-3742-44ae-ae00-ee3fbe3c6be6,2026-10-01T05:07:39+00:00,2026-10-01T05:07:42+00:00,poll,espn,95daf7d,228,3,0,0,0,2,ok,
aa9a5214-21f0-4b39-b48a-3b5bd03eb558,2026-10-01T06:07:42+00:00,2026-10-01T06:07:44+00:00,poll,espn,a8b8e7d,228,2,0,0,0,2,ok,
ffa358b3-3f48-4800-9f2e-bcaec8762fa2,2026-10-01T07:09:07+00:00,2026-10-01T07:09:09+00:00,poll,espn,b2ef7d6,228,0,0,0,0,2,ok,
0f4d3953-83e6-408b-b740-d368b926212f,2026-10-01T08:07:39+00:00,2026-10-01T08:07:41+00:00,poll,espn,925980a,228,5,0,0,0,2,ok,
993e4dee-623e-446a-9f1f-bcc12fe6872a,2026-10-01T09:07:45+00:00,2026-10-01T09:07:48+00:00,poll,espn,b6fb32a,228,4,0,0,0,2,ok,
e1a1fbd8-6a03-4e6e-8fe9-c5ae0cd7b06f,2026-10-01T10:07:41+00:00,2026-10-01T10:07:43+00:00,poll,espn,6ff166d,228,2,0,0,0,2,ok,
9ba4dacf-b903-428b-bca0-9a64711f7332,2026-10-01T11:07:47+00:00,2026-10-01T11:07:50+00:00,poll,espn,1ef406f,228,7,0,0,0,2,ok,
97be8d76-0643-4a67-b308-fc3f73d10eea,2026-10-01T12:07:44+00:00,2026-10-01T12:07:47+00:00,poll,espn,a6a9bf1,228,3,0,0,0,2,ok,
64608513-b5a8-4ffb-a4df-22c91568fe9d,2026-10-01T13:07:44+00:00,2026-10-01T13:07:48+00:00,poll,espn,becec6d,228,7,0,0,0,2,ok,
1f9bdb03-e612-4af5-a055-7bfd5524f609,2026-10-01T14:08:15+00:00,2026-10-01T14:08:17+00:00,poll,espn,a904444,228,17,0,0,0,2,ok,
4b9e88aa-1a62-416f-9600-8323bef9c073,2026-10-01T15:07:44+00:00,2026-10-01T15:07:46+00:00,poll,espn,7f15b21,228,7,0,0,0,2,ok,
5c971f7e-e36f-4686-b318-610f24393800,2026-10-01T15:29:33+00:00,2026-10-01T15:29:35+00:00,poll,espn,f558aba,228,6,0,0,0,2,ok,
c0749082-58d0-4efa-adea-18a9bd42174e,2026-10-01T16:37:42+00:00,2026-10-01T16:37:45+00:00,poll,espn,1bc1d8f,234,21,0,0,0,2,ok,
1e1ebe98-0e5b-47ca-a630-91477b61de4c,2026-10-01T17:37:51+00:00,2026-10-01T17:37:54+00:00,poll,espn,4c4dc90,234,36,0,0,0,2,ok,
1b7d705a-c464-46e2-88d2-69ad0feb7d80,2026-10-01T18:37:42+00:00,2026-10-01T18:37:45+00:00,poll,espn,6f80f85,234,18,0,0,0,2,ok,
d442c714-19d9-41d8-8228-1e8c8cfb1397,2026-10-01T19:37:44+00:00,2026-10-01T19:37:46+00:00,poll,espn,9780624,234,10,0,0,0,2,ok,
c36c94bd-f9f0-4037-8043-2c222465a938,2026-10-01T20:37:44+00:00,2026-10-01T20:37:49+00:00,poll,espn,ff26444,234,26,0,0,0,2,ok,
cfaf41af-a74d-4323-9356-c8236f2a39c1,2026-10-01T21:07:58+00:00,2026-10-01T21:08:01+00:00,poll,espn,aee8f32,234,10,0,0,0,2,ok,
1a98d702-c8d7-4e3f-8bb5-4caa792548f5,2026-10-01T21:22:44+00:00,2026-10-01T21:22:47+00:00,poll,espn,5fe4dc5,234,4,0,0,0,2,ok,
52671d1d-5455-4fab-8fbc-a65e3f413c6e,2026-10-01T21:37:40+00:00,2026-10-01T21:37:43+00:00,poll,espn,f26bf39,234,2,0,0,0,2,ok,
9b25eb68-cbce-47af-ae2b-927ec72880ed,2026-10-01T21:52:32+00:00,2026-10-01T21:52:34+00:00,poll,espn,ee39edd,234,3,0,0,0,2,ok,
b6ec644e-7c4e-4301-adc3-f95dd38be94e,2026-10-01T22:07:48+00:00,2026-10-01T22:07:50+00:00,poll,espn,73d530d,234,4,0,0,0,2,ok,
9a5c434b-9168-4ca1-b173-a45a3cc5a594,2026-10-01T22:22:36+00:00,2026-10-01T22:22:39+00:00,poll,espn,f7669aa,234,8,0,0,0,2,ok,
24a847cb-c1f4-4420-9817-72841078ff8b,2026-10-01T22:37:41+00:00,2026-10-01T22:37:44+00:00,poll,espn,91e3496,234,4,0,0,0,2,ok,
411491fd-8962-4bca-89dd-8bec013286c9,2026-10-01T22:52:43+00:00,2026-10-01T22:52:46+00:00,poll,espn,1a2b43f,234,3,0,0,0,2,ok,
cebba2e3-6dc8-4455-b743-3a496b67c24c,2026-10-01T23:07:49+00:00,2026-10-01T23:07:51+00:00,poll,espn,d4f64b7,234,3,0,0,0,2,ok,
5f462847-772a-467b-9a20-5ae5ec4fed08,2026-10-01T23:23:14+00:00,2026-10-01T23:23:18+00:00,poll,espn,3b95ecd,225,3,0,0,0,2,ok,
a6f8f628-56e1-4f38-8156-895dc52c61da,2026-10-01T23:37:39+00:00,2026-10-01T23:37:42+00:00,poll,espn,631295b,225,2,0,0,0,2,ok,
4c42681e-96d6-49fd-b882-9faa73e2a344,2026-10-01T23:52:33+00:00,2026-10-01T23:52:36+00:00,poll,espn,f4af50e,225,2,0,0,0,2,ok,
cb37d259-a20a-45c7-af43-df31cf9bbe27,2026-10-02T00:07:39+00:00,2026-10-02T00:07:42+00:00,poll,espn,9fe30c5,223,4,0,2,0,2,ok,
ab56344b-f940-4a5a-ba61-8136fe4768ca,2026-10-02T00:22:43+00:00,2026-10-02T00:22:46+00:00,poll,espn,f2299c7,218,9,0,0,0,2,ok,
063959cf-7009-4380-aca1-fb3e7a67141b,2026-10-02T00:37:43+00:00,2026-10-02T00:37:46+00:00,poll,espn,6aee030,218,5,0,0,0,2,ok,
f9dfd525-884d-408f-b287-bcb6288ac771,2026-10-02T00:52:38+00:00,2026-10-02T00:52:41+00:00,poll,espn,e1998be,218,6,0,0,0,2,ok,
0df0b21e-563f-4dc1-9f69-f2eb91f668b2,2026-10-02T01:07:39+00:00,2026-10-02T01:08:02+00:00,poll,espn,c063cd8,216,5,0,2,0,2,ok,
54bcf38a-83ee-4247-a416-06bcfbbb5ce8,2026-10-02T01:22:47+00:00,2026-10-02T01:22:54+00:00,poll,espn,779ba65,213,5,0,0,0,2,ok,
4ea251a8-718d-42f6-af6f-bf2b0543cd4f,2026-10-02T01:37:41+00:00,2026-10-02T01:37:44+00:00,poll,espn,4328967,213,4,0,0,0,2,ok,
3ad8039b-4269-44a6-b9ed-96157e967f35,2026-10-02T01:52:40+00:00,2026-10-02T01:52:43+00:00,poll,espn,8320510,210,4,0,0,0,2,ok,
8cf4e51e-c0ed-41d2-8fd9-8b15f5ec343d,2026-10-02T02:07:49+00:00,2026-10-02T02:07:55+00:00,poll,espn,dfcf145,210,0,0,0,0,2,ok,
85b4a96d-1af9-4b25-af45-2fb785f9ae51,2026-10-02T02:22:39+00:00,2026-10-02T02:22:43+00:00,poll,espn,c4ae8dd,204,2,0,0,0,2,ok,
f24cd0f1-25b2-4cfd-978d-4747f1f5f1b8,2026-10-02T02:37:36+00:00,2026-10-02T02:37:39+00:00,poll,espn,a423e07,204,6,0,0,0,2,ok,
bbd86a8b-b35a-4cc8-8a66-730997bbe97e,2026-10-02T02:52:38+00:00,2026-10-02T02:52:43+00:00,poll,espn,9e1d302,204,1,0,0,0,2,ok,
a479e909-d52f-47c5-8884-e4529e618b94,2026-10-02T03:52:37+00:00,2026-10-02T03:52:40+00:00,poll,espn,a5f52bb,204,2,0,0,0,2,ok,
78e71d9a-2e1c-44de-af11-2a86f771d44d,2026-10-02T04:52:40+00:00,2026-10-02T04:52:43+00:00,poll,espn,5e5a435,208,7,4,0,0,2,ok,
f8c2fce3-6dba-4f4c-803e-687fb50fd9a7,2026-10-02T05:52:46+00:00,2026-10-02T05:52:51+00:00,poll,espn,7fc792c,208,2,0,0,0,2,ok,
7caad9ef-8e2a-4e3e-808b-06ad6eb1794a,2026-10-02T06:52:41+00:00,2026-10-02T06:52:43+00:00,poll,espn,0527f57,208,3,0,0,0,2,ok,
d882e945-2f42-41e8-b5ef-3031ca3de2c4,2026-10-02T07:52:41+00:00,2026-10-02T07:52:44+00:00,poll,espn,2601360,208,2,0,0,0,2,ok,
84f077cf-8c15-4043-a9d4-0fe65ebf991b,2026-10-02T08:52:47+00:00,2026-10-02T08:52:50+00:00,poll,espn,49ebbc4,208,3,0,0,0,2,ok,
2c65ea64-5d94-43ee-a745-dc8e4142cfaf,2026-10-02T09:52:49+00:00,2026-10-02T09:52:53+00:00,poll,espn,26c915f,208,0,0,0,0,2,ok,
eb2526d7-80d7-4847-9c5d-a907eadb77b2,2026-10-02T10:52:43+00:00,2026-10-02T10:52:46+00:00,poll,espn,d36e990,208,1,0,0,0,2,ok,
4d80a0db-f102-45fd-b37e-bb218d5a5af4,2026-10-02T11:52:54+00:00,2026-10-02T11:52:57+00:00,poll,espn,8e14862,208,8,0,0,0,2,ok,
34d656b0-321a-418d-9f36-dd05b0c7e561,2026-10-02T12:52:50+00:00,2026-10-02T12:52:56+00:00,poll,espn,55e7b39,208,4,0,0,0,2,ok,
fc7688a3-85e0-4171-acb0-93a53a9e1b11,2026-10-02T13:52:39+00:00,2026-10-02T13:52:43+00:00,poll,espn,cf63a82,208,6,0,0,0,2,ok,
43fa3fa5-7da0-4f28-85ba-4ba44ea5cbbc,2026-10-02T14:46:34+00:00,2026-10-02T14:46:38+00:00,poll,espn,d56c8af,208,6,0,0,0,2,ok,
ed66d7b2-9e99-496c-a41f-1b78777bd3ac,2026-10-02T15:52:46+00:00,2026-10-02T15:52:50+00:00,poll,espn,bc30a77,232,34,0,0,0,2,ok,
aef757de-628b-45a5-a85e-b22828ff3e81,2026-10-02T16:52:40+00:00,2026-10-02T16:52:43+00:00,poll,espn,3adea12,232,19,0,0,0,2,ok,
ec293ef3-34ec-4330-96c3-0ca5267eff1c,2026-10-02T17:52:40+00:00,2026-10-02T17:52:43+00:00,poll,espn,334f9fd,232,35,0,0,0,2,ok,
846919b8-b3c0-430d-85ef-b88b0221272a,2026-10-02T18:52:40+00:00,2026-10-02T18:52:43+00:00,poll,espn,234e6aa,232,23,0,0,0,2,ok,
a6871dc4-a8e7-40cd-88ef-6e7e47d7fd7e,2026-10-02T19:52:40+00:00,2026-10-02T19:52:43+00:00,poll,espn,ec5c8d5,232,18,0,0,0,2,ok,
b948e7cc-f65f-4847-b23e-1e4441042396,2026-10-02T20:52:39+00:00,2026-10-02T20:52:42+00:00,poll,espn,98fcc87,232,21,0,0,0,2,ok,
2b4bae3b-5787-47f2-80b2-35bb52329bd7,2026-10-02T21:07:42+00:00,2026-10-02T21:07:44+00:00,poll,espn,f091920,232,6,0,0,0,2,ok,
e1ff97ef-6af9-44b7-8fca-f0e26f627fd4,2026-10-02T21:22:45+00:00,2026-10-02T21:22:47+00:00,poll,espn,cfe2cea,232,6,0,0,0,2,ok,
65f27e04-b01b-4690-bfdf-b724f4d094c7,2026-10-02T21:37:52+00:00,2026-10-02T21:37:57+00:00,poll,espn,8df4a56,232,9,0,0,0,2,ok,
4ff7ebfd-5fc4-46c7-beb0-45babbfe8d61,2026-10-02T21:52:44+00:00,2026-10-02T21:52:47+00:00,poll,espn,c362784,232,7,0,0,0,2,ok,
dbc07773-eedf-4631-ae75-ff7bcfb0eb8a,2026-10-02T22:07:51+00:00,2026-10-02T22:07:56+00:00,poll,espn,1e75b6e,232,4,0,0,0,2,ok,
61dcd1e8-dfb9-4a02-9374-591456637ed2,2026-10-02T22:22:38+00:00,2026-10-02T22:22:41+00:00,poll,espn,0a39c1c,232,3,0,0,0,2,ok,
b7f84b12-04e5-4c4d-b8c7-54450b0f22c2,2026-10-02T22:37:38+00:00,2026-10-02T22:37:42+00:00,poll,espn,2f6aa57,232,7,0,0,0,2,ok,
8d1a0ccb-4f3e-476e-b577-5152ab2cb0a1,2026-10-02T22:52:45+00:00,2026-10-02T22:52:48+00:00,poll,espn,43c85f5,229,7,0,0,0,2,ok,
b4bded43-6f0b-49bf-b12d-7c8e80535cda,2026-10-02T23:07:38+00:00,2026-10-02T23:07:42+00:00,poll,espn,bb30b7f,222,3,0,4,0,2,ok,
690cfc65-cad2-438b-b901-014bc44380bc,2026-10-02T23:22:34+00:00,2026-10-02T23:22:36+00:00,poll,espn,235d4da,222,5,0,0,0,2,ok,
32422241-fc07-4b35-a27e-1554f3de5d5e,2026-10-02T23:37:46+00:00,2026-10-02T23:37:51+00:00,poll,espn,552c4c8,222,4,0,0,0,2,ok,
648ed6e4-427d-494f-bd69-3729c8edf0eb,2026-10-02T23:50:24+00:00,2026-10-02T23:50:26+00:00,poll,espn,ca15ab0,222,3,0,0,0,2,ok,
49e16a4a-85e3-431c-b2df-90860508fee2,2026-10-03T00:07:38+00:00,2026-10-03T00:07:41+00:00,poll,espn,54e7b57,222,5,0,2,0,2,ok,
d680a4a3-1adf-4284-8794-442326de9ccf,2026-10-03T00:22:37+00:00,2026-10-03T00:22:41+00:00,poll,espn,9c86bb8,217,3,0,0,0,2,ok,
2ecb3464-f682-4605-81fb-ccb69715e08f,2026-10-03T00:37:39+00:00,2026-10-03T00:37:42+00:00,poll,espn,58b5b55,217,2,0,0,0,2,ok,
c24c5696-db1e-463e-be53-be1d1d33bc98,2026-10-03T00:52:39+00:00,2026-10-03T00:52:42+00:00,poll,espn,ef16bc1,217,1,0,0,0,2,ok,
a72922c8-f21d-4abc-8ed8-a51a788fcaa8,2026-10-03T01:07:46+00:00,2026-10-03T01:07:49+00:00,poll,espn,9b896b1,217,4,0,0,0,2,ok,
ea11ccba-0c58-4bbf-ba35-fd4de7653c42,2026-10-03T01:22:40+00:00,2026-10-03T01:22:43+00:00,poll,espn,acb21fa,214,1,0,0,0,2,ok,
fe139442-c149-44f2-98e2-f6efd6c21835,2026-10-03T01:37:36+00:00,2026-10-03T01:37:40+00:00,poll,espn,72f154b,214,2,0,0,0,2,ok,
f4928b72-7c8d-4c1e-8105-77a65d0f35fa,2026-10-03T01:52:38+00:00,2026-10-03T01:52:42+00:00,poll,espn,fa2dd6e,214,1,0,0,0,2,ok,
5dd57860-abd9-4a4c-8eb2-da0d74fad333,2026-10-03T02:07:38+00:00,2026-10-03T02:07:42+00:00,poll,espn,a4d108f,211,4,0,0,0,2,ok,
287c108b-79d4-45e5-83ef-5cc4b8d2533d,2026-10-03T02:22:42+00:00,2026-10-03T02:22:45+00:00,poll,espn,6fae545,211,3,0,0,0,2,ok,
81b73e6e-16c0-4272-baa3-65c75daec11f,2026-10-03T02:37:32+00:00,2026-10-03T02:37:35+00:00,poll,espn,5151371,211,2,0,0,0,2,ok,
178a916d-264b-4527-ae49-0cb44bd09cda,2026-10-03T02:52:42+00:00,2026-10-03T02:52:45+00:00,poll,espn,679cac7,211,1,0,0,0,2,ok,
0a86c586-3d27-45c2-8b75-2e2c880935bf,2026-10-03T03:52:38+00:00,2026-10-03T03:52:41+00:00,poll,espn,365363b,211,12,0,0,0,2,ok,
e00e7187-552b-4a6a-9cba-4a317e253e87,2026-10-03T04:52:52+00:00,2026-10-03T04:52:56+00:00,poll,espn,0af5566,230,26,16,0,0,2,ok,
d479602a-c7cc-40f7-9491-190d31bb47c1,2026-10-03T05:52:50+00:00,2026-10-03T05:52:54+00:00,poll,espn,f880344,230,5,0,0,0,2,ok,
f7aa187b-b100-48a6-a187-f36f08201040,2026-10-03T06:52:40+00:00,2026-10-03T06:52:44+00:00,poll,espn,eafdcbd,230,2,0,0,0,2,ok,
d6aaf705-3c67-40b2-93db-64958f1ea46e,2026-10-03T07:52:52+00:00,2026-10-03T07:52:55+00:00,poll,espn,0ee2464,230,5,0,0,0,2,ok,
13d80297-3bd7-401e-a2a8-9921ef2174bc,2026-10-03T08:52:45+00:00,2026-10-03T08:52:48+00:00,poll,espn,ceef26c,230,5,0,0,0,2,ok,
890958d8-9b6d-4440-b1f0-d94ecd24070c,2026-10-03T09:52:37+00:00,2026-10-03T09:52:41+00:00,poll,espn,d46d7ac,230,5,0,0,0,2,ok,
9ad81625-7c59-4c16-baa1-a2b9ee07ea6a,2026-10-03T10:52:41+00:00,2026-10-03T10:52:43+00:00,poll,espn,3962e4b,230,2,0,0,0,2,ok,
d73b2968-0c47-4546-8956-1e2caaad0030,2026-10-03T11:52:43+00:00,2026-10-03T11:52:46+00:00,poll,espn,7c8efe9,230,11,0,0,0,2,ok,
641ee4c5-f3b9-4c03-a781-bba0bb820253,2026-10-03T12:07:29+00:00,2026-10-03T12:07:32+00:00,poll,espn,0c3ecaf,230,5,0,0,0,2,ok,
c8614c85-35fd-43c2-a7cd-8b7829952965,2026-10-03T12:22:40+00:00,2026-10-03T12:22:44+00:00,poll,espn,abc09d9,230,3,0,0,0,2,ok,
f8df8cf5-d2f2-45d1-ba25-b0a737427602,2026-10-03T12:37:40+00:00,2026-10-03T12:37:42+00:00,poll,espn,8f25e89,230,2,0,0,0,2,ok,
00305748-1a11-4e3f-ac48-9705a8f91945,2026-10-03T12:52:46+00:00,2026-10-03T12:52:49+00:00,poll,espn,1eeaf8d,230,2,0,0,0,2,ok,
bea45c39-4df8-40fb-8a1b-c13eef8f1fea,2026-10-03T13:07:49+00:00,2026-10-03T13:07:52+00:00,poll,espn,67d4b94,230,3,0,0,0,2,ok,
b347c7ab-9c34-4bdd-ae88-d0ad9fb31b67,2026-10-03T13:23:04+00:00,2026-10-03T13:23:08+00:00,poll,espn,4c96e33,230,7,0,0,0,2,ok,
3d2e27f8-5527-4d67-ba0e-34fd65922f7f,2026-10-03T13:52:41+00:00,2026-10-03T13:52:45+00:00,poll,espn,a156e1c,230,14,0,0,0,2,ok,
95858b38-042a-4398-8e6c-15c8adaf410d,2026-10-03T14:07:41+00:00,2026-10-03T14:07:44+00:00,poll,espn,f006812,230,9,0,0,0,2,ok,
5d7506df-abd4-49bc-8a29-5e1be31a080a,2026-10-03T14:26:21+00:00,2026-10-03T14:26:24+00:00,poll,espn,7059a9f,230,18,0,0,0,2,ok,
ab698b9b-cd7a-4fde-a421-0cc23292239a,2026-10-03T14:51:08+00:00,2026-10-03T14:51:12+00:00,poll,espn,328f6b0,230,18,0,0,0,2,ok,
5f6082c0-3a48-489d-a9bb-70dca9092e7f,2026-10-03T15:07:30+00:00,2026-10-03T15:07:33+00:00,poll,espn,42b0aa2,237,20,0,2,0,2,ok,
f19f29e9-be1c-4975-a9fa-4f157c031042,2026-10-03T15:22:45+00:00,2026-10-03T15:22:50+00:00,poll,espn,60ddc30,237,8,0,0,0,2,ok,
cc676ab1-97de-4837-8aa3-792a9ac57db3,2026-10-03T15:37:41+00:00,2026-10-03T15:37:44+00:00,poll,espn,6f0d9bf,237,11,0,0,0,2,ok,
0dcbb0b0-401e-4b23-b3e2-ed26f8edf183,2026-10-03T15:52:43+00:00,2026-10-03T15:52:48+00:00,poll,espn,264a0c9,237,13,0,0,0,2,ok,
5a919c8d-0aa0-456a-815f-725fbe0a9daa,2026-10-03T16:07:44+00:00,2026-10-03T16:07:47+00:00,poll,espn,7bd35aa,229,17,0,20,0,2,ok,
c11b3dea-8dbb-437a-a037-0a71c2b6f79e,2026-10-03T16:22:37+00:00,2026-10-03T16:22:40+00:00,poll,espn,505a921,217,15,0,0,0,2,ok,
146dbdc2-1f6d-4119-911d-f766b99fd893,2026-10-03T16:37:38+00:00,2026-10-03T16:37:41+00:00,poll,espn,52b4905,215,7,0,2,0,2,ok,
348caaeb-d7d5-4e90-8321-b902b951056c,2026-10-03T16:52:40+00:00,2026-10-03T16:52:44+00:00,poll,espn,e6ede5d,213,8,0,2,0,2,ok,
6bd939d2-a108-42b0-8296-3ebb03f8e5d8,2026-10-03T17:08:15+00:00,2026-10-03T17:08:17+00:00,poll,espn,f5ef53b,211,5,0,2,0,2,ok,
20bc1987-30c8-4234-b21e-48c4792e5aaa,2026-10-03T17:22:38+00:00,2026-10-03T17:22:42+00:00,poll,espn,d121fcf,211,6,0,0,0,2,ok,
899455cc-fa22-4f69-88b9-278d5184f94d,2026-10-03T17:37:38+00:00,2026-10-03T17:37:40+00:00,poll,espn,e85bb39,211,2,0,0,0,2,ok,
17aef381-5a52-455c-8814-5080641c6b29,2026-10-03T17:52:39+00:00,2026-10-03T17:52:43+00:00,poll,espn,144072e,211,4,0,0,0,2,ok,
a01e622d-5073-4011-aadf-f8cbcd6823d7,2026-10-03T18:07:42+00:00,2026-10-03T18:07:45+00:00,poll,espn,6de4808,209,5,0,2,0,2,ok,
cd383dfe-be30-4026-95b7-2af7911dca75,2026-10-03T18:22:37+00:00,2026-10-03T18:22:40+00:00,poll,espn,0f417b1,209,2,0,0,0,2,ok,
