signal_id,created_at,run_id,game_id,season,week,market,book,open_line,entry_line,entry_price,atlas_number,disagreement,direction,selection,model_version,entry_price_side
d009be7e-db53-57b6-b1b5-9a4460000b76,2026-09-22T17:22:01+00:00,migrated-2026-09-22,401856696,2026,4,margin,DraftKings,11.500,12.500,-110.000,26.262,13.762,home,observed,73d507ab32ad,
a527264c-5b85-50f4-80b4-505ab19549a0,2026-09-22T17:22:01+00:00,migrated-2026-09-22,401856696,2026,4,total,DraftKings,46.500,53.500,-115.000,51.822,-1.678,under,observed,64a8b2aa5365,
e05ff27d-cf51-56f8-a8d1-cfd8816f2744,2026-09-22T17:22:01+00:00,migrated-2026-09-22,401856697,2026,4,margin,DraftKings,8.500,7.000,-110.000,13.021,6.021,home,observed,73d507ab32ad,
880bed40-e7c4-5cda-8997-7f93ad959531,2026-09-22T17:22:01+00:00,migrated-2026-09-22,401856697,2026,4,total,DraftKings,52.500,50.500,-112.000,55.337,4.837,over,observed,64a8b2aa5365,
989e80fc-82b2-51ce-8e1f-a8519bb58875,2026-09-22T17:22:01+00:00,migrated-2026-09-22,401856698,2026,4,margin,DraftKings,8.500,9.500,-110.000,-2.674,-12.174,away,observed,73d507ab32ad,
baf896c9-56b5-5bbb-983f-d60507d499d4,2026-09-22T17:22:01+00:00,migrated-2026-09-22,401856698,2026,4,total,DraftKings,50.500,55.500,-105.000,55.121,-0.379,under,observed,64a8b2aa5365,
11a42c30-4fbe-5d05-8190-aa85b5fea71f,2026-09-22T17:22:01+00:00,migrated-2026-09-22,401856699,2026,4,margin,DraftKings,1.500,3.500,-108.000,-1.271,-4.771,away,observed,73d507ab32ad,
3688bc9e-9f92-53f5-8128-f618297441e9,2026-09-22T17:22:01+00:00,migrated-2026-09-22,401856699,2026,4,total,DraftKings,57.500,58.500,-115.000,58.865,0.365,over,observed,64a8b2aa5365,
d6a4389b-899c-597e-8d97-c669991d0464,2026-09-22T17:22:01+00:00,migrated-2026-09-22,401856700,2026,4,margin,DraftKings,10.000,14.000,-110.000,14.750,0.750,home,observed,73d507ab32ad,
fdfab1c4-a9fd-57a5-af6e-236fce02f94a,2026-09-22T17:22:01+00:00,migrated-2026-09-22,401856700,2026,4,total,DraftKings,52.500,44.500,-115.000,44.199,-0.301,under,observed,64a8b2aa5365,
dcefa4c8-107b-589c-a365-29d5d6f7fe93,2026-09-22T17:22:01+00:00,migrated-2026-09-22,401856702,2026,4,margin,DraftKings,3.000,8.500,-110.000,11.095,2.595,home,observed,73d507ab32ad,
f0e33d86-aa06-5136-bc3b-33f4d3d2b259,2026-09-22T17:22:01+00:00,migrated-2026-09-22,401856702,2026,4,total,DraftKings,57.500,51.500,-112.000,44.427,-7.073,under,observed,64a8b2aa5365,
5dfc9152-cb5f-5fbe-9ddd-f350178f82e0,2026-09-22T17:22:01+00:00,migrated-2026-09-22,401856703,2026,4,margin,DraftKings,1.500,6.500,-108.000,6.174,-0.326,away,observed,73d507ab32ad,
a435a2de-f02d-50ce-a742-2cca8f91a468,2026-09-22T17:22:01+00:00,migrated-2026-09-22,401856703,2026,4,total,DraftKings,56.500,58.500,-112.000,54.324,-4.176,under,observed,64a8b2aa5365,
87ca4190-9730-58b2-98e9-794839b285ee,2026-09-22T17:22:01+00:00,migrated-2026-09-22,401856704,2026,4,margin,DraftKings,-7.000,-5.500,-110.000,-0.758,4.742,home,observed,73d507ab32ad,
c18c6301-c513-52d8-b26b-c47464250469,2026-09-22T17:22:01+00:00,migrated-2026-09-22,401856704,2026,4,total,DraftKings,56.500,55.500,-112.000,53.847,-1.653,under,observed,64a8b2aa5365,
8d2e8c5e-711d-5f7b-9fd1-244c169612fd,2026-09-22T17:22:01+00:00,migrated-2026-09-22,401856804,2026,4,margin,DraftKings,-13.500,-10.000,-108.000,-0.892,9.108,home,observed,73d507ab32ad,
65cbd6c1-8e3f-5dcc-b884-4cf63bdc0cb1,2026-09-22T17:22:01+00:00,migrated-2026-09-22,401856804,2026,4,total,DraftKings,48.500,48.500,-110.000,45.688,-2.812,under,observed,64a8b2aa5365,
8d9e2494-2dbb-576f-97f5-93e11e00e876,2026-09-22T17:22:01+00:00,migrated-2026-09-22,401856805,2026,4,margin,DraftKings,37.500,34.500,-108.000,24.330,-10.170,away,observed,73d507ab32ad,
3a337e06-ae72-52c2-848d-3d9be83974eb,2026-09-22T17:22:01+00:00,migrated-2026-09-22,401856805,2026,4,total,DraftKings,54.500,55.500,-108.000,52.128,-3.372,under,observed,64a8b2aa5365,
eb858bbf-4d1d-55ed-9111-8af90f15abf7,2026-09-22T17:22:01+00:00,migrated-2026-09-22,401856806,2026,4,margin,DraftKings,-19.500,-18.500,-110.000,-6.509,11.991,home,observed,73d507ab32ad,
eb8140db-9635-5037-98e4-030943e2b65f,2026-09-22T17:22:01+00:00,migrated-2026-09-22,401856806,2026,4,total,DraftKings,55.500,56.500,-108.000,50.924,-5.576,under,observed,64a8b2aa5365,
758e1e7d-d259-5c4e-a62d-4a0fea0930dd,2026-09-22T17:22:01+00:00,migrated-2026-09-22,401856813,2026,4,margin,DraftKings,8.500,10.000,-110.000,4.686,-5.314,away,observed,73d507ab32ad,
34a37109-5c41-520e-8669-5b3313776768,2026-09-22T17:22:01+00:00,migrated-2026-09-22,401856813,2026,4,total,DraftKings,53.500,55.500,-110.000,61.566,6.066,over,observed,64a8b2aa5365,
ee6865a1-d963-5a56-9380-9acc41f2ea43,2026-09-22T17:22:01+00:00,migrated-2026-09-22,401856814,2026,4,margin,DraftKings,-6.000,-6.500,-110.000,-4.328,2.172,home,observed,73d507ab32ad,
f5adcfb8-48fd-5d7f-96ae-a0f017ac8a83,2026-09-22T17:22:01+00:00,migrated-2026-09-22,401856814,2026,4,total,DraftKings,52.500,55.500,-105.000,55.899,0.399,over,observed,64a8b2aa5365,
801d8f50-ee05-5acb-a5de-357bcc96f912,2026-09-22T17:22:01+00:00,migrated-2026-09-22,401856815,2026,4,margin,DraftKings,-3.000,-3.000,-108.000,3.229,6.229,home,observed,73d507ab32ad,
46862b4f-acb6-5ac6-994b-be1ed4c4f1fd,2026-09-22T17:22:01+00:00,migrated-2026-09-22,401856815,2026,4,total,DraftKings,50.500,48.500,-108.000,52.443,3.943,over,observed,64a8b2aa5365,
d7a9f47a-e551-5361-b3bb-7226672947ff,2026-09-22T17:22:01+00:00,migrated-2026-09-22,401856816,2026,4,margin,DraftKings,-11.500,-7.500,-105.000,-7.143,0.357,home,observed,73d507ab32ad,
5196db64-2666-5d5b-b1ed-f36f46dbba80,2026-09-22T17:22:01+00:00,migrated-2026-09-22,401856816,2026,4,total,DraftKings,49.500,48.500,-105.000,50.687,2.187,over,observed,64a8b2aa5365,
5792fe1e-bfaa-5884-9c68-792c8591005d,2026-09-22T17:22:01+00:00,migrated-2026-09-22,401856881,2026,4,margin,DraftKings,-2.500,1.500,-112.000,4.344,2.844,home,observed,73d507ab32ad,
32b4a1c1-cf0d-56bc-8021-82e5f67a3c98,2026-09-22T17:22:01+00:00,migrated-2026-09-22,401856881,2026,4,total,DraftKings,57.500,59.500,-115.000,54.933,-4.567,under,observed,64a8b2aa5365,
856bd53e-b74b-5720-8594-1f0a0882f917,2026-09-22T17:22:01+00:00,migrated-2026-09-22,401858234,2026,4,margin,DraftKings,-1.500,1.500,-102.000,-2.529,-4.029,away,observed,73d507ab32ad,
4bf04a35-0d90-5090-a864-455d2f396060,2026-09-22T17:22:01+00:00,migrated-2026-09-22,401858234,2026,4,total,DraftKings,47.500,50.500,-110.000,45.499,-5.001,under,observed,64a8b2aa5365,
2da90260-e4ac-5a8e-a5c8-45d9044724e1,2026-09-22T17:22:01+00:00,migrated-2026-09-22,401858238,2026,4,margin,DraftKings,42.500,41.500,-105.000,31.938,-9.562,away,observed,73d507ab32ad,
2e367ffe-4ed8-5de2-8772-bfa985e7c916,2026-09-22T17:22:01+00:00,migrated-2026-09-22,401858238,2026,4,total,DraftKings,54.500,53.500,-115.000,42.326,-11.174,under,primary,64a8b2aa5365,
a97f8f93-0763-541a-b198-dfc49211368a,2026-09-22T17:22:01+00:00,migrated-2026-09-22,401858239,2026,4,margin,DraftKings,20.500,19.500,-110.000,11.436,-8.064,away,observed,73d507ab32ad,
64f6a649-64dc-5aef-89ff-256fdca4c72f,2026-09-22T17:22:01+00:00,migrated-2026-09-22,401858239,2026,4,total,DraftKings,54.500,52.500,-108.000,49.499,-3.001,under,observed,64a8b2aa5365,
14a9e71b-54d4-5cf6-8e8e-f6deaedbcbdc,2026-09-22T17:22:01+00:00,migrated-2026-09-22,401858240,2026,4,margin,DraftKings,-4.500,-3.500,-118.000,-7.088,-3.588,away,observed,73d507ab32ad,
1347002e-0cd8-5625-a3e9-75f03c91f9ab,2026-09-22T17:22:01+00:00,migrated-2026-09-22,401858240,2026,4,total,DraftKings,48.500,48.500,-105.000,55.662,7.162,over,observed,64a8b2aa5365,
d17b1cad-e27a-5d33-b82a-227df78493fc,2026-09-22T17:22:01+00:00,migrated-2026-09-22,401858241,2026,4,margin,DraftKings,34.500,34.500,-110.000,25.099,-9.401,away,observed,73d507ab32ad,
69409f93-dfd5-579f-857f-03a0ccecca65,2026-09-22T17:22:01+00:00,migrated-2026-09-22,401858241,2026,4,total,DraftKings,59.500,59.500,-110.000,59.710,0.210,over,observed,64a8b2aa5365,
03bf5bff-c9e6-5842-8327-e435ae4b3b70,2026-09-22T17:22:01+00:00,migrated-2026-09-22,401858242,2026,4,margin,DraftKings,-14.000,-14.000,-115.000,-6.858,7.142,home,observed,73d507ab32ad,
9eeea5b9-32c3-5b6e-b33e-96f0ba3d3745,2026-09-22T17:22:01+00:00,migrated-2026-09-22,401858242,2026,4,total,DraftKings,54.500,48.500,-105.000,54.512,6.012,over,observed,64a8b2aa5365,
fe327a87-73fb-510e-8975-7bc4a91581f6,2026-09-22T17:22:01+00:00,migrated-2026-09-22,401858243,2026,4,margin,DraftKings,13.500,12.500,-110.000,13.024,0.524,home,observed,73d507ab32ad,
7ac5dc01-660f-58e4-9d57-2468af7a1862,2026-09-22T17:22:01+00:00,migrated-2026-09-22,401858243,2026,4,total,DraftKings,58.500,58.500,-110.000,51.641,-6.859,under,observed,64a8b2aa5365,
1544d45a-1c2a-5882-9113-4f303146d1ea,2026-09-22T17:22:01+00:00,migrated-2026-09-22,401858461,2026,4,margin,DraftKings,23.500,21.000,-110.000,21.594,0.594,home,observed,73d507ab32ad,
8b60727d-078e-5e10-baa7-a6bd6cfe54c0,2026-09-22T17:22:01+00:00,migrated-2026-09-22,401858461,2026,4,total,DraftKings,47.500,49.500,-108.000,48.119,-1.381,under,observed,64a8b2aa5365,
a7845f12-dc8f-54d9-b8d3-e4353e50f2f9,2026-09-22T17:22:01+00:00,migrated-2026-09-22,401858462,2026,4,margin,DraftKings,-1.500,-1.500,-110.000,-0.296,1.204,home,observed,73d507ab32ad,
d34a0090-9df9-5bbb-9ccc-c7a2f82f3bae,2026-09-22T17:22:01+00:00,migrated-2026-09-22,401858462,2026,4,total,DraftKings,51.500,56.500,-115.000,59.964,3.464,over,observed,64a8b2aa5365,
093ce341-b81a-58b1-8a79-71c42dd7ec91,2026-09-22T17:22:01+00:00,migrated-2026-09-22,401858463,2026,4,margin,DraftKings,4.500,5.500,-110.000,-1.552,-7.052,away,observed,73d507ab32ad,
96bddcfd-1115-55cd-b4c9-08f08922bfa1,2026-09-22T17:22:01+00:00,migrated-2026-09-22,401858463,2026,4,total,DraftKings,39.500,38.500,-112.000,45.832,7.332,over,observed,64a8b2aa5365,
88e4edcd-b117-573c-81d1-995798b72d61,2026-09-22T17:22:01+00:00,migrated-2026-09-22,401858464,2026,4,margin,DraftKings,-5.500,-5.500,-108.000,-6.143,-0.643,away,observed,73d507ab32ad,
68384b7e-f7d0-5b8a-abb1-acf812106042,2026-09-22T17:22:01+00:00,migrated-2026-09-22,401858464,2026,4,total,DraftKings,52.500,48.500,-112.000,52.254,3.754,over,observed,64a8b2aa5365,
d624d8c7-40c3-52ad-bee3-278df0c4d6db,2026-09-22T17:22:01+00:00,migrated-2026-09-22,401858465,2026,4,margin,DraftKings,27.500,27.500,-108.000,23.202,-4.298,away,observed,73d507ab32ad,
451234e5-a493-56fa-952e-e906da1acf90,2026-09-22T17:22:01+00:00,migrated-2026-09-22,401858465,2026,4,total,DraftKings,54.500,53.500,-115.000,52.492,-1.008,under,observed,64a8b2aa5365,
8ff3a12a-fe3c-5498-af6c-7df17f839c9f,2026-09-22T17:22:01+00:00,migrated-2026-09-22,401858466,2026,4,margin,DraftKings,11.500,9.500,-112.000,22.179,12.679,home,observed,73d507ab32ad,
70dde419-145e-5ff1-bbc3-fcb1c01e5609,2026-09-22T17:22:01+00:00,migrated-2026-09-22,401858466,2026,4,total,DraftKings,42.500,44.500,-112.000,44.844,0.344,over,observed,64a8b2aa5365,
0041e880-41bb-51d4-a16b-db879f7975c6,2026-09-22T17:22:01+00:00,migrated-2026-09-22,401858467,2026,4,margin,DraftKings,-27.500,-27.500,-102.000,-16.429,11.071,home,observed,73d507ab32ad,
e2b523b0-fb6f-5018-981c-5e5aa0da1dda,2026-09-22T17:22:01+00:00,migrated-2026-09-22,401858467,2026,4,total,DraftKings,56.500,57.500,-112.000,58.828,1.328,over,observed,64a8b2aa5365,
610a2852-ebaa-530c-acc8-087d4c7f0b3e,2026-09-22T17:22:01+00:00,migrated-2026-09-22,401858469,2026,4,margin,DraftKings,-5.500,-3.000,-108.000,-4.898,-1.898,away,observed,73d507ab32ad,
90e58eee-d665-5382-8773-8a8e632faadc,2026-09-22T17:22:01+00:00,migrated-2026-09-22,401858469,2026,4,total,DraftKings,58.500,62.500,-108.000,57.202,-5.298,under,observed,64a8b2aa5365,
b62fc13c-17a2-542d-ae1f-3059631a263c,2026-09-22T17:22:01+00:00,migrated-2026-09-22,401858470,2026,4,margin,DraftKings,9.500,10.000,-108.000,18.289,8.289,home,observed,73d507ab32ad,
c4bd1eee-2b51-5322-a0be-febe7ab23177,2026-09-22T17:22:01+00:00,migrated-2026-09-22,401858470,2026,4,total,DraftKings,44.500,46.500,-108.000,52.142,5.642,over,observed,64a8b2aa5365,
d1c3c021-7523-5153-8dbd-91f127c574b2,2026-09-22T17:22:01+00:00,migrated-2026-09-22,401860891,2026,4,margin,DraftKings,13.500,13.500,-115.000,7.196,-6.304,away,observed,73d507ab32ad,
f583485a-3887-51f4-bd87-e305b3521237,2026-09-22T17:22:01+00:00,migrated-2026-09-22,401860891,2026,4,total,DraftKings,43.500,44.500,-105.000,43.696,-0.804,under,observed,64a8b2aa5365,
bc548506-39d1-5bd1-ad9d-f240842c11db,2026-09-22T17:22:01+00:00,migrated-2026-09-22,401860893,2026,4,margin,DraftKings,-1.500,3.000,-110.000,14.468,11.468,home,observed,73d507ab32ad,
ad0aab18-3c7d-5baf-9b11-a18a1995c17b,2026-09-22T17:22:01+00:00,migrated-2026-09-22,401860893,2026,4,total,DraftKings,48.500,52.500,-105.000,50.104,-2.396,under,observed,64a8b2aa5365,
66cb4a9b-28dc-5886-8392-976552a36543,2026-09-22T17:22:01+00:00,migrated-2026-09-22,401860894,2026,4,margin,DraftKings,2.500,3.000,-112.000,9.356,6.356,home,observed,73d507ab32ad,
5d212983-b271-5728-9c5c-a3681daeb80e,2026-09-22T17:22:01+00:00,migrated-2026-09-22,401860894,2026,4,total,DraftKings,52.500,48.500,-105.000,48.904,0.404,over,observed,64a8b2aa5365,
e587d062-0be4-53cc-8b56-6ab88d3d2b02,2026-09-22T17:22:01+00:00,migrated-2026-09-22,401860895,2026,4,margin,DraftKings,-12.500,-10.500,-112.000,-9.269,1.231,home,observed,73d507ab32ad,
e5ccd425-4359-5027-95c0-ad335edcfbd5,2026-09-22T17:22:01+00:00,migrated-2026-09-22,401860895,2026,4,total,DraftKings,55.500,55.500,-108.000,53.102,-2.398,under,observed,64a8b2aa5365,
1f78c462-694b-514c-abda-f3f3b6f5801f,2026-09-22T17:22:01+00:00,migrated-2026-09-22,401860896,2026,4,margin,DraftKings,11.500,13.500,-108.000,26.867,13.367,home,observed,73d507ab32ad,
deecc295-adbf-5406-87f4-2374cfb73c4f,2026-09-22T17:22:01+00:00,migrated-2026-09-22,401860896,2026,4,total,DraftKings,57.500,58.500,-110.000,59.358,0.858,over,observed,64a8b2aa5365,
1870056f-99b7-51e5-9329-efb5f72331d9,2026-09-22T17:22:01+00:00,migrated-2026-09-22,401860897,2026,4,margin,DraftKings,-7.500,-7.000,-105.000,-1.946,5.054,home,observed,73d507ab32ad,
42e8330d-82d9-50f6-9024-9a76f94bfbcb,2026-09-22T17:22:01+00:00,migrated-2026-09-22,401860897,2026,4,total,DraftKings,47.500,49.500,-112.000,45.801,-3.699,under,observed,64a8b2aa5365,
b08492b1-c893-567d-9bce-98da75f2b8b0,2026-09-22T17:22:01+00:00,migrated-2026-09-22,401861970,2026,4,margin,DraftKings,3.000,3.500,-110.000,2.778,-0.722,away,observed,73d507ab32ad,
a3bb86de-a282-5047-8068-5a8ade306110,2026-09-22T17:22:01+00:00,migrated-2026-09-22,401861970,2026,4,total,DraftKings,50.500,51.500,-110.000,52.747,1.247,over,observed,64a8b2aa5365,
7773e6e6-3a2a-5c8c-b041-39ce98a96e77,2026-09-22T17:22:01+00:00,migrated-2026-09-22,401862778,2026,4,margin,DraftKings,-11.500,-7.000,-110.000,-6.736,0.264,home,observed,73d507ab32ad,
73352a86-407c-58f0-8f39-f827053e7897,2026-09-22T17:22:01+00:00,migrated-2026-09-22,401862778,2026,4,total,DraftKings,53.500,51.500,-108.000,55.928,4.428,over,observed,64a8b2aa5365,
6fbf4c12-882c-5f4e-bcc8-b81b8e63ae75,2026-09-22T17:22:01+00:00,migrated-2026-09-22,401862779,2026,4,margin,DraftKings,-3.000,-3.000,-108.000,-0.331,2.669,home,observed,73d507ab32ad,
b23c5a09-ff20-5c73-8017-e97062397da7,2026-09-22T17:22:01+00:00,migrated-2026-09-22,401862779,2026,4,total,DraftKings,49.500,48.500,-105.000,51.863,3.363,over,observed,64a8b2aa5365,
3f98bce5-8c7c-5d7c-b4fb-e8ccfbe285d3,2026-09-22T17:22:01+00:00,migrated-2026-09-22,401862780,2026,4,margin,DraftKings,-14.500,-10.000,-108.000,-9.069,0.931,home,observed,73d507ab32ad,
988fed4b-6e88-5356-86a9-c3bf2bbc10df,2026-09-22T17:22:01+00:00,migrated-2026-09-22,401862780,2026,4,total,DraftKings,52.500,48.500,-112.000,47.423,-1.077,under,observed,64a8b2aa5365,
b0cb870f-dd0a-5ba9-ade3-327dd97c3de7,2026-09-22T17:22:01+00:00,migrated-2026-09-22,401862782,2026,4,margin,DraftKings,-13.500,-13.500,-110.000,4.227,17.727,home,observed,73d507ab32ad,
6b390113-4bba-5cf2-8a65-d13207146a1d,2026-09-22T17:22:01+00:00,migrated-2026-09-22,401862782,2026,4,total,DraftKings,59.500,57.500,-112.000,59.625,2.125,over,observed,64a8b2aa5365,
bf97f560-ca4d-5bec-8982-dc40ccd004ac,2026-09-22T17:22:01+00:00,migrated-2026-09-22,401862784,2026,4,margin,DraftKings,17.500,18.500,-108.000,14.486,-4.014,away,observed,73d507ab32ad,
4bb48165-693b-5056-a005-4ecb5ecce038,2026-09-22T17:22:01+00:00,migrated-2026-09-22,401862784,2026,4,total,DraftKings,53.500,52.500,-112.000,55.704,3.204,over,observed,64a8b2aa5365,
dd89bb85-1462-52d0-b74c-67100c361f20,2026-09-22T17:22:01+00:00,migrated-2026-09-22,401862785,2026,4,margin,DraftKings,-15.500,-17.500,-110.000,-9.843,7.657,home,observed,73d507ab32ad,
f01a70f5-b82f-54a6-a905-07f2be6e9834,2026-09-22T17:22:01+00:00,migrated-2026-09-22,401862785,2026,4,total,DraftKings,51.500,48.500,-108.000,53.899,5.399,over,observed,64a8b2aa5365,
8bc1c7f2-744f-5a27-8a7d-7dbec4a9d2f2,2026-09-22T17:22:01+00:00,migrated-2026-09-22,401864509,2026,4,margin,DraftKings,-4.500,-5.500,-112.000,-9.804,-4.304,away,observed,73d507ab32ad,
c713cd0d-7105-56f3-bc20-f6cf79a64715,2026-09-22T17:22:01+00:00,migrated-2026-09-22,401864509,2026,4,total,DraftKings,48.500,49.500,-112.000,48.849,-0.651,under,observed,64a8b2aa5365,
a548a392-f2c4-5f66-8fc9-1c98aa0485e0,2026-09-22T17:22:01+00:00,migrated-2026-09-22,401864510,2026,4,margin,DraftKings,-5.500,-3.000,-108.000,1.731,4.731,home,observed,73d507ab32ad,
17541436-9e7a-5bc3-a1d7-f8ce06f4f2a0,2026-09-22T17:22:01+00:00,migrated-2026-09-22,401864510,2026,4,total,DraftKings,44.500,44.500,-110.000,47.742,3.242,over,observed,64a8b2aa5365,
9f7ade04-efb4-5075-96c2-e3e0b5645aa3,2026-09-22T17:22:01+00:00,migrated-2026-09-22,401864511,2026,4,margin,DraftKings,8.500,10.000,-112.000,11.983,1.983,home,observed,73d507ab32ad,
29622ed0-d01e-5e49-9b09-133f02503c3a,2026-09-22T17:22:01+00:00,migrated-2026-09-22,401864511,2026,4,total,DraftKings,54.500,56.500,-105.000,55.766,-0.734,under,observed,64a8b2aa5365,
b6dc21a7-0a6d-5cfb-b987-30945c386749,2026-09-22T17:22:01+00:00,migrated-2026-09-22,401864512,2026,4,margin,DraftKings,-14.000,-13.500,-108.000,-2.745,10.755,home,observed,73d507ab32ad,
a10d2d6e-7268-5422-9b58-2374764c7683,2026-09-22T17:22:01+00:00,migrated-2026-09-22,401864512,2026,4,total,DraftKings,49.500,52.500,-105.000,52.291,-0.209,under,observed,64a8b2aa5365,
75dc9592-1978-540f-8fa1-f83e19b51df4,2026-09-22T17:22:01+00:00,migrated-2026-09-22,401864572,2026,4,margin,DraftKings,14.000,14.000,-112.000,11.970,-2.030,away,observed,73d507ab32ad,
39a847f9-1ae5-5a28-ad86-ed47b0f98a62,2026-09-22T17:22:01+00:00,migrated-2026-09-22,401864572,2026,4,total,DraftKings,55.500,55.500,-102.000,50.786,-4.714,under,observed,64a8b2aa5365,
7bf2cb61-57ab-5ecd-86e1-f63217b05575,2026-09-22T17:22:01+00:00,migrated-2026-09-22,401864576,2026,4,margin,DraftKings,19.500,20.500,-110.000,16.131,-4.369,away,observed,73d507ab32ad,
6c7b2bca-921b-5dd1-b965-a802cd8f7596,2026-09-22T17:22:01+00:00,migrated-2026-09-22,401864576,2026,4,total,DraftKings,55.500,54.500,-115.000,52.644,-1.856,under,observed,64a8b2aa5365,
c43812fd-6a0b-5f2a-a660-94af33382d48,2026-09-22T17:22:01+00:00,migrated-2026-09-22,401864579,2026,4,margin,DraftKings,-12.500,-11.500,-110.000,0.331,11.831,home,observed,73d507ab32ad,
e8f7a441-3611-5789-a92d-215225299699,2026-09-22T17:22:01+00:00,migrated-2026-09-22,401864579,2026,4,total,DraftKings,49.500,48.500,-110.000,48.274,-0.226,under,observed,64a8b2aa5365,
e842844e-c632-506d-b084-2aaa9a88d2c7,2026-09-22T17:22:01+00:00,migrated-2026-09-22,401866425,2026,4,margin,DraftKings,4.500,3.500,-105.000,1.802,-1.698,away,observed,73d507ab32ad,
8296b804-f0e5-545d-a36c-e69aa2560cd4,2026-09-22T17:22:01+00:00,migrated-2026-09-22,401866425,2026,4,total,DraftKings,51.500,50.500,-118.000,50.228,-0.272,under,observed,64a8b2aa5365,
7c00a0e3-809d-5b76-a092-ff20d57b9f31,2026-09-22T17:22:01+00:00,migrated-2026-09-22,401866429,2026,4,margin,DraftKings,-6.000,-4.500,-110.000,5.092,9.592,home,observed,73d507ab32ad,
4d4a8bd8-d4f1-5d7c-8866-0955c8e28893,2026-09-22T17:22:01+00:00,migrated-2026-09-22,401866429,2026,4,total,DraftKings,50.500,48.500,-112.000,51.678,3.178,over,observed,64a8b2aa5365,
af5e6219-311b-5b5e-844c-b32d617e8d02,2026-09-22T17:22:01+00:00,migrated-2026-09-22,401869931,2026,4,margin,DraftKings,5.500,6.000,-110.000,4.188,-1.812,away,observed,73d507ab32ad,
f327e101-ef42-5e5d-8c2d-d13141a5aac9,2026-09-22T17:22:01+00:00,migrated-2026-09-22,401869931,2026,4,total,DraftKings,53.500,52.500,-112.000,55.168,2.668,over,observed,64a8b2aa5365,
2f7ba39b-62c2-58d8-9cb2-7f2bb48cb0a1,2026-09-22T17:22:01+00:00,migrated-2026-09-22,401869941,2026,4,margin,DraftKings,1.500,-2.500,-108.000,3.017,5.517,home,observed,73d507ab32ad,
8a8723ee-86d9-5420-939a-526eb22a031a,2026-09-22T17:22:01+00:00,migrated-2026-09-22,401869941,2026,4,total,DraftKings,54.500,50.500,-118.000,55.293,4.793,over,observed,64a8b2aa5365,
9547d1c6-4c46-5476-bdba-a07d57756459,2026-09-22T17:22:01+00:00,migrated-2026-09-22,401869961,2026,4,margin,DraftKings,-4.500,-6.000,-110.000,3.769,9.769,home,observed,73d507ab32ad,
eab4c177-eb14-544d-8824-51d2004e597e,2026-09-22T17:22:01+00:00,migrated-2026-09-22,401869961,2026,4,total,DraftKings,50.500,44.500,-115.000,50.595,6.095,over,observed,64a8b2aa5365,
ff498349-fdd4-5381-a3e9-beb3a4df7a9f,2026-09-22T17:22:01+00:00,migrated-2026-09-22,401871048,2026,4,margin,DraftKings,9.500,7.000,-112.000,10.289,3.289,home,observed,73d507ab32ad,
30c7a512-bc88-5e57-9937-7f42b683afb8,2026-09-22T17:22:01+00:00,migrated-2026-09-22,401871048,2026,4,total,DraftKings,54.500,51.500,-110.000,55.127,3.627,over,observed,64a8b2aa5365,
279c0702-c9ac-53ce-b9fa-7c9a59a849d3,2026-09-25T00:54:09+00:00,352a6bc5-b767-49a6-9479-e77e7726212c,401858245,2026,5,margin,DraftKings,5.500,6.000,-110.000,7.914,1.914,home,observed,73d507ab32ad,home
258f805a-398a-577e-bc6c-c6671f9a1ac6,2026-09-25T00:54:09+00:00,352a6bc5-b767-49a6-9479-e77e7726212c,401858245,2026,5,total,DraftKings,56.500,56.500,-110.000,55.531,-0.969,under,observed,64a8b2aa5365,under
f6ea4949-1053-5da5-af05-53b5d465971e,2026-09-25T00:54:09+00:00,352a6bc5-b767-49a6-9479-e77e7726212c,401858476,2026,5,margin,DraftKings,-7.000,-7.000,-110.000,-16.673,-9.673,away,observed,73d507ab32ad,away
c2ad9e7f-0f6a-51df-8bd7-656bf993d6a1,2026-09-25T00:54:09+00:00,352a6bc5-b767-49a6-9479-e77e7726212c,401858476,2026,5,total,DraftKings,48.500,48.500,-110.000,46.717,-1.783,under,observed,64a8b2aa5365,under
bca0522f-5677-533d-8bf2-8f47cf421b39,2026-09-26T13:24:27+00:00,5f5855e1-43c2-4162-9bbc-1256a10df74d,401856705,2026,5,margin,DraftKings,23.500,23.500,-110.000,17.764,-5.736,away,observed,2f5151950a0b,away
c5211091-f983-5267-b8be-db6d3f98817c,2026-09-26T13:24:27+00:00,5f5855e1-43c2-4162-9bbc-1256a10df74d,401856705,2026,5,total,DraftKings,57.500,57.500,-110.000,52.419,-5.081,under,observed,d6d4061d19f7,under
f90cef15-2336-50ae-ae9d-658c124e2bfd,2026-09-26T13:24:27+00:00,5f5855e1-43c2-4162-9bbc-1256a10df74d,401856707,2026,5,margin,DraftKings,-3.000,-3.500,-115.000,-5.664,-2.164,away,observed,2f5151950a0b,away
2cf782e0-cf59-5b26-9604-8d92a9394290,2026-09-26T13:24:27+00:00,5f5855e1-43c2-4162-9bbc-1256a10df74d,401856707,2026,5,total,DraftKings,58.500,59.500,-110.000,56.750,-2.750,under,observed,d6d4061d19f7,under
e18164b5-7407-5c9f-9db5-cd33d3cddf32,2026-09-26T13:24:27+00:00,5f5855e1-43c2-4162-9bbc-1256a10df74d,401856708,2026,5,margin,DraftKings,-2.500,-3.000,-105.000,2.506,5.506,home,observed,2f5151950a0b,home
300c73e1-f606-560f-8096-8b95f2a459d9,2026-09-26T13:24:27+00:00,5f5855e1-43c2-4162-9bbc-1256a10df74d,401856708,2026,5,total,DraftKings,53.500,54.500,-110.000,49.188,-5.312,under,observed,d6d4061d19f7,under
3d3741e0-af21-5e8d-8d79-a687d480ccbb,2026-09-26T13:24:27+00:00,5f5855e1-43c2-4162-9bbc-1256a10df74d,401856709,2026,5,margin,DraftKings,7.000,6.000,-110.000,-9.335,-15.335,away,secondary,2f5151950a0b,away
c003dedb-02c2-52ed-bade-7bd5571ae52f,2026-09-26T13:24:27+00:00,5f5855e1-43c2-4162-9bbc-1256a10df74d,401856709,2026,5,total,DraftKings,49.500,49.500,-110.000,49.221,-0.279,under,observed,d6d4061d19f7,under
97a1a534-cfa5-5c86-a34f-4714a0d85f59,2026-09-26T13:24:27+00:00,5f5855e1-43c2-4162-9bbc-1256a10df74d,401856710,2026,5,margin,DraftKings,7.500,7.500,-115.000,8.547,1.047,home,observed,2f5151950a0b,home
8580f35c-4322-5d42-a857-6ed55592fd61,2026-09-26T13:24:27+00:00,5f5855e1-43c2-4162-9bbc-1256a10df74d,401856710,2026,5,total,DraftKings,57.500,58.500,-110.000,55.638,-2.862,under,observed,d6d4061d19f7,under
d432e7f2-68cf-5b69-a21b-abbd0fca49ff,2026-09-26T13:24:27+00:00,5f5855e1-43c2-4162-9bbc-1256a10df74d,401856818,2026,5,margin,DraftKings,-5.500,-5.500,-110.000,-13.411,-7.911,away,observed,2f5151950a0b,away
c53c8a24-3ad1-5806-bd21-3db6d524bc58,2026-09-26T13:24:27+00:00,5f5855e1-43c2-4162-9bbc-1256a10df74d,401856818,2026,5,total,DraftKings,52.500,52.500,-110.000,54.047,1.547,over,observed,d6d4061d19f7,over
651bbed4-0cdc-5939-b3dc-892bdfe9d6ec,2026-09-26T13:24:27+00:00,5f5855e1-43c2-4162-9bbc-1256a10df74d,401858248,2026,5,margin,DraftKings,-7.500,-7.500,-110.000,-9.713,-2.213,away,observed,2f5151950a0b,away
dc9f6ecd-7d05-5404-8d44-69237386bec3,2026-09-26T13:24:27+00:00,5f5855e1-43c2-4162-9bbc-1256a10df74d,401858248,2026,5,total,DraftKings,59.500,59.500,-110.000,53.254,-6.246,under,observed,d6d4061d19f7,under
1a164b29-ebc3-5bbc-8f75-00be5010a0dd,2026-09-26T13:24:27+00:00,5f5855e1-43c2-4162-9bbc-1256a10df74d,401858249,2026,5,margin,DraftKings,-7.000,-17.500,-110.000,-17.922,-0.422,away,observed,2f5151950a0b,away
f2a93c83-1137-5d16-8dac-1d6792903dfc,2026-09-26T13:24:27+00:00,5f5855e1-43c2-4162-9bbc-1256a10df74d,401858249,2026,5,total,DraftKings,55.500,50.500,-110.000,42.730,-7.770,under,observed,d6d4061d19f7,under
de0c7cde-f5cc-59a2-a64a-b1bb6c625359,2026-09-26T13:24:27+00:00,5f5855e1-43c2-4162-9bbc-1256a10df74d,401858250,2026,5,margin,DraftKings,-24.500,-20.500,-110.000,-7.439,13.061,home,secondary,2f5151950a0b,home
ce533b1b-3fae-5ec9-862a-5d1902b55ee0,2026-09-26T13:24:27+00:00,5f5855e1-43c2-4162-9bbc-1256a10df74d,401858250,2026,5,total,DraftKings,55.500,49.500,-110.000,47.128,-2.372,under,observed,d6d4061d19f7,under
b1bb9c78-4a41-5720-a1ab-8977ce397188,2026-09-26T13:24:27+00:00,5f5855e1-43c2-4162-9bbc-1256a10df74d,401858473,2026,5,margin,DraftKings,-14.000,-14.000,-110.000,-7.708,6.292,home,observed,2f5151950a0b,home
20d4c616-a345-521a-a07d-a6cda44cc5f1,2026-09-26T13:24:27+00:00,5f5855e1-43c2-4162-9bbc-1256a10df74d,401858474,2026,5,margin,DraftKings,-8.500,-7.500,-105.000,-13.890,-6.390,away,observed,2f5151950a0b,away
33497b6a-2d34-5366-b7fc-1291be15e4ea,2026-09-26T13:24:27+00:00,5f5855e1-43c2-4162-9bbc-1256a10df74d,401858474,2026,5,total,DraftKings,44.500,42.500,-110.000,50.390,7.890,over,observed,d6d4061d19f7,over
2e695ebc-2246-5050-8935-91ce5775f07e,2026-09-26T13:24:27+00:00,5f5855e1-43c2-4162-9bbc-1256a10df74d,401858478,2026,5,margin,DraftKings,10.000,10.000,-110.000,2.492,-7.508,away,observed,2f5151950a0b,away
3278c5ae-ca63-55d0-b359-ee0eae28cacd,2026-09-26T13:24:27+00:00,5f5855e1-43c2-4162-9bbc-1256a10df74d,401858478,2026,5,total,DraftKings,57.500,57.500,-110.000,55.881,-1.619,under,observed,d6d4061d19f7,under
d301391b-bd0c-5b13-a730-43879a48dacb,2026-09-27T05:53:16+00:00,11e078d0-7de5-4b9f-b28f-f887cf3ede5a,401858477,2026,5,margin,DraftKings,-23.500,-24.500,-115.000,-19.541,4.959,home,observed,2f5151950a0b,home
a6824d8a-29f6-5556-9675-2d2bbd755a7a,2026-09-27T05:53:16+00:00,11e078d0-7de5-4b9f-b28f-f887cf3ede5a,401858477,2026,5,total,DraftKings,53.500,54.500,-110.000,56.166,1.666,over,observed,d6d4061d19f7,over
f5f9ce87-c140-53e2-b344-42b402d59723,2026-09-27T05:53:16+00:00,11e078d0-7de5-4b9f-b28f-f887cf3ede5a,401858479,2026,5,margin,DraftKings,10.000,10.000,-110.000,1.036,-8.964,away,observed,2f5151950a0b,away
b5ebda4c-aafe-557e-8cdf-aaff0c9d63de,2026-09-27T05:53:16+00:00,11e078d0-7de5-4b9f-b28f-f887cf3ede5a,401858479,2026,5,total,DraftKings,44.500,44.500,-110.000,46.206,1.706,over,observed,d6d4061d19f7,over
00bb463f-75b5-53ba-9442-8902ef3871c0,2026-09-27T07:52:37+00:00,764a0c6d-b4b9-4126-b683-9223136035db,401856820,2026,5,margin,DraftKings,8.500,8.500,-112.000,9.182,0.682,home,observed,2f5151950a0b,home
591e1e88-b80c-5014-91ce-7a53a83f4924,2026-09-27T07:52:37+00:00,764a0c6d-b4b9-4126-b683-9223136035db,401856820,2026,5,total,DraftKings,54.500,54.500,-110.000,57.045,2.545,over,observed,d6d4061d19f7,over
f6f198ef-d020-5ff4-a7e9-20f558d9f6cb,2026-09-27T07:52:37+00:00,764a0c6d-b4b9-4126-b683-9223136035db,401858253,2026,5,margin,DraftKings,-1.500,-1.500,-110.000,2.770,4.270,home,observed,2f5151950a0b,home
ccdf0939-126a-595b-ac16-e90421592de4,2026-09-27T07:52:37+00:00,764a0c6d-b4b9-4126-b683-9223136035db,401858253,2026,5,total,DraftKings,51.500,51.500,-110.000,52.948,1.448,over,observed,d6d4061d19f7,over
40c0145a-fc8d-5834-bafc-b1734fa63ba9,2026-09-27T13:55:48+00:00,1832e22c-e10e-48f3-95c0-f439c5223a9d,401858473,2026,5,total,DraftKings,44.500,44.500,-110.000,45.404,0.904,over,observed,d6d4061d19f7,over
93730fe3-3f18-5c7d-ad4f-bf0181e2b504,2026-09-27T14:22:52+00:00,fc59f14f-e869-476b-b6d3-511a0248beb9,401862786,2026,5,margin,DraftKings,-1.500,-1.500,-105.000,-7.711,-6.211,away,observed,2f5151950a0b,away
f2fd51aa-75aa-56f8-bb25-d4f0c95363fa,2026-09-27T14:22:52+00:00,fc59f14f-e869-476b-b6d3-511a0248beb9,401862786,2026,5,total,DraftKings,57.500,57.500,-110.000,59.202,1.702,over,observed,d6d4061d19f7,over
616694cb-740e-555d-b5a1-e11840a71b3b,2026-09-27T14:22:52+00:00,fc59f14f-e869-476b-b6d3-511a0248beb9,401862791,2026,5,margin,DraftKings,1.500,1.500,-115.000,-4.843,-6.343,away,observed,2f5151950a0b,away
6c03d77d-821a-54dd-8c46-dc5d5abecd78,2026-09-27T14:22:52+00:00,fc59f14f-e869-476b-b6d3-511a0248beb9,401862791,2026,5,total,DraftKings,49.500,49.500,-112.000,52.273,2.773,over,observed,d6d4061d19f7,over
71538b27-4302-5ae5-9d5c-ec935f34a474,2026-09-27T14:37:40+00:00,1ca818c7-e1e0-4f4d-b7a8-472a1eb94fe4,401858251,2026,5,margin,DraftKings,12.500,12.500,-110.000,19.717,7.217,home,observed,2f5151950a0b,home
4d13cc0a-514a-52cf-8f9a-05c9338e8937,2026-09-27T14:37:40+00:00,1ca818c7-e1e0-4f4d-b7a8-472a1eb94fe4,401858251,2026,5,total,DraftKings,54.500,54.500,-110.000,50.783,-3.717,under,observed,d6d4061d19f7,under
0a7fbb4a-b880-5230-b2cd-9c4561719e61,2026-09-27T14:37:40+00:00,1ca818c7-e1e0-4f4d-b7a8-472a1eb94fe4,401862792,2026,5,margin,DraftKings,6.500,6.500,-110.000,14.799,8.299,home,observed,2f5151950a0b,home
b09f9646-426d-55a5-9b5a-d65442f43a3d,2026-09-27T14:37:40+00:00,1ca818c7-e1e0-4f4d-b7a8-472a1eb94fe4,401862792,2026,5,total,DraftKings,52.500,52.500,-110.000,58.249,5.749,over,observed,d6d4061d19f7,over
6c20d59a-9d8f-5f3a-a98e-a2ca4dbdf253,2026-09-27T14:37:40+00:00,1ca818c7-e1e0-4f4d-b7a8-472a1eb94fe4,401866434,2026,5,margin,DraftKings,-5.500,-5.500,-110.000,-13.996,-8.496,away,observed,2f5151950a0b,away
0b10f24e-d7b1-515c-8a82-295afd5579ea,2026-09-27T14:37:40+00:00,1ca818c7-e1e0-4f4d-b7a8-472a1eb94fe4,401866434,2026,5,total,DraftKings,52.500,52.500,-110.000,50.458,-2.042,under,observed,d6d4061d19f7,under
627539f3-cfa1-5c20-9d33-24f09d6298d5,2026-09-27T14:37:40+00:00,1ca818c7-e1e0-4f4d-b7a8-472a1eb94fe4,401869956,2026,5,margin,DraftKings,-1.500,-1.500,-110.000,-5.099,-3.599,away,observed,2f5151950a0b,away
1b9022c4-faee-59d2-97ad-1fab94f02339,2026-09-27T14:37:40+00:00,1ca818c7-e1e0-4f4d-b7a8-472a1eb94fe4,401869956,2026,5,total,DraftKings,52.500,52.500,-110.000,54.054,1.554,over,observed,d6d4061d19f7,over
3bfd45e6-0262-5a00-9107-e73c3b2c13ce,2026-09-27T14:52:41+00:00,2844bc97-54c6-4bbe-912a-cc793455afce,401856819,2026,5,margin,DraftKings,12.500,12.500,-110.000,10.692,-1.808,away,observed,2f5151950a0b,away
bcbc99c1-f174-58d1-a880-81af5bf37450,2026-09-27T14:52:41+00:00,2844bc97-54c6-4bbe-912a-cc793455afce,401856819,2026,5,total,DraftKings,51.500,51.500,-110.000,52.562,1.062,over,observed,d6d4061d19f7,over
8ef0b3b3-98f1-55c7-8e7e-7582b5195249,2026-09-27T14:52:41+00:00,2844bc97-54c6-4bbe-912a-cc793455afce,401858475,2026,5,margin,DraftKings,12.500,12.500,-110.000,10.922,-1.578,away,observed,2f5151950a0b,away
ea1fd749-e7d3-55dc-8423-2849ffb956a4,2026-09-27T14:52:41+00:00,2844bc97-54c6-4bbe-912a-cc793455afce,401858475,2026,5,total,DraftKings,53.500,53.500,-110.000,60.199,6.699,over,observed,d6d4061d19f7,over
f96b366e-7679-5e93-8c2e-9ce0d3eacd97,2026-09-27T14:52:41+00:00,2844bc97-54c6-4bbe-912a-cc793455afce,401862788,2026,5,margin,DraftKings,-12.500,-12.500,-110.000,-9.724,2.776,home,observed,2f5151950a0b,home
e97ebcfb-6993-5838-8c6e-b59daefc4e44,2026-09-27T14:52:41+00:00,2844bc97-54c6-4bbe-912a-cc793455afce,401862788,2026,5,total,DraftKings,52.500,52.500,-108.000,51.381,-1.119,under,observed,d6d4061d19f7,under
c3f40c51-5233-539c-8851-e7a6bcccd30a,2026-09-27T14:52:41+00:00,2844bc97-54c6-4bbe-912a-cc793455afce,401866431,2026,5,margin,DraftKings,-17.500,-17.500,-115.000,-14.517,2.983,home,observed,2f5151950a0b,home
7e054f2a-a6cd-5565-9575-1b1c95c46d7f,2026-09-27T14:52:41+00:00,2844bc97-54c6-4bbe-912a-cc793455afce,401866431,2026,5,total,DraftKings,51.500,51.500,-110.000,49.672,-1.828,under,observed,d6d4061d19f7,under
3f8eb77c-2c38-5a0a-bfde-3e8d7f79f6b5,2026-09-27T14:52:41+00:00,2844bc97-54c6-4bbe-912a-cc793455afce,401869962,2026,5,margin,DraftKings,13.500,13.500,-115.000,16.425,2.925,home,observed,2f5151950a0b,home
b0b90e3a-a4a0-5796-8a3f-8f136ccdafe3,2026-09-27T14:52:41+00:00,2844bc97-54c6-4bbe-912a-cc793455afce,401869962,2026,5,total,DraftKings,55.500,55.500,-110.000,52.486,-3.014,under,observed,d6d4061d19f7,under
1b659199-1c54-582f-b48a-056f7e5d283c,2026-09-27T15:22:34+00:00,ac4dfcee-5b83-47d7-a2f8-30da9840be01,401856821,2026,5,margin,DraftKings,-14.500,-14.500,-105.000,-0.227,14.273,home,secondary,2f5151950a0b,home
f100831a-ba67-5c57-af73-3aa2aee8b54d,2026-09-27T15:22:34+00:00,ac4dfcee-5b83-47d7-a2f8-30da9840be01,401856821,2026,5,total,DraftKings,50.500,50.500,-110.000,53.597,3.097,over,observed,d6d4061d19f7,over
1c5a4412-6e5c-5cdf-9b41-24e5a9a969fc,2026-09-27T15:22:34+00:00,ac4dfcee-5b83-47d7-a2f8-30da9840be01,401858246,2026,5,margin,DraftKings,21.000,21.000,-110.000,23.074,2.074,home,observed,2f5151950a0b,home
0396b136-cce5-5adb-8530-0e7015aa32c9,2026-09-27T15:22:34+00:00,ac4dfcee-5b83-47d7-a2f8-30da9840be01,401858246,2026,5,total,DraftKings,56.500,56.500,-110.000,52.530,-3.970,under,observed,d6d4061d19f7,under
ce00d3f9-6305-5ce7-9ff7-fdc22522cc3c,2026-09-27T15:22:34+00:00,ac4dfcee-5b83-47d7-a2f8-30da9840be01,401858472,2026,5,margin,DraftKings,10.000,10.000,-110.000,10.762,0.762,home,observed,2f5151950a0b,home
6f704c59-48d5-5193-bc81-7ee2dfea9a46,2026-09-27T15:22:34+00:00,ac4dfcee-5b83-47d7-a2f8-30da9840be01,401858472,2026,5,total,DraftKings,60.500,60.500,-110.000,64.016,3.516,over,observed,d6d4061d19f7,over
5f76e9e1-a7a6-5ff4-a666-1c10df3bd4b1,2026-09-27T15:22:34+00:00,ac4dfcee-5b83-47d7-a2f8-30da9840be01,401871089,2026,5,margin,DraftKings,14.500,14.500,-110.000,4.469,-10.031,away,observed,2f5151950a0b,away
18de920c-b876-52e3-a511-f8f405af9dfd,2026-09-27T15:22:34+00:00,ac4dfcee-5b83-47d7-a2f8-30da9840be01,401871089,2026,5,total,DraftKings,55.500,55.500,-110.000,57.198,1.698,over,observed,d6d4061d19f7,over
1783af6e-9248-593c-ac75-e7324e4dbb64,2026-09-27T15:37:37+00:00,5f984549-1855-402c-8151-86f2104f2fb2,401871049,2026,5,margin,DraftKings,1.500,1.500,-112.000,-0.204,-1.704,away,observed,2f5151950a0b,away
7acd7bd1-bf07-56fd-accf-8660cd2137f8,2026-09-27T15:37:37+00:00,5f984549-1855-402c-8151-86f2104f2fb2,401871049,2026,5,total,DraftKings,53.500,53.500,-110.000,57.496,3.996,over,observed,d6d4061d19f7,over
6d73ffc6-da3f-5f61-a9e2-0748a5c57ac7,2026-09-27T16:07:39+00:00,4a6ce97a-fa38-4476-ac6f-5982af189c0c,401871050,2026,5,margin,DraftKings,-7.000,-7.000,-110.000,-7.170,-0.170,away,observed,2f5151950a0b,away
63da08bb-48de-585c-b09a-2036058751d1,2026-09-27T16:07:39+00:00,4a6ce97a-fa38-4476-ac6f-5982af189c0c,401871050,2026,5,total,DraftKings,50.500,50.500,-110.000,51.086,0.586,over,observed,d6d4061d19f7,over
3970c086-6d86-5fea-a0e0-4504c5a1005d,2026-09-27T16:22:39+00:00,3a9619f6-0acf-46fd-a3cf-1f6dff16d6c5,401856822,2026,5,margin,DraftKings,1.500,1.500,-108.000,10.203,8.703,home,observed,2f5151950a0b,home
a239c14f-1db3-541f-b67c-9618b591b8d4,2026-09-27T16:22:39+00:00,3a9619f6-0acf-46fd-a3cf-1f6dff16d6c5,401856822,2026,5,total,DraftKings,53.500,53.500,-110.000,53.254,-0.246,under,observed,d6d4061d19f7,under
f6a76e63-71d2-59d7-9092-3664959c21c2,2026-09-27T16:22:39+00:00,3a9619f6-0acf-46fd-a3cf-1f6dff16d6c5,401858252,2026,5,margin,DraftKings,-6.500,-6.500,-115.000,6.723,13.223,home,secondary,2f5151950a0b,home
faa5e856-ac34-57b4-81b4-e2341bd47272,2026-09-27T16:22:39+00:00,3a9619f6-0acf-46fd-a3cf-1f6dff16d6c5,401858252,2026,5,total,DraftKings,53.500,53.500,-110.000,54.143,0.643,over,observed,d6d4061d19f7,over
71bd957a-3286-531b-b73d-9f82c2c45a46,2026-09-27T16:22:39+00:00,3a9619f6-0acf-46fd-a3cf-1f6dff16d6c5,401866430,2026,5,margin,DraftKings,5.500,5.500,-110.000,5.296,-0.204,away,observed,2f5151950a0b,away
6485bab8-abd8-5804-9073-2561a01d43c6,2026-09-27T16:22:39+00:00,3a9619f6-0acf-46fd-a3cf-1f6dff16d6c5,401866430,2026,5,total,DraftKings,46.500,46.500,-110.000,46.544,0.044,over,observed,d6d4061d19f7,over
43f191d3-f13d-5d66-88e9-831f56072067,2026-09-27T16:22:39+00:00,3a9619f6-0acf-46fd-a3cf-1f6dff16d6c5,401866477,2026,5,margin,DraftKings,15.500,15.500,-110.000,13.333,-2.167,away,observed,2f5151950a0b,away
e93c57b9-6018-5134-9e14-dabc7384a65c,2026-09-27T16:22:39+00:00,3a9619f6-0acf-46fd-a3cf-1f6dff16d6c5,401866477,2026,5,total,DraftKings,50.500,50.500,-110.000,44.390,-6.110,under,observed,d6d4061d19f7,under
4f589813-dd90-57d5-9bdf-f479f9520201,2026-09-27T16:37:35+00:00,290b08c7-cc93-497e-8b23-abd9d5be84b7,401856711,2026,5,margin,DraftKings,14.500,14.500,-110.000,10.213,-4.287,away,observed,2f5151950a0b,away
e2ef2681-f7c1-5355-9e73-6e4b4653deed,2026-09-27T16:37:35+00:00,290b08c7-cc93-497e-8b23-abd9d5be84b7,401856711,2026,5,total,DraftKings,51.500,51.500,-110.000,51.405,-0.095,under,observed,d6d4061d19f7,under
72edb106-5230-5179-833f-901b0a6b7e90,2026-09-27T16:37:35+00:00,290b08c7-cc93-497e-8b23-abd9d5be84b7,401858247,2026,5,margin,DraftKings,1.500,1.500,-108.000,5.904,4.404,home,observed,2f5151950a0b,home
b3182d7e-389a-5bbd-aa76-f94502ce896c,2026-09-27T16:37:35+00:00,290b08c7-cc93-497e-8b23-abd9d5be84b7,401858247,2026,5,total,DraftKings,52.500,52.500,-108.000,50.191,-2.309,under,observed,d6d4061d19f7,under
26735ac4-5c00-52b6-87a9-7faa17237f33,2026-09-27T16:37:35+00:00,290b08c7-cc93-497e-8b23-abd9d5be84b7,401860899,2026,5,margin,DraftKings,-3.500,-3.500,-110.000,-9.894,-6.394,away,observed,2f5151950a0b,away
344dc942-f4d2-51a7-a98e-a6157b8735e0,2026-09-27T16:37:35+00:00,290b08c7-cc93-497e-8b23-abd9d5be84b7,401860899,2026,5,total,DraftKings,59.500,59.500,-110.000,59.929,0.429,over,observed,d6d4061d19f7,over
bedc515e-df89-502f-9aa5-cd9e78c42c1f,2026-09-27T16:37:35+00:00,290b08c7-cc93-497e-8b23-abd9d5be84b7,401862787,2026,5,margin,DraftKings,-21.500,-21.500,-110.000,-23.470,-1.970,away,observed,2f5151950a0b,away
617b12ac-ab1f-5fb8-88ac-5a7ca79a7e3e,2026-09-27T16:37:35+00:00,290b08c7-cc93-497e-8b23-abd9d5be84b7,401862787,2026,5,total,DraftKings,54.500,54.500,-110.000,56.023,1.523,over,observed,d6d4061d19f7,over
7273202b-d309-56de-86ad-c4028d501c07,2026-09-27T16:37:35+00:00,290b08c7-cc93-497e-8b23-abd9d5be84b7,401866433,2026,5,margin,DraftKings,2.500,2.500,-110.000,1.639,-0.861,away,observed,2f5151950a0b,away
56c2a1bc-b164-5e09-879c-272194cbe93a,2026-09-27T16:37:35+00:00,290b08c7-cc93-497e-8b23-abd9d5be84b7,401866433,2026,5,total,DraftKings,48.500,48.500,-110.000,49.631,1.131,over,observed,d6d4061d19f7,over
97ea4d21-124d-5742-8e90-99b6b3ab4ebb,2026-09-27T16:52:40+00:00,9855f69f-2cdf-402c-88c3-60f56fa2eb3d,401860898,2026,5,margin,DraftKings,20.500,20.500,-110.000,15.068,-5.432,away,observed,2f5151950a0b,away
ec25c6e5-a031-53e6-8fce-a757d8e06a68,2026-09-27T16:52:40+00:00,9855f69f-2cdf-402c-88c3-60f56fa2eb3d,401860898,2026,5,total,DraftKings,49.500,49.500,-110.000,49.948,0.448,over,observed,d6d4061d19f7,over
e3824349-f63e-5d66-9e0c-4e6611c2cb4d,2026-09-27T16:52:40+00:00,9855f69f-2cdf-402c-88c3-60f56fa2eb3d,401866432,2026,5,margin,DraftKings,-16.500,-16.500,-110.000,-9.147,7.353,home,observed,2f5151950a0b,home
c2f0b82d-02d4-5ba2-b08f-fb7bb9e77261,2026-09-27T16:52:40+00:00,9855f69f-2cdf-402c-88c3-60f56fa2eb3d,401866432,2026,5,total,DraftKings,51.500,51.500,-110.000,43.557,-7.943,under,observed,d6d4061d19f7,under
f1b62602-596b-55ca-bc34-f11128d646a6,2026-09-27T16:52:40+00:00,9855f69f-2cdf-402c-88c3-60f56fa2eb3d,401869942,2026,5,margin,DraftKings,1.500,1.500,-115.000,-7.544,-9.044,away,observed,2f5151950a0b,away
60c65eb6-7799-5666-87e5-ffdd93295c33,2026-09-27T16:52:40+00:00,9855f69f-2cdf-402c-88c3-60f56fa2eb3d,401869942,2026,5,total,DraftKings,52.500,52.500,-110.000,56.946,4.446,over,observed,d6d4061d19f7,over
9937a1a7-795e-5d59-9e6a-ecd4732f257c,2026-09-27T17:07:36+00:00,c515f6b2-445a-45ce-b16f-2ce4caebd84a,401856807,2026,5,margin,DraftKings,21.500,21.000,-110.000,21.431,0.431,home,observed,2f5151950a0b,home
a10ddad0-c78f-5572-8594-46725fb9849b,2026-09-27T17:07:36+00:00,c515f6b2-445a-45ce-b16f-2ce4caebd84a,401856807,2026,5,total,DraftKings,52.500,52.500,-110.000,54.567,2.067,over,observed,d6d4061d19f7,over
a5f8e9b2-fd68-5f21-b618-34182ee27d5e,2026-09-27T17:07:36+00:00,c515f6b2-445a-45ce-b16f-2ce4caebd84a,401856817,2026,5,margin,DraftKings,3.500,3.500,-115.000,10.766,7.266,home,observed,2f5151950a0b,home
36cad2e4-74b9-512c-b029-028aaac5c1b8,2026-09-27T17:07:36+00:00,c515f6b2-445a-45ce-b16f-2ce4caebd84a,401856817,2026,5,total,DraftKings,51.500,51.500,-110.000,57.106,5.606,over,observed,d6d4061d19f7,over
e3f3b403-1031-5684-9e61-45f383b2c7e3,2026-09-27T17:07:36+00:00,c515f6b2-445a-45ce-b16f-2ce4caebd84a,401860900,2026,5,margin,DraftKings,-4.500,-4.500,-110.000,-1.367,3.133,home,observed,2f5151950a0b,home
c49a679a-bc29-51a6-94ca-6f1d47cb0fc3,2026-09-27T17:07:36+00:00,c515f6b2-445a-45ce-b16f-2ce4caebd84a,401860900,2026,5,total,DraftKings,60.500,60.500,-110.000,57.907,-2.593,under,observed,d6d4061d19f7,under
75128cb4-1e7f-5614-9b63-b64a829802b9,2026-09-27T17:07:36+00:00,c515f6b2-445a-45ce-b16f-2ce4caebd84a,401860921,2026,5,margin,DraftKings,1.500,1.500,-110.000,14.865,13.365,home,secondary,2f5151950a0b,home
bfc72555-61fb-5838-af62-5b10c53ca73d,2026-09-27T17:07:36+00:00,c515f6b2-445a-45ce-b16f-2ce4caebd84a,401860921,2026,5,total,DraftKings,45.500,45.500,-110.000,45.293,-0.207,under,observed,d6d4061d19f7,under
3ca71e06-9ca9-55bc-a135-4aa9b5f8e3e9,2026-09-27T17:07:36+00:00,c515f6b2-445a-45ce-b16f-2ce4caebd84a,401864514,2026,5,margin,DraftKings,21.000,21.000,-110.000,15.746,-5.254,away,observed,2f5151950a0b,away
7f6f72da-0387-5364-bc93-3051839f43c7,2026-09-27T17:07:36+00:00,c515f6b2-445a-45ce-b16f-2ce4caebd84a,401864514,2026,5,total,DraftKings,53.500,53.500,-110.000,48.548,-4.952,under,observed,d6d4061d19f7,under
8f9de56d-56b1-51f8-afa0-4c3689b4c70a,2026-09-27T17:07:36+00:00,c515f6b2-445a-45ce-b16f-2ce4caebd84a,401864515,2026,5,margin,DraftKings,21.000,21.000,-115.000,10.699,-10.301,away,observed,2f5151950a0b,away
734bd4c4-9937-51a4-a91e-f3d63a629592,2026-09-27T17:07:36+00:00,c515f6b2-445a-45ce-b16f-2ce4caebd84a,401864515,2026,5,total,DraftKings,47.500,47.500,-110.000,48.255,0.755,over,observed,d6d4061d19f7,over
8490bc4b-89fc-5270-8037-7e0abffe6a6f,2026-09-27T17:07:36+00:00,c515f6b2-445a-45ce-b16f-2ce4caebd84a,401869842,2026,5,margin,DraftKings,-3.500,-3.500,-110.000,-1.623,1.877,home,observed,2f5151950a0b,home
1d425a91-e166-5f02-8742-1e8e95588a4d,2026-09-27T17:07:36+00:00,c515f6b2-445a-45ce-b16f-2ce4caebd84a,401869842,2026,5,total,DraftKings,44.500,44.500,-110.000,45.335,0.835,over,observed,d6d4061d19f7,over
8fe36279-1bb2-5999-ac84-f3a2c8dc9675,2026-09-27T17:22:40+00:00,e47caf25-ba15-4775-99a8-6195f695462a,401864513,2026,5,margin,DraftKings,5.500,5.500,-110.000,0.748,-4.752,away,observed,2f5151950a0b,away
be6432b7-4311-5d2c-83ef-134e5e21e22c,2026-09-27T17:22:40+00:00,e47caf25-ba15-4775-99a8-6195f695462a,401864513,2026,5,total,DraftKings,52.500,52.500,-110.000,52.411,-0.089,under,observed,d6d4061d19f7,under
41e5541e-f793-5f98-a2d0-43f6f513642f,2026-09-27T17:22:40+00:00,e47caf25-ba15-4775-99a8-6195f695462a,401869932,2026,5,margin,DraftKings,4.000,4.000,-110.000,1.824,-2.176,away,observed,2f5151950a0b,away
7aba4f29-6e99-5a37-a6e8-e39470b4f33b,2026-09-27T17:22:40+00:00,e47caf25-ba15-4775-99a8-6195f695462a,401869932,2026,5,total,DraftKings,49.500,49.500,-110.000,45.524,-3.976,under,observed,d6d4061d19f7,under
23ecf18c-d93a-54e3-9c63-8558366bccf3,2026-10-01T00:07:44+00:00,b59ed314-260e-48fd-8a18-6eb8c184ed64,401871051,2026,6,margin,DraftKings,-2.500,-2.500,-105.000,1.593,4.093,home,observed,2f5151950a0b,home
f7dadb15-7597-5af3-b44e-ceb1fe6f879c,2026-10-01T00:07:44+00:00,b59ed314-260e-48fd-8a18-6eb8c184ed64,401871051,2026,6,total,DraftKings,48.500,48.500,-115.000,55.890,7.390,over,observed,d6d4061d19f7,over
a388597d-9e35-5c9d-bf6e-10ee9be5e2e4,2026-10-01T00:07:44+00:00,b59ed314-260e-48fd-8a18-6eb8c184ed64,401871090,2026,6,margin,DraftKings,8.500,8.500,-110.000,3.025,-5.475,away,observed,2f5151950a0b,away
04025cc3-6de8-50ba-8258-65093d0ba689,2026-10-01T00:07:44+00:00,b59ed314-260e-48fd-8a18-6eb8c184ed64,401871090,2026,6,total,DraftKings,48.500,48.500,-110.000,52.319,3.819,over,observed,d6d4061d19f7,over
1483d124-fb0c-53fb-aa5c-a5e97776b19e,2026-10-02T04:52:42+00:00,78e71d9a-2e1c-44de-af11-2a86f771d44d,401856826,2026,6,margin,DraftKings,14.500,14.500,-110.000,15.475,0.975,home,observed,2f5151950a0b,home
b6ce257a-7e17-59d7-9475-de1496cca8bd,2026-10-02T04:52:42+00:00,78e71d9a-2e1c-44de-af11-2a86f771d44d,401856826,2026,6,total,DraftKings,50.500,50.500,-110.000,50.499,-0.001,under,observed,d6d4061d19f7,under
fec0876b-b920-5449-a821-f292711c992e,2026-10-02T04:52:42+00:00,78e71d9a-2e1c-44de-af11-2a86f771d44d,401858487,2026,6,margin,DraftKings,1.500,1.500,-115.000,-3.988,-5.488,away,observed,2f5151950a0b,away
0fe604a8-3c5e-5a42-9d2d-d7321b07027e,2026-10-02T04:52:42+00:00,78e71d9a-2e1c-44de-af11-2a86f771d44d,401858487,2026,6,total,DraftKings,41.500,41.500,-110.000,47.205,5.705,over,observed,d6d4061d19f7,over
85267506-a7df-56c9-850f-fa80c2f4c4b3,2026-10-03T04:52:55+00:00,e00e7187-552b-4a6a-9cba-4a317e253e87,401856712,2026,6,margin,DraftKings,-3.000,-3.000,-110.000,-1.857,1.143,home,observed,2f5151950a0b,home
b521d9a4-2b06-5072-a4c4-16c2c35519be,2026-10-03T04:52:55+00:00,e00e7187-552b-4a6a-9cba-4a317e253e87,401856712,2026,6,total,DraftKings,51.500,54.500,-110.000,52.066,-2.434,under,observed,d6d4061d19f7,under
1cb995b8-37b5-53a5-875c-96174e691c9b,2026-10-03T04:52:55+00:00,e00e7187-552b-4a6a-9cba-4a317e253e87,401856714,2026,6,margin,DraftKings,14.500,14.500,-110.000,11.225,-3.275,away,observed,2f5151950a0b,away
9831df09-d4ae-5391-9e65-38f533845b78,2026-10-03T04:52:55+00:00,e00e7187-552b-4a6a-9cba-4a317e253e87,401856714,2026,6,total,DraftKings,57.500,57.500,-110.000,54.641,-2.859,under,observed,d6d4061d19f7,under
b52ca38d-30b5-55e6-80b6-e40db0774852,2026-10-03T04:52:55+00:00,e00e7187-552b-4a6a-9cba-4a317e253e87,401856715,2026,6,margin,DraftKings,-10.500,-10.000,-110.000,-9.508,0.492,home,observed,2f5151950a0b,home
47689ef9-483b-5691-af93-2e0105c53d9f,2026-10-03T04:52:55+00:00,e00e7187-552b-4a6a-9cba-4a317e253e87,401856715,2026,6,total,DraftKings,49.500,50.500,-110.000,45.356,-5.144,under,observed,d6d4061d19f7,under
b6d82a14-702b-59f9-a42b-f488c2417a83,2026-10-03T04:52:55+00:00,e00e7187-552b-4a6a-9cba-4a317e253e87,401856716,2026,6,margin,DraftKings,1.500,1.500,-110.000,2.108,0.608,home,observed,2f5151950a0b,home
17d45d87-0ab3-5311-a5c1-2a834421b7bb,2026-10-03T04:52:55+00:00,e00e7187-552b-4a6a-9cba-4a317e253e87,401856716,2026,6,total,DraftKings,50.500,50.500,-110.000,46.764,-3.736,under,observed,d6d4061d19f7,under
bc0316af-9806-50b8-8617-48bc3b9b9baf,2026-10-03T04:52:55+00:00,e00e7187-552b-4a6a-9cba-4a317e253e87,401856717,2026,6,margin,DraftKings,-6.000,-9.500,-105.000,-1.623,7.877,home,observed,2f5151950a0b,home
3ffda88d-9a61-5617-8efb-93d011a50d33,2026-10-03T04:52:55+00:00,e00e7187-552b-4a6a-9cba-4a317e253e87,401856717,2026,6,total,DraftKings,48.500,41.500,-110.000,39.374,-2.126,under,observed,d6d4061d19f7,under
3ba86c0e-98cf-5f13-88cd-a895479ec041,2026-10-03T04:52:55+00:00,e00e7187-552b-4a6a-9cba-4a317e253e87,401858481,2026,6,margin,DraftKings,-9.500,-8.500,-110.000,-4.001,4.499,home,observed,2f5151950a0b,home
e045dc40-beff-5bdd-8a88-60ea26202439,2026-10-03T04:52:55+00:00,e00e7187-552b-4a6a-9cba-4a317e253e87,401858481,2026,6,total,DraftKings,50.500,50.500,-110.000,50.497,-0.003,under,observed,d6d4061d19f7,under
b35fba12-2bff-5eb7-a3eb-0f9bc2075985,2026-10-03T04:52:55+00:00,e00e7187-552b-4a6a-9cba-4a317e253e87,401858484,2026,6,margin,DraftKings,12.500,12.500,-110.000,17.758,5.258,home,observed,2f5151950a0b,home
4dd4183b-818c-5412-9bc7-4eead52dd92d,2026-10-03T04:52:55+00:00,e00e7187-552b-4a6a-9cba-4a317e253e87,401858484,2026,6,total,DraftKings,60.500,60.500,-110.000,50.988,-9.512,under,primary,d6d4061d19f7,under
34f8dc19-8cb7-54de-8d96-f69b745741af,2026-10-03T04:52:55+00:00,e00e7187-552b-4a6a-9cba-4a317e253e87,401858485,2026,6,margin,DraftKings,-1.500,1.500,-108.000,4.293,2.793,home,observed,2f5151950a0b,home
609de13d-9594-583b-a87a-259da04945e9,2026-10-03T04:52:55+00:00,e00e7187-552b-4a6a-9cba-4a317e253e87,401858485,2026,6,total,DraftKings,56.500,58.500,-110.000,51.632,-6.868,under,observed,d6d4061d19f7,under
1abd59fc-cda3-533d-85e9-da707fc01bdd,2026-10-03T20:37:41+00:00,5787a303-eec9-4ab7-b64a-81070eb3e48f,401871066,2026,6,margin,DraftKings,3.500,3.500,-110.000,4.363,0.863,home,observed,2f5151950a0b,home
9ec26995-22f2-5d80-9c36-9bce19f0a14c,2026-10-03T20:37:41+00:00,5787a303-eec9-4ab7-b64a-81070eb3e48f,401871066,2026,6,total,DraftKings,47.500,47.500,-110.000,51.275,3.775,over,observed,d6d4061d19f7,over
2abb97a6-ec33-5621-ac9a-68bb35d61e01,2026-10-04T03:37:38+00:00,958fe3d3-7703-4a83-93fc-005e85171268,401858254,2026,6,margin,DraftKings,7.500,7.500,-110.000,12.262,4.762,home,observed,2f5151950a0b,home
cfa4f67e-b05a-5bf9-92ac-298e9f309058,2026-10-04T03:37:38+00:00,958fe3d3-7703-4a83-93fc-005e85171268,401858254,2026,6,total,DraftKings,58.500,58.500,-110.000,58.648,0.148,over,observed,d6d4061d19f7,over
0cb1ea78-de7a-5fd8-b5d1-489d39403af1,2026-10-04T04:52:36+00:00,f5c21fde-9171-42bd-a845-1f19a1b2f32c,401858257,2026,6,margin,DraftKings,35.500,35.500,-110.000,28.817,-6.683,away,observed,2f5151950a0b,away
efd81e97-b5f0-529f-b315-3b6abb473d6e,2026-10-04T04:52:36+00:00,f5c21fde-9171-42bd-a845-1f19a1b2f32c,401858257,2026,6,total,DraftKings,55.500,55.500,-110.000,53.079,-2.421,under,observed,d6d4061d19f7,under
5bfd6c5c-b37d-5a4f-a150-e048038d34ec,2026-10-04T04:52:36+00:00,f5c21fde-9171-42bd-a845-1f19a1b2f32c,401858483,2026,6,margin,DraftKings,37.500,37.500,-110.000,23.285,-14.215,away,secondary,2f5151950a0b,away
e4e141cd-51f2-52e8-bc46-91b21f6bbc0f,2026-10-04T04:52:36+00:00,f5c21fde-9171-42bd-a845-1f19a1b2f32c,401858483,2026,6,total,DraftKings,54.500,55.500,-110.000,58.384,2.884,over,observed,d6d4061d19f7,over
3e5c19a7-b6bf-5069-8506-07cc2cb23c02,2026-10-04T05:52:41+00:00,9be5a4b1-98d6-4f5e-ae5d-16b7869f146d,401856718,2026,6,margin,DraftKings,-10.500,-10.500,-110.000,1.597,12.097,home,secondary,2f5151950a0b,home
16b7b5cd-8f0e-5d4c-b7ff-209f38d114a2,2026-10-04T05:52:41+00:00,9be5a4b1-98d6-4f5e-ae5d-16b7869f146d,401856718,2026,6,total,DraftKings,57.500,57.500,-110.000,59.347,1.847,over,observed,d6d4061d19f7,over
b449612e-ddbf-5cf8-85f1-e4785870a142,2026-10-04T14:07:38+00:00,d2db0d11-f473-44cc-9a6f-2e64f3a9d181,401869933,2026,6,margin,DraftKings,1.500,1.500,-105.000,4.709,3.209,home,observed,2f5151950a0b,home
25cf84f2-f884-5a77-99d9-e6d8dbc28ad0,2026-10-04T14:07:38+00:00,d2db0d11-f473-44cc-9a6f-2e64f3a9d181,401869933,2026,6,total,DraftKings,56.500,56.500,-110.000,56.677,0.177,over,observed,d6d4061d19f7,over
8d1730e4-84c2-563f-a6f0-f909caeea964,2026-10-04T14:07:38+00:00,d2db0d11-f473-44cc-9a6f-2e64f3a9d181,401870766,2026,6,margin,DraftKings,13.500,13.500,-110.000,12.528,-0.972,away,observed,2f5151950a0b,away
d6700014-2bd6-5a70-bb22-866c7ea7b268,2026-10-04T14:07:38+00:00,d2db0d11-f473-44cc-9a6f-2e64f3a9d181,401870766,2026,6,total,DraftKings,52.500,52.500,-110.000,52.216,-0.284,under,observed,d6d4061d19f7,under
20df209a-b230-5d1b-b72d-82b972ee0b73,2026-10-04T14:07:38+00:00,d2db0d11-f473-44cc-9a6f-2e64f3a9d181,401871052,2026,6,margin,DraftKings,-1.500,-1.500,-110.000,2.717,4.217,home,observed,2f5151950a0b,home
3ed7b321-c64e-5120-a99a-e1b70c83caa1,2026-10-04T14:07:38+00:00,d2db0d11-f473-44cc-9a6f-2e64f3a9d181,401871052,2026,6,total,DraftKings,56.500,56.500,-105.000,58.069,1.569,over,observed,d6d4061d19f7,over
8a451f98-3dbf-59e9-8b08-51a0a8e4d792,2026-10-04T14:22:38+00:00,9a5c77da-e19f-49f5-b3bc-e127da2cda90,401858260,2026,6,margin,DraftKings,-2.500,-2.500,-110.000,-3.340,-0.840,away,observed,2f5151950a0b,away
6e9da4e5-8a57-5d36-9049-b4480bc3edff,2026-10-04T14:22:38+00:00,9a5c77da-e19f-49f5-b3bc-e127da2cda90,401858260,2026,6,total,DraftKings,60.500,60.500,-110.000,48.472,-12.028,under,primary,d6d4061d19f7,under
09b2b380-98f9-5df2-a0a5-78dc0e146cdd,2026-10-04T14:22:38+00:00,9a5c77da-e19f-49f5-b3bc-e127da2cda90,401860922,2026,6,margin,DraftKings,3.000,3.000,-110.000,-3.895,-6.895,away,observed,2f5151950a0b,away
5cc874fe-9498-59b1-a428-47a03c6a2928,2026-10-04T14:22:38+00:00,9a5c77da-e19f-49f5-b3bc-e127da2cda90,401860922,2026,6,total,DraftKings,44.500,44.500,-110.000,45.633,1.133,over,observed,d6d4061d19f7,over
2c670f9e-3571-58e8-a156-3105b43e3e4e,2026-10-04T14:22:38+00:00,9a5c77da-e19f-49f5-b3bc-e127da2cda90,401862794,2026,6,margin,DraftKings,6.500,6.500,-110.000,0.251,-6.249,away,observed,2f5151950a0b,away
0c16796e-2e3c-52ca-a2f3-199267127da5,2026-10-04T14:22:38+00:00,9a5c77da-e19f-49f5-b3bc-e127da2cda90,401862794,2026,6,total,DraftKings,55.500,55.500,-110.000,55.474,-0.026,under,observed,d6d4061d19f7,under
0f38c7cf-cbd3-571e-aeaf-bc375f295201,2026-10-04T14:22:38+00:00,9a5c77da-e19f-49f5-b3bc-e127da2cda90,401862795,2026,6,margin,DraftKings,6.500,6.500,-110.000,7.139,0.639,home,observed,2f5151950a0b,home
0de7179d-0fa9-5cca-8467-4d44151e500e,2026-10-04T14:22:38+00:00,9a5c77da-e19f-49f5-b3bc-e127da2cda90,401862795,2026,6,total,DraftKings,44.500,44.500,-110.000,47.620,3.120,over,observed,d6d4061d19f7,over
c1b91e66-c417-509e-b34e-b06903e8fd68,2026-10-04T14:37:47+00:00,ab64603e-d7a7-443e-8338-8afa4eec6a15,401856823,2026,6,margin,DraftKings,-3.000,-3.000,-110.000,-17.396,-14.396,away,secondary,2f5151950a0b,away
35776cef-b555-58ef-9ecd-7b99e171bb4d,2026-10-04T14:37:47+00:00,ab64603e-d7a7-443e-8338-8afa4eec6a15,401856823,2026,6,total,DraftKings,58.500,58.500,-110.000,55.925,-2.575,under,observed,d6d4061d19f7,under
aba76aee-d8ec-5599-a62a-045dab28b39b,2026-10-04T14:37:47+00:00,ab64603e-d7a7-443e-8338-8afa4eec6a15,401856824,2026,6,margin,DraftKings,10.000,10.000,-110.000,3.977,-6.023,away,observed,2f5151950a0b,away
1d1adc5e-ab0a-5e87-bd2a-b192c80bb16d,2026-10-04T14:37:47+00:00,ab64603e-d7a7-443e-8338-8afa4eec6a15,401856824,2026,6,total,DraftKings,52.500,52.500,-110.000,50.249,-2.251,under,observed,d6d4061d19f7,under
df95f042-0093-5ae9-9b1f-3624b9105682,2026-10-04T14:37:47+00:00,ab64603e-d7a7-443e-8338-8afa4eec6a15,401858480,2026,6,margin,DraftKings,-3.000,-3.000,-115.000,-3.824,-0.824,away,observed,2f5151950a0b,away
3ad0cf14-a2ff-516a-a054-f5ec61ea9617,2026-10-04T14:37:47+00:00,ab64603e-d7a7-443e-8338-8afa4eec6a15,401858480,2026,6,total,DraftKings,50.500,51.500,-110.000,54.381,2.881,over,observed,d6d4061d19f7,over
08497b4a-2b85-5627-9f0e-b3d9ad441bc0,2026-10-04T14:37:47+00:00,ab64603e-d7a7-443e-8338-8afa4eec6a15,401858482,2026,6,margin,DraftKings,34.500,34.500,-110.000,15.334,-19.166,away,secondary,2f5151950a0b,away
a34539dd-df2f-5541-b74e-0b58dc84037f,2026-10-04T14:37:47+00:00,ab64603e-d7a7-443e-8338-8afa4eec6a15,401858482,2026,6,total,DraftKings,52.500,52.500,-110.000,47.995,-4.505,under,observed,d6d4061d19f7,under
ea5e6557-14c2-5a68-a1fc-abde681b3978,2026-10-04T14:37:47+00:00,ab64603e-d7a7-443e-8338-8afa4eec6a15,401866436,2026,6,margin,DraftKings,6.500,6.500,-110.000,4.347,-2.153,away,observed,2f5151950a0b,away
8ede5486-4651-5b74-9036-326012469830,2026-10-04T14:37:47+00:00,ab64603e-d7a7-443e-8338-8afa4eec6a15,401866436,2026,6,total,DraftKings,46.500,46.500,-110.000,45.524,-0.976,under,observed,d6d4061d19f7,under
57a4f622-f7bc-5bdf-b8a6-4b189fc176fa,2026-10-04T14:52:50+00:00,a0d2c02f-638c-4bfa-a265-e0f2c00b34a1,401866437,2026,6,margin,DraftKings,19.500,19.500,-110.000,20.902,1.402,home,observed,2f5151950a0b,home
61814ba2-1967-5b9b-8be1-8c041723f377,2026-10-04T14:52:50+00:00,a0d2c02f-638c-4bfa-a265-e0f2c00b34a1,401866437,2026,6,total,DraftKings,55.500,55.500,-118.000,48.945,-6.555,under,observed,d6d4061d19f7,under
fdb2d43f-1e9a-56be-bdee-c596a6b1c2e2,2026-10-04T14:52:50+00:00,a0d2c02f-638c-4bfa-a265-e0f2c00b34a1,401869843,2026,6,margin,DraftKings,5.500,5.500,-110.000,-3.599,-9.099,away,observed,2f5151950a0b,away
1b135f92-8110-5ec1-8b43-7b779ce3dff3,2026-10-04T14:52:50+00:00,a0d2c02f-638c-4bfa-a265-e0f2c00b34a1,401869843,2026,6,total,DraftKings,51.500,51.500,-110.000,49.723,-1.777,under,observed,d6d4061d19f7,under
c2e90cf7-d85b-55f1-a90b-ff29a956e5f5,2026-10-04T15:07:42+00:00,83d9cc68-1b5d-4abe-8d9c-b321446a2090,401858258,2026,6,margin,DraftKings,8.500,8.500,-110.000,9.161,0.661,home,observed,2f5151950a0b,home
93c15dee-e1e4-59bc-a4db-59e861eda273,2026-10-04T15:07:42+00:00,83d9cc68-1b5d-4abe-8d9c-b321446a2090,401858258,2026,6,total,DraftKings,50.500,50.500,-110.000,48.996,-1.504,under,observed,d6d4061d19f7,under
817437fd-35ae-58be-ade9-0a8e7bda69f1,2026-10-04T15:07:42+00:00,83d9cc68-1b5d-4abe-8d9c-b321446a2090,401866438,2026,6,margin,DraftKings,3.500,3.500,-110.000,7.802,4.302,home,observed,2f5151950a0b,home
fbceb5bd-85cf-5154-a296-d8bb16dd80da,2026-10-04T15:07:42+00:00,83d9cc68-1b5d-4abe-8d9c-b321446a2090,401866438,2026,6,total,DraftKings,48.500,48.500,-110.000,45.777,-2.723,under,observed,d6d4061d19f7,under
cd8e7c00-8644-5598-955e-248d8368a75a,2026-10-04T15:07:42+00:00,83d9cc68-1b5d-4abe-8d9c-b321446a2090,401869949,2026,6,margin,DraftKings,-10.000,-9.500,-110.000,-4.877,4.623,home,observed,2f5151950a0b,home
88dd1f8c-2f91-56d8-9e53-55673fd60de0,2026-10-04T15:07:42+00:00,83d9cc68-1b5d-4abe-8d9c-b321446a2090,401869949,2026,6,total,DraftKings,53.500,54.500,-110.000,51.239,-3.261,under,observed,d6d4061d19f7,under
301bc9dd-15ab-5cf2-bbaf-18b47a1edbe5,2026-10-04T15:22:39+00:00,da6e8a9a-d6e4-4623-8d3b-2adfac1f21f5,401856827,2026,6,margin,DraftKings,16.500,16.500,-110.000,12.866,-3.634,away,observed,2f5151950a0b,away
3263a4b4-8555-50e9-8df1-32484a421304,2026-10-04T15:22:39+00:00,da6e8a9a-d6e4-4623-8d3b-2adfac1f21f5,401856827,2026,6,total,DraftKings,52.500,52.500,-110.000,55.252,2.752,over,observed,d6d4061d19f7,over
e4fa29d7-8d74-5e02-a26d-39b7eb0e2355,2026-10-04T15:22:39+00:00,da6e8a9a-d6e4-4623-8d3b-2adfac1f21f5,401858255,2026,6,margin,DraftKings,-6.500,-6.500,-110.000,3.981,10.481,home,secondary,2f5151950a0b,home
325601f7-e904-557b-9813-c3f5144994ac,2026-10-04T15:22:39+00:00,da6e8a9a-d6e4-4623-8d3b-2adfac1f21f5,401858255,2026,6,total,DraftKings,50.500,50.500,-110.000,53.079,2.579,over,observed,d6d4061d19f7,over
dc44b7d0-f952-57db-8554-1083b17d3f72,2026-10-04T15:22:39+00:00,da6e8a9a-d6e4-4623-8d3b-2adfac1f21f5,401858259,2026,6,margin,DraftKings,-10.500,-10.500,-105.000,-7.431,3.069,home,observed,2f5151950a0b,home
eb273b7c-9eb5-559d-af5f-95a8ae98b845,2026-10-04T15:22:39+00:00,da6e8a9a-d6e4-4623-8d3b-2adfac1f21f5,401858259,2026,6,total,DraftKings,52.500,52.500,-110.000,52.123,-0.377,under,observed,d6d4061d19f7,under
d9fb792f-9d7c-5f11-a031-0e0710917fff,2026-10-04T15:22:39+00:00,da6e8a9a-d6e4-4623-8d3b-2adfac1f21f5,401858486,2026,6,margin,DraftKings,-4.500,-4.500,-110.000,3.220,7.720,home,observed,2f5151950a0b,home
dd707d25-f68c-5918-8d78-bc0e660adcc0,2026-10-04T15:22:39+00:00,da6e8a9a-d6e4-4623-8d3b-2adfac1f21f5,401858486,2026,6,total,DraftKings,49.500,49.500,-110.000,59.767,10.267,over,primary,d6d4061d19f7,over
48f9f6ea-befb-5f30-bc59-57859e438d3d,2026-10-04T15:22:39+00:00,da6e8a9a-d6e4-4623-8d3b-2adfac1f21f5,401862798,2026,6,margin,DraftKings,14.000,14.000,-110.000,9.515,-4.485,away,observed,2f5151950a0b,away
5966b1f6-a0ce-55c8-baea-abcc75329946,2026-10-04T15:22:39+00:00,da6e8a9a-d6e4-4623-8d3b-2adfac1f21f5,401862798,2026,6,total,DraftKings,59.500,59.500,-110.000,58.379,-1.121,under,observed,d6d4061d19f7,under
b6da7827-6257-5650-9337-66f6a0cbf311,2026-10-04T15:22:39+00:00,da6e8a9a-d6e4-4623-8d3b-2adfac1f21f5,401866435,2026,6,margin,DraftKings,-3.500,-3.500,-110.000,6.854,10.354,home,observed,2f5151950a0b,home
cd0deebd-b81a-50ee-879b-9265ce1069a5,2026-10-04T15:22:39+00:00,da6e8a9a-d6e4-4623-8d3b-2adfac1f21f5,401866435,2026,6,total,DraftKings,50.500,50.500,-110.000,51.883,1.383,over,observed,d6d4061d19f7,over
