effect,n,mean,sd,se,t,p,median,pre_kickoff,correlation
New head coach,1674,0.6485961768219832,15.737704509120352,0.3846481605535071,1.686206365548859,0.09194251218041181,0.5,True,
QB change (reference),1509,2.1022200132538105,15.617353196493601,0.40203402727649434,5.22896041286583,1.9438686876652625e-07,1.75,False,
Returning production edge,5680,1.0759818010660918,,,1.834930947055933,0.06656820541413501,,True,0.024344076507671578
Recruiting edge,5767,0.001788804243782443,,,0.33541722924906553,0.7373225776327337,,True,0.0044175499988513495
Roster talent edge,5756,-0.0005837503319824699,,,-0.5195283491732692,0.60341233240166,,True,-0.006848794514917804
Transfer QB,5778,-0.04722146638677871,,,-0.14672758884101755,0.8833521622530908,,False,-0.0019306225709425553
QB continuity edge (today's starter - post-hoc),5109,1.8743526349648771,,,4.008900042439475,6.187191470916334e-05,,False,0.0560092849854504
QB continuity edge (last game's - pre-kickoff),4586,-0.45270506469066735,,,-0.9493853918349705,0.34247468586296165,,True,-0.01402095346575038
Roster churn edge,5778,1.4418576716036748,,,0.7735730368455735,0.439214980199651,,True,0.01017806536087383
